id,name,address,lat,lng,category,subCategory,district,popular,iconName,somaliCategory
wda_core_station_waheen_1,Core Station Waheen 1,"Central business transit avenue near Hargeisa Main Bridge, Downtown Waheen, Hargeisa",9.562,44.06964,Transport & Terminals,transit_station,Downtown Waheen,True,Navigation,Istaannada & Gaadiidka
wda_taaj_commercial_branch,TAAJ Commercial Branch,"Opposite Oriental Hotel in downtown trading core, Downtown Waheen, Hargeisa",9.56066,44.06652,Banks & Financial,bank,Downtown Waheen,True,Landmark,Bangiyada & Xawaaladaha
wda_zaad_financial_branch,ZAAD Financial Branch,"Opposite City Center Hotel in central banking lane, Downtown Waheen, Hargeisa",9.56433,44.06821,Banks & Financial,bank,Downtown Waheen,True,Landmark,Bangiyada & Xawaaladaha
wda_khayriya_square_core_station,Khayriya Square Core Station,"Near historic Khayriya Square public assembly grounds, Downtown Waheen, Hargeisa",9.55986,44.06967,Transport & Terminals,transit_station,Downtown Waheen,True,Navigation,Istaannada & Gaadiidka
wda_cadaani_marketplace_node,Cadaani Marketplace Node,"Center of Waheen traditional retail market area, Downtown Waheen, Hargeisa",9.56253,44.06494,Markets & Malls,mall,Downtown Waheen,True,ShoppingBag,Suuqyada & Xarumaha Ganacsiga
wda_somtel_commercial_center,Somtel Commercial Center,"Waheen Commercial Center primary service hub, Downtown Waheen, Hargeisa",9.56384,44.07093,Corporate & Utilities,corporate,Downtown Waheen,True,Building2,Shirkadaha & Isgaadhsiinta
wda_sompower_central_administration,Sompower Central Administration,"Ali Gobannimo Building electricity customer center, Downtown Waheen, Hargeisa",9.55835,44.067,Corporate & Utilities,utility,Downtown Waheen,True,Zap,Korontada & Biyaha
wda_ali_matan_mosque,Ali Matan Mosque,"Famous four-story congregational historical mosque downtown, Downtown Waheen, Hargeisa",9.56568,44.06606,Mosques (Masaajidda),place_of_worship,Downtown Waheen,True,Moon,Masaajidda
wda_jama_mosque_central,Jama Mosque Central,"Main central mosque near central marketplace avenues, Downtown Waheen, Hargeisa",9.56045,44.07229,Mosques (Masaajidda),place_of_worship,Downtown Waheen,True,Moon,Masaajidda
wda_dahabshiil_bank_hq_branch_1,Dahabshiil Bank HQ - Branch 1,"Dahabshiil International Bank Main Corporate Tower, Downtown Waheen, Hargeisa",9.56014,44.06344,Banks & Financial,bank,Downtown Waheen,True,Landmark,Bangiyada & Xawaaladaha
wda_premier_bank_hq_branch_1,Premier Bank HQ - Branch 1,"Premier Bank Corporate Headquarters, opposite Dahabshiil, Downtown Waheen, Hargeisa",9.56673,44.07025,Banks & Financial,bank,Downtown Waheen,True,Landmark,Bangiyada & Xawaaladaha
wda_salaam_somaliland_bank_hq_branch_1,Salaam Somaliland Bank HQ - Branch 1,"Salaam Bank Corporate Headquarters, Main Marketplace corridor, Downtown Waheen, Hargeisa",9.55667,44.0697,Banks & Financial,bank,Downtown Waheen,True,Landmark,Bangiyada & Xawaaladaha
wda_central_bank_of_somaliland,Central Bank of Somaliland,"National Central Bank Complex adjacent to Hargeisa Municipality, Downtown Waheen, Hargeisa",9.56498,44.06278,Banks & Financial,bank,Downtown Waheen,True,Landmark,Bangiyada & Xawaaladaha
wda_waheen_supermarket_branch_1,Waheen Supermarket - Branch 1,"Waheen Central Grocery Supermarket, Market Hub, Downtown Waheen, Hargeisa",9.56335,44.07425,Markets & Malls,mall,Downtown Waheen,True,ShoppingBag,Suuqyada & Xarumaha Ganacsiga
wda_city_center_mall,City Center Mall,"Multi-Story Commercial Shopping Center downtown, Downtown Waheen, Hargeisa",9.55655,44.06411,Markets & Malls,mall,Downtown Waheen,True,ShoppingBag,Suuqyada & Xarumaha Ganacsiga
wda_al_nuor_shopping_center,Al-Nuor Shopping Center,"Al-Nuor Retail Plaza building, opposite Khayriya Square, Downtown Waheen, Hargeisa",9.56897,44.06708,Markets & Malls,mall,Downtown Waheen,True,ShoppingBag,Suuqyada & Xarumaha Ganacsiga
wda_manhal_hospital_branch_2,Manhal Hospital - Branch 2,"Manhal Medical Plaza, Market Street near Ali Matan, Downtown Waheen, Hargeisa",9.55724,44.07373,Hospitals & Healthcare,hospital,Downtown Waheen,True,HeartPulse,Cusbitaallada & Rugaha Caafimaadka
wda_abaarso_tech_university_city_campus,Abaarso Tech University - City Campus,"Abaarso Tech Downtown Academic Center near Oriental Hotel, Downtown Waheen, Hargeisa",9.56168,44.06015,Schools & Universities,university,Downtown Waheen,True,GraduationCap,Jaamacadaha & Kuliyadaha
wda_downtown_central_bus_stop_loop,Downtown Central Bus Stop Loop,"Urban Core Intra-City Mini-Bus Terminal, Khayriya Junction, Downtown Waheen, Hargeisa",9.56772,44.07383,Transport & Terminals,transit_station,Downtown Waheen,True,Navigation,Istaannada & Gaadiidka
wda_hargeisa_municipality_headquarters,Hargeisa Municipality Headquarters,"Local Government Council Main Building, Downtown Waheen, Hargeisa",9.55354,44.0676,Government & Civic,government,Downtown Waheen,True,Landmark,Hay'adaha Dowladda
wda_oriental_hotel_historical_landmark,Oriental Hotel Historical Landmark,"Historical Center Landmark, Main Market Road, Downtown Hargeisa, Downtown Waheen, Hargeisa",9.56878,44.06226,Hotels & Hospitality,hotel,Downtown Waheen,True,Hotel,Huteellada & Martida
wda_central_police_station_hq,Central Police Station HQ,"Main Police Command Center, Downtown Crossroad, Downtown Waheen, Hargeisa",9.56077,44.07724,Government & Civic,government,Downtown Waheen,True,Landmark,Hay'adaha Dowladda
wda_core_station_jigjiga_yar,Core Station Jigjiga Yar,"Main neighborhood connection hub near Dhaweeye building zone, Jigjiga Yar, Hargeisa",9.578,44.03706,Transport & Terminals,transit_station,Jigjiga Yar,True,Navigation,Istaannada & Gaadiidka
wda_deero_mall_complex,Deero Mall Complex,"Jigjiga Yar District Main Intersection and retail plaza, Jigjiga Yar, Hargeisa",9.57639,44.03321,Markets & Malls,mall,Jigjiga Yar,True,ShoppingBag,Suuqyada & Xarumaha Ganacsiga
wda_guryo_same_mall_center,Guryo-Same Mall Center,"Jigjiga Yar Corporate Commercial Strip and shopping zone, Jigjiga Yar, Hargeisa",9.58074,44.03524,Markets & Malls,mall,Jigjiga Yar,True,ShoppingBag,Suuqyada & Xarumaha Ganacsiga
wda_somtel_jigjiga_yar_office,Somtel Jigjiga Yar Office,"Main Jigjiga Yar Artery customer support center, Jigjiga Yar, Hargeisa",9.57553,44.03692,Corporate & Utilities,corporate,Jigjiga Yar,True,Building2,Shirkadaha & Isgaadhsiinta
wda_sompower_north_ridge_substation,Sompower North Ridge Substation,"Jigjiga Yar electrical grid operation sub-hub, Jigjiga Yar, Hargeisa",9.5786,44.03154,Corporate & Utilities,utility,Jigjiga Yar,True,Zap,Korontada & Biyaha
wda_masjid_al_rawda,Masjid Al-Rawda,"Jigjiga Yar Main Road prominent congregational mosque, Jigjiga Yar, Hargeisa",9.58006,44.03828,Mosques (Masaajidda),place_of_worship,Jigjiga Yar,True,Moon,Masaajidda
wda_jigjiga_yar_masjid,Jigjiga Yar Masjid,"Jigjiga Yar residential area central mosque building, Jigjiga Yar, Hargeisa",9.57395,44.0339,Mosques (Masaajidda),place_of_worship,Jigjiga Yar,True,Moon,Masaajidda
wda_gargaar_hospital_branch_2,Gargaar Hospital - Branch 2,"Gargaar Hospital Emergency Clinic near Deero Mall, Jigjiga Yar, Hargeisa",9.58204,44.03287,Hospitals & Healthcare,hospital,Jigjiga Yar,True,HeartPulse,Cusbitaallada & Rugaha Caafimaadka
wda_haldor_hospital,Haldor Hospital,"Haldor Specialist Medical Center, Jigjiga Yar Main Road, Jigjiga Yar, Hargeisa",9.57632,44.03968,Hospitals & Healthcare,hospital,Jigjiga Yar,True,HeartPulse,Cusbitaallada & Rugaha Caafimaadka
wda_frantz_fanon_university,Frantz Fanon University,"Frantz Fanon Medical University Campus, behind Deero Mall, Jigjiga Yar, Hargeisa",9.57599,44.03006,Schools & Universities,university,Jigjiga Yar,True,GraduationCap,Jaamacadaha & Kuliyadaha
wda_dahabshiil_bank_branch_2,Dahabshiil Bank - Branch 2,"Dahabshiil Commercial Branch near Guryo-Same Mall, Jigjiga Yar, Hargeisa",9.5831,44.03742,Banks & Financial,bank,Jigjiga Yar,True,Landmark,Bangiyada & Xawaaladaha
wda_salaam_somaliland_bank_branch_3,Salaam Somaliland Bank - Branch 3,"Salaam Bank Sub-Branch Office, retail storefront strip, Jigjiga Yar, Hargeisa",9.57228,44.03682,Banks & Financial,bank,Jigjiga Yar,True,Landmark,Bangiyada & Xawaaladaha
wda_waheen_supermarket_branch_2,Waheen Supermarket - Branch 2,"Waheen Express Grocery Branch, Maansoor Hotel Ridge road, Jigjiga Yar, Hargeisa",9.58118,44.02943,Markets & Malls,mall,Jigjiga Yar,True,ShoppingBag,Suuqyada & Xarumaha Ganacsiga
wda_jigjiga_yar_local_bus_loop_terminal,Jigjiga Yar Local Bus Loop Terminal,"Intra-city route turnaround point, adjacent to Deero Mall, Jigjiga Yar, Hargeisa",9.57944,44.04165,Transport & Terminals,transit_station,Jigjiga Yar,True,Navigation,Istaannada & Gaadiidka
wda_hass_petroleum_jigjiga_yar,Hass Petroleum Jigjiga Yar,"Jigjiga Yar District Main Fuel Hub and petrol stop, Jigjiga Yar, Hargeisa",9.57221,44.03088,Fuel Stations (Kaalmaha Shidaalka),fuel,Jigjiga Yar,True,Fuel,Kaalmaha Shidaalka
wda_national_fuel_station_2,National Fuel Station 2,"Jigjiga Yar Road 1 Patrol Station and pooling point, Jigjiga Yar, Hargeisa",9.58537,44.03403,Fuel Stations (Kaalmaha Shidaalka),fuel,Jigjiga Yar,True,Fuel,Kaalmaha Shidaalka
wda_admas_university_jigjiga_yar_annex,Admas University - Jigjiga Yar Annex,"Admas Postgraduate Center near Guryo-Same Mall, Jigjiga Yar, Hargeisa",9.57298,44.04104,Schools & Universities,university,Jigjiga Yar,True,GraduationCap,Jaamacadaha & Kuliyadaha
wda_blue_sky_academy,Blue Sky Academy,"Blue Sky Private Academy, western residential ridge zone, Jigjiga Yar, Hargeisa",9.57766,44.02674,Schools & Universities,school,Jigjiga Yar,True,GraduationCap,Dugsiyada & Waxbarashada
wda_jigjiga_yar_shopping_center,Jigjiga Yar Shopping Center,"Local community grocery and dry goods storefront cluster, Jigjiga Yar, Hargeisa",9.58401,44.04112,Markets & Malls,mall,Jigjiga Yar,True,ShoppingBag,Suuqyada & Xarumaha Ganacsiga
wda_maansoor_hotel_conference_grounds,Maansoor Hotel & Conference Grounds,"Grand premier hotel and conference resort on northern ridge, Jigjiga Yar, Hargeisa",9.56914,44.03458,Hotels & Hospitality,hotel,Jigjiga Yar,True,Hotel,Huteellada & Martida
wda_somgas_hub_jigjiga_yar,SomGas Hub Jigjiga Yar,"Jigjiga Yar Main Line cooking gas and fuel station, Jigjiga Yar, Hargeisa",9.58509,44.029,Fuel Stations (Kaalmaha Shidaalka),fuel,Jigjiga Yar,True,Fuel,Kaalmaha Shidaalka
wda_xero_awr_core_station,Xero Awr Core Station,"Ahmed Dhagah Primary School Area primary collection hub, Ahmed Dhagax, Hargeisa",9.555,44.05247,Transport & Terminals,transit_station,Ahmed Dhagax,True,Navigation,Istaannada & Gaadiidka
wda_district_core_station_ahmed_dhagax,District Core Station Ahmed Dhagax,"Edna Adan Hospital Building tracking station axis, Ahmed Dhagax, Hargeisa",9.55311,44.04791,Transport & Terminals,transit_station,Ahmed Dhagax,True,Navigation,Istaannada & Gaadiidka
wda_isha_boorama_west_gate_node,Isha Boorama West Gate Node,"Gargaar Fuel Station Area outbound transport platform, Ahmed Dhagax, Hargeisa",9.55814,44.05028,Transport & Terminals,transit_station,Ahmed Dhagax,True,Navigation,Istaannada & Gaadiidka
wda_somtel_west_side_office,Somtel West Side Office,"Ahmed Dhagax District Service Branch operations, Ahmed Dhagax, Hargeisa",9.55221,44.05217,Corporate & Utilities,corporate,Ahmed Dhagax,True,Building2,Shirkadaha & Isgaadhsiinta
wda_sompower_west_sector_distribution,Sompower West Sector Distribution,"Xero Awr Regional Substation power network base, Ahmed Dhagax, Hargeisa",9.55567,44.04613,Corporate & Utilities,utility,Ahmed Dhagax,True,Zap,Korontada & Biyaha
wda_masjidka_xero_awr,Masjidka Xero Awr,"Ahmed Dhagax District, adjacent to the local primary school, Ahmed Dhagax, Hargeisa",9.55727,44.05362,Mosques (Masaajidda),place_of_worship,Ahmed Dhagax,True,Moon,Masaajidda
wda_masjid_sh_madar,Masjid Sh. Madar,"Historical mosque grounds located in southern Ahmed Dhagax, Ahmed Dhagax, Hargeisa",9.55056,44.04879,Mosques (Masaajidda),place_of_worship,Ahmed Dhagax,True,Moon,Masaajidda
wda_edna_adan_university_hospital,Edna Adan University Hospital,"Edna Adan Hospital Core Grounds, primary maternity center, Ahmed Dhagax, Hargeisa",9.5594,44.04768,Hospitals & Healthcare,hospital,Ahmed Dhagax,True,HeartPulse,Cusbitaallada & Rugaha Caafimaadka
wda_darul_shifa_hospital,Darul Shifa Hospital,"Darul Shifa Private Hospital near Xero Awr Road, Ahmed Dhagax, Hargeisa",9.55318,44.05506,Hospitals & Healthcare,hospital,Ahmed Dhagax,True,HeartPulse,Cusbitaallada & Rugaha Caafimaadka
wda_eelo_university_hargeisa,Eelo University Hargeisa,"Eelo Engineering and Technical Campus, Isha Boorama road, Ahmed Dhagax, Hargeisa",9.55283,44.04468,Schools & Universities,university,Ahmed Dhagax,True,GraduationCap,Jaamacadaha & Kuliyadaha
wda_ahmed_dhagah_primary_school,Ahmed Dhagah Primary School,"Ahmed Dhagah Core Public Primary School Facility, Ahmed Dhagax, Hargeisa",9.56047,44.05259,Schools & Universities,school,Ahmed Dhagax,True,GraduationCap,Dugsiyada & Waxbarashada
wda_boorama_regional_bus_terminal,Boorama Regional Bus Terminal,"Main Long-Distance Western Transport Terminal, Isha Boorama, Ahmed Dhagax, Hargeisa",9.5489,44.05194,Transport & Terminals,transit_station,Ahmed Dhagax,True,Navigation,Istaannada & Gaadiidka
wda_shiine_fuel_station,Shiine Fuel Station,"Xero Awr / Hero Awr Road Petrol Station landmark, Ahmed Dhagax, Hargeisa",9.55839,44.04407,Fuel Stations (Kaalmaha Shidaalka),fuel,Ahmed Dhagax,True,Fuel,Kaalmaha Shidaalka
wda_boqol_jire_fuel_station,Boqol Jire Fuel Station,"West Side Highway Patrol Station tracking node, Ahmed Dhagax, Hargeisa",9.55653,44.05705,Fuel Stations (Kaalmaha Shidaalka),fuel,Ahmed Dhagax,True,Fuel,Kaalmaha Shidaalka
wda_isgoyska_xero_awr_iyo_edna,Isgoyska Xero Awr iyo Edna,"Main corridor intermediate connector junction between school and hospital, Ahmed Dhagax, Hargeisa",9.54888,44.04564,Transport & Terminals,transit_station,Ahmed Dhagax,True,Navigation,Istaannada & Gaadiidka
wda_masjidka_reer_sheekh,Masjidka Reer Sheekh,"Corridor community mosque providing midway pooling overlap, Ahmed Dhagax, Hargeisa",9.56277,44.04898,Mosques (Masaajidda),place_of_worship,Ahmed Dhagax,True,Moon,Masaajidda
wda_suuqa_khdaarta_ee_ahmed_dhagax,Suuqa Khdaarta ee Ahmed Dhagax,"Local neighborhood market strip sitting along the connector corridor, Ahmed Dhagax, Hargeisa",9.54972,44.05636,Markets & Malls,mall,Ahmed Dhagax,True,ShoppingBag,Suuqyada & Xarumaha Ganacsiga
wda_dahabshiil_bank_ahmed_dhagax_branch,Dahabshiil Bank - Ahmed Dhagax Branch,"Retail banking and remittance branch on the western artery, Ahmed Dhagax, Hargeisa",9.55465,44.04133,Banks & Financial,bank,Ahmed Dhagax,True,Landmark,Bangiyada & Xawaaladaha
wda_daloodho_150_strip_core,Daloodho 150 Strip Core,"150 Highway road center tracking terminal, 150 Highway, Hargeisa",9.5815,44.05488,Transport & Terminals,transit_station,150 Highway,True,Navigation,Istaannada & Gaadiidka
wda_iman_center_150_node,Iman Center 150 Node,"150 fuel station Area central pooling node, 150 Highway, Hargeisa",9.57934,44.04961,Transport & Terminals,transit_station,150 Highway,True,Navigation,Istaannada & Gaadiidka
wda_somtel_150_highway_terminal,Somtel 150 Highway Terminal,"150 Road Commercial Strip customer service office, 150 Highway, Hargeisa",9.58504,44.05232,Corporate & Utilities,corporate,150 Highway,True,Building2,Shirkadaha & Isgaadhsiinta
wda_manhal_hospital_branch_1,Manhal Hospital - Branch 1,"Manhal Main Specialist Center near 150 Highway, 150 Highway, Hargeisa",9.57839,44.05442,Hospitals & Healthcare,hospital,150 Highway,True,HeartPulse,Cusbitaallada & Rugaha Caafimaadka
wda_somali_german_hospital,Somali German Hospital,"150 Highway medical emergency specialized wing, 150 Highway, Hargeisa",9.58225,44.04773,Hospitals & Healthcare,hospital,150 Highway,True,HeartPulse,Cusbitaallada & Rugaha Caafimaadka
wda_hass_petroleum_150_highway,Hass Petroleum 150 Highway,"Major 24/7 service station and convenience mart on 150 corridor, 150 Highway, Hargeisa",9.58399,44.05597,Fuel Stations (Kaalmaha Shidaalka),fuel,150 Highway,True,Fuel,Kaalmaha Shidaalka
wda_national_fuel_station_1,National Fuel Station 1,"150 Highway East Bound petrol and diesel hub, 150 Highway, Hargeisa",9.57667,44.05068,Fuel Stations (Kaalmaha Shidaalka),fuel,150 Highway,True,Fuel,Kaalmaha Shidaalka
wda_red_sea_petroleum_150,Red Sea Petroleum 150,"150 Highway central line petrol station, 150 Highway, Hargeisa",9.58626,44.04949,Fuel Stations (Kaalmaha Shidaalka),fuel,150 Highway,True,Fuel,Kaalmaha Shidaalka
wda_mubarak_fuel_station,Mubarak Fuel Station,"150 Highway eastern exit fueling and maintenance station, 150 Highway, Hargeisa",9.57954,44.05745,Fuel Stations (Kaalmaha Shidaalka),fuel,150 Highway,True,Fuel,Kaalmaha Shidaalka
wda_ilays_primary_secondary_school,Ilays Primary & Secondary School,"Modern private schooling facility on the 150 Highway corridor, 150 Highway, Hargeisa",9.57918,44.0463,Schools & Universities,school,150 Highway,True,GraduationCap,Dugsiyada & Waxbarashada
wda_150_highway_central_interchange,150 Highway Central Interchange,"Key junction connecting 150 Highway with northern arteries, 150 Highway, Hargeisa",9.58733,44.05477,Transport & Terminals,transit_station,150 Highway,True,Navigation,Istaannada & Gaadiidka
wda_masjidka_al_huda_150,Masjidka Al-Huda 150,"Large highway congregational mosque with spacious parking, 150 Highway, Hargeisa",9.57501,44.05406,Mosques (Masaajidda),place_of_worship,150 Highway,True,Moon,Masaajidda
wda_hargeisa_group_hospital,Hargeisa Group Hospital,"Main Public Referral Hospital, Sha'ab Area near Ministry of Health, Shaab / Institutional District, Hargeisa",9.559,44.05992,Hospitals & Healthcare,hospital,Shaab / Institutional District,True,HeartPulse,Cusbitaallada & Rugaha Caafimaadka
wda_admas_university_main_campus,Admas University Main Campus,"Admas Main Campus, Sha'ab Area near Hargeisa Stadium, Shaab / Institutional District, Hargeisa",9.55748,44.05632,Schools & Universities,university,Shaab / Institutional District,True,GraduationCap,Jaamacadaha & Kuliyadaha
wda_the_presidential_palace_madaxtooyad,The Presidential Palace (Madaxtooyada),"State House Security Zone, Presidential Road, Shaab / Institutional District, Hargeisa",9.5616,44.05823,Government & Civic,government,Shaab / Institutional District,True,Landmark,Hay'adaha Dowladda
wda_ministry_of_finance_headquarters,Ministry of Finance Headquarters,"Government Compound, Sha'ab West Entrance, Shaab / Institutional District, Hargeisa",9.55664,44.05983,Government & Civic,government,Shaab / Institutional District,True,Landmark,Hay'adaha Dowladda
wda_somaliland_parliament_house,Somaliland Parliament House,"Legislative Assembly Grounds, Sha'ab Upper District, Shaab / Institutional District, Hargeisa",9.55958,44.05467,Government & Civic,government,Shaab / Institutional District,True,Landmark,Hay'adaha Dowladda
wda_ministry_of_health_somaliland,Ministry of Health Somaliland,"Central Health Ministry Compound opposite Group Hospital, Shaab / Institutional District, Hargeisa",9.56098,44.06116,Government & Civic,government,Shaab / Institutional District,True,Landmark,Hay'adaha Dowladda
wda_ministry_of_education_science,Ministry of Education & Science,"National Education Headquarters, Shaab Civic Avenue, Shaab / Institutional District, Hargeisa",9.55508,44.05693,Government & Civic,government,Shaab / Institutional District,True,Landmark,Hay'adaha Dowladda
wda_hargeisa_national_stadium_complex,Hargeisa National Stadium Complex,"National Sports Stadium and Youth Pavilion, Sha'ab Border, Shaab / Institutional District, Hargeisa",9.56292,44.05594,Government & Civic,government,Shaab / Institutional District,True,Landmark,Hay'adaha Dowladda
wda_sompower_sha_ab_regional_station,Sompower Sha'ab Regional Station,"Sha'ab Institutional Area primary electrical control center, Shaab / Institutional District, Hargeisa",9.55736,44.06255,Corporate & Utilities,utility,Shaab / Institutional District,True,Zap,Korontada & Biyaha
wda_somtel_madaxtooyada_branch,Somtel Madaxtooyada Branch,"Presidential Road customer service center, Shaab / Institutional District, Hargeisa",9.55704,44.05319,Corporate & Utilities,corporate,Shaab / Institutional District,True,Building2,Shirkadaha & Isgaadhsiinta
wda_imperial_hotel_sha_ab,Imperial Hotel Sha'ab,"Diplomatic hotel and suites near Sha'ab ministries, Shaab / Institutional District, Hargeisa",9.56398,44.06036,Hotels & Hospitality,hotel,Shaab / Institutional District,True,Hotel,Huteellada & Martida
wda_masjidka_sha_abka,Masjidka Sha'abka,"Prominent civil servants and institutional community mosque, Shaab / Institutional District, Hargeisa",9.55341,44.05978,Mosques (Masaajidda),place_of_worship,Shaab / Institutional District,True,Moon,Masaajidda
wda_maxamed_mooge_core_station,Maxamed Mooge Core Station,"Maxamed Mooge District main minibus terminus and taxi stand, Maxamed Mooge, Hargeisa",9.519,44.10501,Transport & Terminals,transit_station,Maxamed Mooge,True,Navigation,Istaannada & Gaadiidka
wda_masjidka_weyn_ee_maxamed_mooge,Masjidka Weyn ee Maxamed Mooge,"Grand congregational mosque in center of Maxamed Mooge, Maxamed Mooge, Hargeisa",9.51675,44.09951,Mosques (Masaajidda),place_of_worship,Maxamed Mooge,True,Moon,Masaajidda
wda_cusbitaalka_maxamed_mooge,Cusbitaalka Maxamed Mooge,"Community general hospital and maternity clinic, Maxamed Mooge, Hargeisa",9.52268,44.10233,Hospitals & Healthcare,hospital,Maxamed Mooge,True,HeartPulse,Cusbitaallada & Rugaha Caafimaadka
wda_dugsiga_sare_ee_maxamed_mooge,Dugsiga Sare ee Maxamed Mooge,"Main public secondary school serving southern Hargeisa, Maxamed Mooge, Hargeisa",9.51578,44.1045,Schools & Universities,school,Maxamed Mooge,True,GraduationCap,Dugsiyada & Waxbarashada
wda_suuqa_maxamed_mooge,Suuqa Maxamed Mooge,"Bustling district bazaar and retail grocery market, Maxamed Mooge, Hargeisa",9.51977,44.09759,Markets & Malls,mall,Maxamed Mooge,True,ShoppingBag,Suuqyada & Xarumaha Ganacsiga
wda_kaalinta_shidaalka_hass_maxamed_moo,Kaalinta Shidaalka Hass Maxamed Mooge,"Hass Petroleum southern highway service station, Maxamed Mooge, Hargeisa",9.52156,44.10608,Fuel Stations (Kaalmaha Shidaalka),fuel,Maxamed Mooge,True,Fuel,Kaalmaha Shidaalka
wda_dahabshiil_maxamed_mooge_branch,Dahabshiil Maxamed Mooge Branch,"Banking, remittance and ZAAD cash-in center, Maxamed Mooge, Hargeisa",9.51404,44.10065,Banks & Financial,bank,Maxamed Mooge,True,Landmark,Bangiyada & Xawaaladaha
wda_somtel_maxamed_mooge_service_center,Somtel Maxamed Mooge Service Center,"Customer care and e-Dahab support office, Maxamed Mooge, Hargeisa",9.52388,44.09943,Corporate & Utilities,corporate,Maxamed Mooge,True,Building2,Shirkadaha & Isgaadhsiinta
wda_isgoyska_maxamed_mooge_iyo_airport,Isgoyska Maxamed Mooge iyo Airport,"Strategic crossroad linking to Egal Airport highway, Maxamed Mooge, Hargeisa",9.51699,44.10758,Transport & Terminals,transit_station,Maxamed Mooge,True,Navigation,Istaannada & Gaadiidka
wda_new_hargeisa_central_station,New Hargeisa Central Station,"Eastern expressway entrance terminus, New Hargeisa, Hargeisa",9.554,44.0976,Transport & Terminals,transit_station,New Hargeisa,True,Navigation,Istaannada & Gaadiidka
wda_masjidka_new_hargeisa,Masjidka New Hargeisa,"Community Friday mosque in central New Hargeisa, New Hargeisa, Hargeisa",9.55202,44.09281,Mosques (Masaajidda),place_of_worship,New Hargeisa,True,Moon,Masaajidda
wda_gargaar_hospital_main_branch,Gargaar Hospital Main Branch,"Multi-specialty surgical and clinical hospital, New Hargeisa, Hargeisa",9.55728,44.09529,Hospitals & Healthcare,hospital,New Hargeisa,True,HeartPulse,Cusbitaallada & Rugaha Caafimaadka
wda_gollis_university_main_campus,Gollis University Main Campus,"Premier university campus with engineering and ICT faculties, New Hargeisa, Hargeisa",9.5511,44.09725,Schools & Universities,university,New Hargeisa,True,GraduationCap,Jaamacadaha & Kuliyadaha
wda_new_hargeisa_shopping_plaza,New Hargeisa Shopping Plaza,"Commercial center with grocery stores and boutiques, New Hargeisa, Hargeisa",9.5547,44.091,Markets & Malls,mall,New Hargeisa,True,ShoppingBag,Suuqyada & Xarumaha Ganacsiga
wda_total_petroleum_new_hargeisa,Total Petroleum New Hargeisa,"Modern petrol station with car wash on eastern corridor, New Hargeisa, Hargeisa",9.55635,44.09874,Fuel Stations (Kaalmaha Shidaalka),fuel,New Hargeisa,True,Fuel,Kaalmaha Shidaalka
wda_premier_bank_new_hargeisa_branch,Premier Bank New Hargeisa Branch,"Full service retail and business banking center, New Hargeisa, Hargeisa",9.54943,44.09375,Banks & Financial,bank,New Hargeisa,True,Landmark,Bangiyada & Xawaaladaha
wda_sompower_east_district_office,Sompower East District Office,"East Hargeisa electrical network station, New Hargeisa, Hargeisa",9.55852,44.09262,Corporate & Utilities,utility,New Hargeisa,True,Zap,Korontada & Biyaha
wda_daami_market_square_station,Daami Market Square Station,"Central transport loop in Daami district, Daami, Hargeisa",9.575,44.08419,Transport & Terminals,transit_station,Daami,True,Navigation,Istaannada & Gaadiidka
wda_masjidka_daami,Masjidka Daami,"Historical neighborhood mosque and Quranic academy, Daami, Hargeisa",9.5733,44.08011,Mosques (Masaajidda),place_of_worship,Daami,True,Moon,Masaajidda
wda_rugta_caafimaadka_ee_daami,Rugta Caafimaadka ee Daami,"Primary maternal and child health clinic, Daami, Hargeisa",9.57787,44.08226,Hospitals & Healthcare,hospital,Daami,True,HeartPulse,Cusbitaallada & Rugaha Caafimaadka
wda_dugsiga_hoose_ee_daami,Dugsiga Hoose ee Daami,"Community primary and intermediate public school, Daami, Hargeisa",9.57243,44.084,Schools & Universities,school,Daami,True,GraduationCap,Dugsiyada & Waxbarashada
wda_suuqa_daami_ee_khdaarta,Suuqa Daami ee Khdaarta,"Fresh produce and commodity morning market, Daami, Hargeisa",9.57563,44.0784,Markets & Malls,mall,Daami,True,ShoppingBag,Suuqyada & Xarumaha Ganacsiga
wda_kaalinta_shidaalka_al_xaramayn,Kaalinta Shidaalka Al-Xaramayn,"Reliable fuel and auto services along northern branch, Daami, Hargeisa",9.57713,44.08539,Fuel Stations (Kaalmaha Shidaalka),fuel,Daami,True,Fuel,Kaalmaha Shidaalka
wda_faraska_cad_station_shiraaqle,Faraska Cad Station Shiraaqle,"Famous landmark statue and major eastern junction, Shiraaqle, Hargeisa",9.563,44.10447,Transport & Terminals,transit_station,Shiraaqle,True,Navigation,Istaannada & Gaadiidka
wda_masjidka_shiraaqle,Masjidka Shiraaqle,"Central mosque of Shiraaqle community, Shiraaqle, Hargeisa",9.56111,44.09991,Mosques (Masaajidda),place_of_worship,Shiraaqle,True,Moon,Masaajidda
wda_cusbitaalka_shiraaqle,Cusbitaalka Shiraaqle,"Specialized clinic and diagnostic laboratory, Shiraaqle, Hargeisa",9.56614,44.10228,Hospitals & Healthcare,hospital,Shiraaqle,True,HeartPulse,Cusbitaallada & Rugaha Caafimaadka
wda_dugsiga_sare_ee_shiraaqle,Dugsiga Sare ee Shiraaqle,"Prominent secondary education institute, Shiraaqle, Hargeisa",9.56021,44.10417,Schools & Universities,school,Shiraaqle,True,GraduationCap,Dugsiyada & Waxbarashada
wda_kaalinta_shidaalka_faraska_cad,Kaalinta Shidaalka Faraska Cad,"Large petrol hub at the eastern entrance to the city, Shiraaqle, Hargeisa",9.56367,44.09813,Fuel Stations (Kaalmaha Shidaalka),fuel,Shiraaqle,True,Fuel,Kaalmaha Shidaalka
wda_dahabshiil_shiraaqle_branch,Dahabshiil Shiraaqle Branch,"Remittance and bank service hub for eastern residents, Shiraaqle, Hargeisa",9.56527,44.10562,Banks & Financial,bank,Shiraaqle,True,Landmark,Bangiyada & Xawaaladaha
wda_koodbuur_district_office_terminal,Koodbuur District Office Terminal,"Sub-city municipal admin and transport hub, Koodbuur, Hargeisa",9.574,44.04533,Transport & Terminals,transit_station,Koodbuur,True,Navigation,Istaannada & Gaadiidka
wda_masjidka_koodbuur,Masjidka Koodbuur,"Main neighborhood congregational mosque, Koodbuur, Hargeisa",9.5722,44.04101,Mosques (Masaajidda),place_of_worship,Koodbuur,True,Moon,Masaajidda
wda_international_hospital_hargeisa,International Hospital Hargeisa,"Modern private inpatient hospital with 24hr emergency, Koodbuur, Hargeisa",9.57701,44.04327,Hospitals & Healthcare,hospital,Koodbuur,True,HeartPulse,Cusbitaallada & Rugaha Caafimaadka
wda_koodbuur_high_school,Koodbuur High School,"Comprehensive secondary academy in Koodbuur, Koodbuur, Hargeisa",9.57132,44.04508,Schools & Universities,school,Koodbuur,True,GraduationCap,Dugsiyada & Waxbarashada
wda_koodbuur_commercial_strip,Koodbuur Commercial Strip,"Strip of shopping centers, electronics, and eateries, Koodbuur, Hargeisa",9.57465,44.03927,Markets & Malls,mall,Koodbuur,True,ShoppingBag,Suuqyada & Xarumaha Ganacsiga
wda_sompetroleum_koodbuur,Sompetroleum Koodbuur,"High-capacity diesel and petrol dispenser station, Koodbuur, Hargeisa",9.5762,44.04651,Fuel Stations (Kaalmaha Shidaalka),fuel,Koodbuur,True,Fuel,Kaalmaha Shidaalka
wda_salaam_bank_koodbuur,Salaam Bank Koodbuur,"Islamic banking and microfinance storefront, Koodbuur, Hargeisa",9.56969,44.04183,Banks & Financial,bank,Koodbuur,True,Landmark,Bangiyada & Xawaaladaha
wda_egal_international_airport_hga_term,Egal International Airport (HGA) Terminal,"Main international aviation passenger terminal and gates, Airport Zone / Masalaha, Hargeisa",9.522,44.09143,Transport & Terminals,transit_station,Airport Zone / Masalaha,True,Navigation,Istaannada & Gaadiidka
wda_airport_vip_protocol_lounge,Airport VIP & Protocol Lounge,"Government and VIP reception terminal at Egal International, Airport Zone / Masalaha, Hargeisa",9.51947,44.0852,Transport & Terminals,transit_station,Airport Zone / Masalaha,True,Navigation,Istaannada & Gaadiidka
wda_masalaha_junction_station,Masalaha Junction Station,"Terminal for airport shuttles and city connector taxis, Airport Zone / Masalaha, Hargeisa",9.52608,44.08836,Transport & Terminals,transit_station,Airport Zone / Masalaha,True,Navigation,Istaannada & Gaadiidka
wda_ambassador_hotel_resort,Ambassador Hotel & Resort,"Luxury international hotel near Egal Airport with conference halls, Airport Zone / Masalaha, Hargeisa",9.51846,44.09075,Hotels & Hospitality,hotel,Airport Zone / Masalaha,True,Hotel,Huteellada & Martida
wda_damal_hotel_airport,Damal Hotel Airport,"Executive boutique hotel catering to international travelers, Airport Zone / Masalaha, Hargeisa",9.52284,44.08319,Hotels & Hospitality,hotel,Airport Zone / Masalaha,True,Hotel,Huteellada & Martida
wda_airport_medical_emergency_clinic,Airport Medical Emergency Clinic,"Port health and 24/7 medical response center, Airport Zone / Masalaha, Hargeisa",9.52478,44.09243,Hospitals & Healthcare,hospital,Airport Zone / Masalaha,True,HeartPulse,Cusbitaallada & Rugaha Caafimaadka
wda_aviation_fuel_services_hub,Aviation Fuel Services Hub,"Commercial and automotive fuel station near airport gates, Airport Zone / Masalaha, Hargeisa",9.51665,44.08654,Fuel Stations (Kaalmaha Shidaalka),fuel,Airport Zone / Masalaha,True,Fuel,Kaalmaha Shidaalka
wda_masjidka_masalaha,Masjidka Masalaha,"Large roadside mosque on the airport highway, Airport Zone / Masalaha, Hargeisa",9.52724,44.08524,Mosques (Masaajidda),place_of_worship,Airport Zone / Masalaha,True,Moon,Masaajidda
wda_sheikh_nuur_main_terminal,Sheikh Nuur Main Terminal,"District transit hub and bus station, Kilalka / Sheikh Nuur East, Hargeisa",9.572,44.09783,Transport & Terminals,transit_station,Kilalka / Sheikh Nuur East,True,Navigation,Istaannada & Gaadiidka
wda_masjidka_sheikh_nuur,Masjidka Sheikh Nuur,"Historic Sheikh Nuur Friday mosque, Kilalka / Sheikh Nuur East, Hargeisa",9.5702,44.09351,Mosques (Masaajidda),place_of_worship,Kilalka / Sheikh Nuur East,True,Moon,Masaajidda
wda_sheikh_nuur_health_center,Sheikh Nuur Health Center,"Outpatient clinic and dental center, Kilalka / Sheikh Nuur East, Hargeisa",9.57501,44.09577,Hospitals & Healthcare,hospital,Kilalka / Sheikh Nuur East,True,HeartPulse,Cusbitaallada & Rugaha Caafimaadka
wda_sos_children_s_village_secondary_sc,SOS Children's Village & Secondary School,"Renowned education campus and boarding academy, Kilalka / Sheikh Nuur East, Hargeisa",9.56932,44.09758,Schools & Universities,school,Kilalka / Sheikh Nuur East,True,GraduationCap,Dugsiyada & Waxbarashada
wda_kilalka_supermarket,Kilalka Supermarket,"Modern self-service retail supermarket, Kilalka / Sheikh Nuur East, Hargeisa",9.57265,44.09177,Markets & Malls,mall,Kilalka / Sheikh Nuur East,True,ShoppingBag,Suuqyada & Xarumaha Ganacsiga
wda_kaalinta_shidaalka_sheikh_nuur,Kaalinta Shidaalka Sheikh Nuur,"Neighborhood petrol station and service bay, Kilalka / Sheikh Nuur East, Hargeisa",9.5742,44.09901,Fuel Stations (Kaalmaha Shidaalka),fuel,Kilalka / Sheikh Nuur East,True,Fuel,Kaalmaha Shidaalka
wda_goljano_center_station,Goljano Center Station,"Goljano main square and taxi intersection, Goljano District, Hargeisa",9.5585,44.08406,Transport & Terminals,transit_station,Goljano District,True,Navigation,Istaannada & Gaadiidka
wda_masjidka_goljano,Masjidka Goljano,"Goljano community mosque, Goljano District, Hargeisa",9.55689,44.08021,Mosques (Masaajidda),place_of_worship,Goljano District,True,Moon,Masaajidda
wda_cusbitaalka_goljano,Cusbitaalka Goljano,"Neighborhood healthcare and family clinic, Goljano District, Hargeisa",9.56124,44.08224,Hospitals & Healthcare,hospital,Goljano District,True,HeartPulse,Cusbitaallada & Rugaha Caafimaadka
wda_dugsiga_goljano,Dugsiga Goljano,"Primary and secondary school for boys and girls, Goljano District, Hargeisa",9.55603,44.08392,Schools & Universities,school,Goljano District,True,GraduationCap,Dugsiyada & Waxbarashada
wda_suuqa_goljano,Suuqa Goljano,"Active commercial street market, Goljano District, Hargeisa",9.5591,44.07854,Markets & Malls,mall,Goljano District,True,ShoppingBag,Suuqyada & Xarumaha Ganacsiga
wda_kaalinta_shidaalka_goljano,Kaalinta Shidaalka Goljano,"Fuel and auto repair hub, Goljano District, Hargeisa",9.56056,44.08528,Fuel Stations (Kaalmaha Shidaalka),fuel,Goljano District,True,Fuel,Kaalmaha Shidaalka
wda_biyo_dhacay_bridge_station,Biyo Dhacay Bridge Station,"Transit point near the seasonal stream crossing, Biyo Dhacay Area, Hargeisa",9.556,44.07692,Transport & Terminals,transit_station,Biyo Dhacay Area,True,Navigation,Istaannada & Gaadiidka
wda_masjidka_biyo_dhacay,Masjidka Biyo Dhacay,"Spacious mosque with Quranic learning center, Biyo Dhacay Area, Hargeisa",9.55448,44.07332,Mosques (Masaajidda),place_of_worship,Biyo Dhacay Area,True,Moon,Masaajidda
wda_rugta_caafimaadka_biyo_dhacay,Rugta Caafimaadka Biyo Dhacay,"Local healthcare center, Biyo Dhacay Area, Hargeisa",9.5586,44.07523,Hospitals & Healthcare,hospital,Biyo Dhacay Area,True,HeartPulse,Cusbitaallada & Rugaha Caafimaadka
wda_dugsiga_hoose_ee_biyo_dhacay,Dugsiga Hoose ee Biyo Dhacay,"Public primary school, Biyo Dhacay Area, Hargeisa",9.55364,44.07683,Schools & Universities,school,Biyo Dhacay Area,True,GraduationCap,Dugsiyada & Waxbarashada
wda_dukaamada_weyn_ee_biyo_dhacay,Dukaamada Weyn ee Biyo Dhacay,"Local bazaar and retail shops, Biyo Dhacay Area, Hargeisa",9.55658,44.07167,Markets & Malls,mall,Biyo Dhacay Area,True,ShoppingBag,Suuqyada & Xarumaha Ganacsiga
wda_xero_awr_market_loop,Xero Awr Market Loop,"Historic commercial square and taxi node, Xero Awr / Hero Awr, Hargeisa",9.5662,44.05156,Transport & Terminals,transit_station,Xero Awr / Hero Awr,True,Navigation,Istaannada & Gaadiidka
wda_masjidka_jaamaca_ee_xero_awr,Masjidka Jaamaca ee Xero Awr,"Grand neighborhood Friday mosque, Xero Awr / Hero Awr, Hargeisa",9.56459,44.04771,Mosques (Masaajidda),place_of_worship,Xero Awr / Hero Awr,True,Moon,Masaajidda
wda_xarunta_caafimaadka_xero_awr,Xarunta Caafimaadka Xero Awr,"Local community clinic and maternal care, Xero Awr / Hero Awr, Hargeisa",9.56894,44.04974,Hospitals & Healthcare,hospital,Xero Awr / Hero Awr,True,HeartPulse,Cusbitaallada & Rugaha Caafimaadka
wda_machadka_farsamada_ee_xero_awr,Machadka Farsamada ee Xero Awr,"Vocational technical institute, Xero Awr / Hero Awr, Hargeisa",9.56373,44.05142,Schools & Universities,university,Xero Awr / Hero Awr,True,GraduationCap,Jaamacadaha & Kuliyadaha
wda_suuqa_xero_awr,Suuqa Xero Awr,"Historic food and clothing market, Xero Awr / Hero Awr, Hargeisa",9.5668,44.04604,Markets & Malls,mall,Xero Awr / Hero Awr,True,ShoppingBag,Suuqyada & Xarumaha Ganacsiga
wda_cusbitaalka_gurmadka_caafimaadka_1,Cusbitaalka Gurmadka Caafimaadka ee Qaybta 1 (Downtown Waheen),"Specialized neighborhood clinic & emergency health post in Downtown Waheen residential & commercial grid, Hargeisa",9.56334,44.06651,Hospitals & Healthcare,hospital,Downtown Waheen,False,HeartPulse,Cusbitaallada & Rugaha Caafimaadka
wda_rugta_daryeelka_hooyada_dhallaan_2,Rugta Daryeelka Hooyada & Dhallaanka ee Qaybta 2 (Jigjiga Yar),"Maternal and child care dispensary center in Jigjiga Yar residential & commercial grid, Hargeisa",9.57968,44.03314,Hospitals & Healthcare,hospital,Jigjiga Yar,False,HeartPulse,Cusbitaallada & Rugaha Caafimaadka
wda_farmasiga_shacabka_caafimaadka_e_3,Farmasiga Shacabka & Caafimaadka ee Qaybta 3 (Ahmed Dhagax),"24/7 community pharmacy and dispensary outpost in Ahmed Dhagax residential & commercial grid, Hargeisa",9.55702,44.04777,Hospitals & Healthcare,hospital,Ahmed Dhagax,False,HeartPulse,Cusbitaallada & Rugaha Caafimaadka
wda_dugsiga_hoose_dhexe_ee_waxbarash_4,Dugsiga Hoose/Dhexe ee Waxbarashada Qaybta 4 (150 Highway),"Public primary & intermediate school campus in 150 Highway residential & commercial grid, Hargeisa",9.58385,44.0494,Schools & Universities,school,150 Highway,False,GraduationCap,Dugsiyada & Waxbarashada
wda_akadeemiyada_casriga_ah_ee_qaybt_5,Akadeemiyada Casriga ah ee Qaybta 5 (Shaab / Institutional District),"Modern high school and STEM educational institute in Shaab / Institutional District residential & commercial grid, Hargeisa",9.56057,44.05626,Schools & Universities,school,Shaab / Institutional District,False,GraduationCap,Dugsiyada & Waxbarashada
wda_machadka_tababarka_xirfadaha_ee__6,Machadka Tababarka Xirfadaha ee Qaybta 6 (Maxamed Mooge),"Vocational and technical training college center in Maxamed Mooge residential & commercial grid, Hargeisa",9.52146,44.09927,Schools & Universities,university,Maxamed Mooge,False,GraduationCap,Jaamacadaha & Kuliyadaha
wda_masjidka_jaamaca_ee_qaybta_7_new_7,Masjidka Jaamaca ee Qaybta 7 (New Hargeisa),"Congregational Friday mosque with community prayer hall in New Hargeisa residential & commercial grid, Hargeisa",9.55613,44.09264,Mosques (Masaajidda),place_of_worship,New Hargeisa,False,Moon,Masaajidda
wda_masjidka_al_imaan_ee_qaybta_8_da_8,Masjidka Al-Imaan ee Qaybta 8 (Daami),"Neighborhood community mosque and Quranic learning hub in Daami residential & commercial grid, Hargeisa",9.57679,44.08002,Mosques (Masaajidda),place_of_worship,Daami,False,Moon,Masaajidda
wda_suuqa_khdaarta_iyo_ganacsiga_ee__9,Suuqa Khdaarta iyo Ganacsiga ee Qaybta 9 (Shiraaqle),"Neighborhood open-air fresh market and commercial trade zone in Shiraaqle residential & commercial grid, Hargeisa",9.56502,44.09977,Markets & Malls,mall,Shiraaqle,False,ShoppingBag,Suuqyada & Xarumaha Ganacsiga
wda_xarunta_ganacsiga_supermarket_ee_10,Xarunta Ganacsiga & Supermarket ee Qaybta 10 (Koodbuur),"Modern multi-store retail grocery and provisions shopping center in Koodbuur residential & commercial grid, Hargeisa",9.5759,44.04089,Markets & Malls,mall,Koodbuur,False,ShoppingBag,Suuqyada & Xarumaha Ganacsiga
wda_kaalinta_shidaalka_hass_national_11,Kaalinta Shidaalka Hass / National ee Qaybta 11 (Airport Zone / Masalaha),"Service petrol station, diesel dispenser and tire service in Airport Zone / Masalaha residential & commercial grid, Hargeisa",9.5248,44.0849,Fuel Stations (Kaalmaha Shidaalka),fuel,Airport Zone / Masalaha,False,Fuel,Kaalmaha Shidaalka
wda_kaalinta_shidaalka_gaaska_ee_qay_12,Kaalinta Shidaalka & Gaaska ee Qaybta 12 (Kilalka / Sheikh Nuur East),"Fuel station and LPG domestic gas distribution depot in Kilalka / Sheikh Nuur East residential & commercial grid, Hargeisa",9.5739,44.09339,Fuel Stations (Kaalmaha Shidaalka),fuel,Kilalka / Sheikh Nuur East,False,Fuel,Kaalmaha Shidaalka
wda_istaanka_gaadiidka_dadweynaha_ee_13,Istaanka Gaadiidka Dadweynaha ee Qaybta 13 (Goljano District),"Minibus terminal and designated passenger pick-and-drop stop in Goljano District residential & commercial grid, Hargeisa",9.56018,44.08014,Transport & Terminals,transit_station,Goljano District,False,Navigation,Istaannada & Gaadiidka
wda_isgoyska_weyn_ee_gaadiidka_ee_qa_14,Isgoyska Weyn ee Gaadiidka ee Qaybta 14 (Biyo Dhacay Area),"Major road intersection and inter-district transit artery in Biyo Dhacay Area residential & commercial grid, Hargeisa",9.55757,44.07326,Transport & Terminals,transit_station,Biyo Dhacay Area,False,Navigation,Istaannada & Gaadiidka
wda_huteelka_nasashada_martida_ee_qa_15,Huteelka Nasashada & Martida ee Qaybta 15 (Xero Awr / Hero Awr),"Comfortable guest lodging and family dining restaurant in Xero Awr / Hero Awr residential & commercial grid, Hargeisa",9.56788,44.04764,Hotels & Hospitality,hotel,Xero Awr / Hero Awr,False,Hotel,Huteellada & Martida
wda_laanta_zaad_dahabshiil_ee_qaybta_16,Laanta ZAAD & Dahabshiil ee Qaybta 16 (Downtown Waheen),"Banking kiosk, e-remittance and ZAAD cash-in center in Downtown Waheen residential & commercial grid, Hargeisa",9.55987,44.06819,Banks & Financial,bank,Downtown Waheen,False,Landmark,Bangiyada & Xawaaladaha
wda_laanta_taaj_edahab_express_ee_qa_17,Laanta TAAJ & Edahab Express ee Qaybta 17 (Jigjiga Yar),"Financial services, money transfer and remittance desk in Jigjiga Yar residential & commercial grid, Hargeisa",9.57533,44.03524,Banks & Financial,bank,Jigjiga Yar,False,Landmark,Bangiyada & Xawaaladaha
wda_xafiiska_adeegga_somtel_telesom__18,Xafiiska Adeegga Somtel & Telesom ee Qaybta 18 (Ahmed Dhagax),"Telecommunications branch, SIM registration and fiber service hub in Ahmed Dhagax residential & commercial grid, Hargeisa",9.5518,44.05028,Corporate & Utilities,corporate,Ahmed Dhagax,False,Building2,Shirkadaha & Isgaadhsiinta
wda_xarunta_korontada_sompower_ee_qa_19,Xarunta Korontada Sompower ee Qaybta 19 (150 Highway),"District electrical distribution and bill payment center in 150 Highway residential & commercial grid, Hargeisa",9.57777,44.05233,Corporate & Utilities,utility,150 Highway,False,Zap,Korontada & Biyaha
wda_xafiiska_waaxda_dowladda_hoose_e_20,Xafiiska Waaxda Dowladda Hoose ee Qaybta 20 (Shaab / Institutional District),"Municipal sub-office and local civic administration center in Shaab / Institutional District residential & commercial grid, Hargeisa",9.55651,44.05822,Government & Civic,government,Shaab / Institutional District,False,Landmark,Hay'adaha Dowladda
wda_maqaayadda_cuntada_hiddaha_dhaqa_21,Maqaayadda Cuntada Hiddaha & Dhaqanka ee Qaybta 21 (Maxamed Mooge),"Traditional Somali dishes and family restaurant in Maxamed Mooge residential & commercial grid, Hargeisa",9.51509,44.10235,Restaurants & Cafes,restaurant,Maxamed Mooge,False,Utensils,Maqaayadaha & Kafateeriyada
wda_kafateeriyada_qahwada_casriga_ah_22,Kafateeriyada & Qahwada Casriga ah ee Qaybta 22 (New Hargeisa),"Modern coffee house and light dining lounge in New Hargeisa residential & commercial grid, Hargeisa",9.55062,44.0953,Restaurants & Cafes,restaurant,New Hargeisa,False,Utensils,Maqaayadaha & Kafateeriyada
wda_xarunta_ngo_yada_iyo_samafalka_e_23,Xarunta NGO-yada iyo Samafalka ee Qaybta 23 (Daami),"Non-governmental development agency & aid office in Daami residential & commercial grid, Hargeisa",9.57216,44.08225,NGOs & Humanitarian,ngo,Daami,False,Globe,Hay'adaha Samafalka (NGOs)
wda_jidka_iyo_wadada_weyn_ee_qaybta__24,Jidka iyo Wadada Weyn ee Qaybta 24 (Shiraaqle),"Major paved road corridor and arterial avenue in Shiraaqle residential & commercial grid, Hargeisa",9.5598,44.10228,Roads & Arterials,arterial_road,Shiraaqle,False,Navigation,Waddooyinka & Jidadka
wda_xaafada_deganaanshaha_ee_qaybta__25,Xaafada Deganaanshaha ee Qaybta 25 (Koodbuur),"Quiet residential enclave and community living sector in Koodbuur residential & commercial grid, Hargeisa",9.57098,44.04327,Xaafadaha (Districts),neighborhood,Koodbuur,False,Home,Xaafadaha & Degmooyinka
wda_cusbitaalka_gurmadka_caafimaadka_26,Cusbitaalka Gurmadka Caafimaadka ee Qaybta 26 (Airport Zone / Masalaha),"Specialized neighborhood clinic & emergency health post in Airport Zone / Masalaha residential & commercial grid, Hargeisa",9.51756,44.0884,Hospitals & Healthcare,hospital,Airport Zone / Masalaha,False,HeartPulse,Cusbitaallada & Rugaha Caafimaadka
wda_rugta_daryeelka_hooyada_dhallaan_27,Rugta Daryeelka Hooyada & Dhallaanka ee Qaybta 27 (Kilalka / Sheikh Nuur East),"Maternal and child care dispensary center in Kilalka / Sheikh Nuur East residential & commercial grid, Hargeisa",9.56898,44.09577,Hospitals & Healthcare,hospital,Kilalka / Sheikh Nuur East,False,HeartPulse,Cusbitaallada & Rugaha Caafimaadka
wda_farmasiga_shacabka_caafimaadka_e_28,Farmasiga Shacabka & Caafimaadka ee Qaybta 28 (Goljano District),"24/7 community pharmacy and dispensary outpost in Goljano District residential & commercial grid, Hargeisa",9.55583,44.08224,Hospitals & Healthcare,hospital,Goljano District,False,HeartPulse,Cusbitaallada & Rugaha Caafimaadka
wda_dugsiga_hoose_dhexe_ee_waxbarash_29,Dugsiga Hoose/Dhexe ee Waxbarashada Qaybta 29 (Biyo Dhacay Area),"Public primary & intermediate school campus in Biyo Dhacay Area residential & commercial grid, Hargeisa",9.55351,44.07522,Schools & Universities,school,Biyo Dhacay Area,False,GraduationCap,Dugsiyada & Waxbarashada
wda_akadeemiyada_casriga_ah_ee_qaybt_30,Akadeemiyada Casriga ah ee Qaybta 30 (Xero Awr / Hero Awr),"Modern high school and STEM educational institute in Xero Awr / Hero Awr residential & commercial grid, Hargeisa",9.56353,44.04974,Schools & Universities,school,Xero Awr / Hero Awr,False,GraduationCap,Dugsiyada & Waxbarashada
wda_machadka_tababarka_xirfadaha_ee__31,Machadka Tababarka Xirfadaha ee Qaybta 31 (Downtown Waheen),"Vocational and technical training college center in Downtown Waheen residential & commercial grid, Hargeisa",9.56379,44.06939,Schools & Universities,university,Downtown Waheen,False,GraduationCap,Jaamacadaha & Kuliyadaha
wda_masjidka_jaamaca_ee_qaybta_32_ji_32,Masjidka Jaamaca ee Qaybta 32 (Jigjiga Yar),"Congregational Friday mosque with community prayer hall in Jigjiga Yar residential & commercial grid, Hargeisa",9.58024,44.03674,Mosques (Masaajidda),place_of_worship,Jigjiga Yar,False,Moon,Masaajidda
wda_masjidka_al_imaan_ee_qaybta_33_a_33,Masjidka Al-Imaan ee Qaybta 33 (Ahmed Dhagax),"Neighborhood community mosque and Quranic learning hub in Ahmed Dhagax residential & commercial grid, Hargeisa",9.55769,44.05209,Mosques (Masaajidda),place_of_worship,Ahmed Dhagax,False,Moon,Masaajidda
wda_suuqa_khdaarta_iyo_ganacsiga_ee__34,Suuqa Khdaarta iyo Ganacsiga ee Qaybta 34 (150 Highway),"Neighborhood open-air fresh market and commercial trade zone in 150 Highway residential & commercial grid, Hargeisa",9.58464,44.05444,Markets & Malls,mall,150 Highway,False,ShoppingBag,Suuqyada & Xarumaha Ganacsiga
wda_xarunta_ganacsiga_supermarket_ee_35,Xarunta Ganacsiga & Supermarket ee Qaybta 35 (Shaab / Institutional District),"Modern multi-store retail grocery and provisions shopping center in Shaab / Institutional District residential & commercial grid, Hargeisa",9.56109,44.05963,Markets & Malls,mall,Shaab / Institutional District,False,ShoppingBag,Suuqyada & Xarumaha Ganacsiga
wda_kaalinta_shidaalka_hass_national_36,Kaalinta Shidaalka Hass / National ee Qaybta 36 (Maxamed Mooge),"Service petrol station, diesel dispenser and tire service in Maxamed Mooge residential & commercial grid, Hargeisa",9.52229,44.10455,Fuel Stations (Kaalmaha Shidaalka),fuel,Maxamed Mooge,False,Fuel,Kaalmaha Shidaalka
wda_kaalinta_shidaalka_gaaska_ee_qay_37,Kaalinta Shidaalka & Gaaska ee Qaybta 37 (New Hargeisa),"Fuel station and LPG domestic gas distribution depot in New Hargeisa residential & commercial grid, Hargeisa",9.55684,44.09721,Fuel Stations (Kaalmaha Shidaalka),fuel,New Hargeisa,False,Fuel,Kaalmaha Shidaalka
wda_istaanka_gaadiidka_dadweynaha_ee_38,Istaanka Gaadiidka Dadweynaha ee Qaybta 38 (Daami),"Minibus terminal and designated passenger pick-and-drop stop in Daami residential & commercial grid, Hargeisa",9.57739,44.08386,Transport & Terminals,transit_station,Daami,False,Navigation,Istaannada & Gaadiidka
wda_isgoyska_weyn_ee_gaadiidka_ee_qa_39,Isgoyska Weyn ee Gaadiidka ee Qaybta 39 (Shiraaqle),"Major road intersection and inter-district transit artery in Shiraaqle residential & commercial grid, Hargeisa",9.56569,44.10409,Transport & Terminals,transit_station,Shiraaqle,False,Navigation,Istaannada & Gaadiidka
wda_huteelka_nasashada_martida_ee_qa_40,Huteelka Nasashada & Martida ee Qaybta 40 (Koodbuur),"Comfortable guest lodging and family dining restaurant in Koodbuur residential & commercial grid, Hargeisa",9.57654,44.04497,Hotels & Hospitality,hotel,Koodbuur,False,Hotel,Huteellada & Martida
wda_laanta_zaad_dahabshiil_ee_qaybta_41,Laanta ZAAD & Dahabshiil ee Qaybta 41 (Airport Zone / Masalaha),"Banking kiosk, e-remittance and ZAAD cash-in center in Airport Zone / Masalaha residential & commercial grid, Hargeisa",9.52573,44.0909,Banks & Financial,bank,Airport Zone / Masalaha,False,Landmark,Bangiyada & Xawaaladaha
wda_laanta_taaj_edahab_express_ee_qa_42,Laanta TAAJ & Edahab Express ee Qaybta 42 (Kilalka / Sheikh Nuur East),"Financial services, money transfer and remittance desk in Kilalka / Sheikh Nuur East residential & commercial grid, Hargeisa",9.57454,44.09747,Banks & Financial,bank,Kilalka / Sheikh Nuur East,False,Landmark,Bangiyada & Xawaaladaha
wda_xafiiska_adeegga_somtel_telesom__43,Xafiiska Adeegga Somtel & Telesom ee Qaybta 43 (Goljano District),"Telecommunications branch, SIM registration and fiber service hub in Goljano District residential & commercial grid, Hargeisa",9.56074,44.08374,Corporate & Utilities,corporate,Goljano District,False,Building2,Shirkadaha & Isgaadhsiinta
wda_xarunta_korontada_sompower_ee_qa_44,Xarunta Korontada Sompower ee Qaybta 44 (Biyo Dhacay Area),"District electrical distribution and bill payment center in Biyo Dhacay Area residential & commercial grid, Hargeisa",9.55809,44.07663,Corporate & Utilities,utility,Biyo Dhacay Area,False,Zap,Korontada & Biyaha
wda_xafiiska_waaxda_dowladda_hoose_e_45,Xafiiska Waaxda Dowladda Hoose ee Qaybta 45 (Xero Awr / Hero Awr),"Municipal sub-office and local civic administration center in Xero Awr / Hero Awr residential & commercial grid, Hargeisa",9.56844,44.05124,Government & Civic,government,Xero Awr / Hero Awr,False,Landmark,Hay'adaha Dowladda
wda_maqaayadda_cuntada_hiddaha_dhaqa_46,Maqaayadda Cuntada Hiddaha & Dhaqanka ee Qaybta 46 (Downtown Waheen),"Traditional Somali dishes and family restaurant in Downtown Waheen residential & commercial grid, Hargeisa",9.56159,44.06565,Restaurants & Cafes,restaurant,Downtown Waheen,False,Utensils,Maqaayadaha & Kafateeriyada
wda_kafateeriyada_qahwada_casriga_ah_47,Kafateeriyada & Qahwada Casriga ah ee Qaybta 47 (Jigjiga Yar),"Modern coffee house and light dining lounge in Jigjiga Yar residential & commercial grid, Hargeisa",9.57749,44.03206,Restaurants & Cafes,restaurant,Jigjiga Yar,False,Utensils,Maqaayadaha & Kafateeriyada
wda_xarunta_ngo_yada_iyo_samafalka_e_48,Xarunta NGO-yada iyo Samafalka ee Qaybta 48 (Ahmed Dhagax),"Non-governmental development agency & aid office in Ahmed Dhagax residential & commercial grid, Hargeisa",9.55438,44.04647,NGOs & Humanitarian,ngo,Ahmed Dhagax,False,Globe,Hay'adaha Samafalka (NGOs)
wda_jidka_iyo_wadada_weyn_ee_qaybta__49,Jidka iyo Wadada Weyn ee Qaybta 49 (150 Highway),"Major paved road corridor and arterial avenue in 150 Highway residential & commercial grid, Hargeisa",9.58078,44.04788,Roads & Arterials,arterial_road,150 Highway,False,Navigation,Waddooyinka & Jidadka
wda_xaafada_deganaanshaha_ee_qaybta__50,Xaafada Deganaanshaha ee Qaybta 50 (Shaab / Institutional District),"Quiet residential enclave and community living sector in Shaab / Institutional District residential & commercial grid, Hargeisa",9.55852,44.05525,Xaafadaha (Districts),neighborhood,Shaab / Institutional District,False,Home,Xaafadaha & Degmooyinka
wda_cusbitaalka_gurmadka_caafimaadka_51,Cusbitaalka Gurmadka Caafimaadka ee Qaybta 51 (Maxamed Mooge),"Specialized neighborhood clinic & emergency health post in Maxamed Mooge residential & commercial grid, Hargeisa",9.51825,44.09769,Hospitals & Healthcare,hospital,Maxamed Mooge,False,HeartPulse,Cusbitaallada & Rugaha Caafimaadka
wda_rugta_daryeelka_hooyada_dhallaan_52,Rugta Daryeelka Hooyada & Dhallaanka ee Qaybta 52 (New Hargeisa),"Maternal and child care dispensary center in New Hargeisa residential & commercial grid, Hargeisa",9.55335,44.09127,Hospitals & Healthcare,hospital,New Hargeisa,False,HeartPulse,Cusbitaallada & Rugaha Caafimaadka
wda_farmasiga_shacabka_caafimaadka_e_53,Farmasiga Shacabka & Caafimaadka ee Qaybta 53 (Daami),"24/7 community pharmacy and dispensary outpost in Daami residential & commercial grid, Hargeisa",9.57445,44.07886,Hospitals & Healthcare,hospital,Daami,False,HeartPulse,Cusbitaallada & Rugaha Caafimaadka
wda_dugsiga_hoose_dhexe_ee_waxbarash_54,Dugsiga Hoose/Dhexe ee Waxbarashada Qaybta 54 (Shiraaqle),"Public primary & intermediate school campus in Shiraaqle residential & commercial grid, Hargeisa",9.56238,44.09847,Schools & Universities,school,Shiraaqle,False,GraduationCap,Dugsiyada & Waxbarashada
wda_akadeemiyada_casriga_ah_ee_qaybt_55,Akadeemiyada Casriga ah ee Qaybta 55 (Koodbuur),"Modern high school and STEM educational institute in Koodbuur residential & commercial grid, Hargeisa",9.57342,44.03967,Schools & Universities,school,Koodbuur,False,GraduationCap,Dugsiyada & Waxbarashada
wda_machadka_tababarka_xirfadaha_ee__56,Machadka Tababarka Xirfadaha ee Qaybta 56 (Airport Zone / Masalaha),"Vocational and technical training college center in Airport Zone / Masalaha residential & commercial grid, Hargeisa",9.52114,44.0831,Schools & Universities,university,Airport Zone / Masalaha,False,GraduationCap,Jaamacadaha & Kuliyadaha
wda_masjidka_jaamaca_ee_qaybta_57_ki_57,Masjidka Jaamaca ee Qaybta 57 (Kilalka / Sheikh Nuur East),"Congregational Friday mosque with community prayer hall in Kilalka / Sheikh Nuur East residential & commercial grid, Hargeisa",9.57142,44.09217,Mosques (Masaajidda),place_of_worship,Kilalka / Sheikh Nuur East,False,Moon,Masaajidda
wda_masjidka_al_imaan_ee_qaybta_58_g_58,Masjidka Al-Imaan ee Qaybta 58 (Goljano District),"Neighborhood community mosque and Quranic learning hub in Goljano District residential & commercial grid, Hargeisa",9.55799,44.07906,Mosques (Masaajidda),place_of_worship,Goljano District,False,Moon,Masaajidda
wda_suuqa_khdaarta_iyo_ganacsiga_ee__59,Suuqa Khdaarta iyo Ganacsiga ee Qaybta 59 (Biyo Dhacay Area),"Neighborhood open-air fresh market and commercial trade zone in Biyo Dhacay Area residential & commercial grid, Hargeisa",9.55552,44.07225,Markets & Malls,mall,Biyo Dhacay Area,False,ShoppingBag,Suuqyada & Xarumaha Ganacsiga
wda_xarunta_ganacsiga_supermarket_ee_60,Xarunta Ganacsiga & Supermarket ee Qaybta 60 (Xero Awr / Hero Awr),"Modern multi-store retail grocery and provisions shopping center in Xero Awr / Hero Awr residential & commercial grid, Hargeisa",9.56569,44.04656,Markets & Malls,mall,Xero Awr / Hero Awr,False,ShoppingBag,Suuqyada & Xarumaha Ganacsiga
wda_kaalinta_shidaalka_hass_national_61,Kaalinta Shidaalka Hass / National ee Qaybta 61 (Downtown Waheen),"Service petrol station, diesel dispenser and tire service in Downtown Waheen residential & commercial grid, Hargeisa",9.56069,44.07009,Fuel Stations (Kaalmaha Shidaalka),fuel,Downtown Waheen,False,Fuel,Kaalmaha Shidaalka
wda_kaalinta_shidaalka_gaaska_ee_qay_62,Kaalinta Shidaalka & Gaaska ee Qaybta 62 (Jigjiga Yar),"Fuel station and LPG domestic gas distribution depot in Jigjiga Yar residential & commercial grid, Hargeisa",9.57636,44.03761,Fuel Stations (Kaalmaha Shidaalka),fuel,Jigjiga Yar,False,Fuel,Kaalmaha Shidaalka
wda_istaanka_gaadiidka_dadweynaha_ee_63,Istaanka Gaadiidka Dadweynaha ee Qaybta 63 (Ahmed Dhagax),"Minibus terminal and designated passenger pick-and-drop stop in Ahmed Dhagax residential & commercial grid, Hargeisa",9.55303,44.05314,Transport & Terminals,transit_station,Ahmed Dhagax,False,Navigation,Istaannada & Gaadiidka
wda_isgoyska_weyn_ee_gaadiidka_ee_qa_64,Isgoyska Weyn ee Gaadiidka ee Qaybta 64 (150 Highway),"Major road intersection and inter-district transit artery in 150 Highway residential & commercial grid, Hargeisa",9.5792,44.05566,Transport & Terminals,transit_station,150 Highway,False,Navigation,Istaannada & Gaadiidka
wda_huteelka_nasashada_martida_ee_qa_65,Huteelka Nasashada & Martida ee Qaybta 65 (Shaab / Institutional District),"Comfortable guest lodging and family dining restaurant in Shaab / Institutional District residential & commercial grid, Hargeisa",9.55747,44.06044,Hotels & Hospitality,hotel,Shaab / Institutional District,False,Hotel,Huteellada & Martida
wda_laanta_zaad_dahabshiil_ee_qaybta_66,Laanta ZAAD & Dahabshiil ee Qaybta 66 (Maxamed Mooge),"Banking kiosk, e-remittance and ZAAD cash-in center in Maxamed Mooge residential & commercial grid, Hargeisa",9.5166,44.10583,Banks & Financial,bank,Maxamed Mooge,False,Landmark,Bangiyada & Xawaaladaha
wda_laanta_taaj_edahab_express_ee_qa_67,Laanta TAAJ & Edahab Express ee Qaybta 67 (New Hargeisa),"Financial services, money transfer and remittance desk in New Hargeisa residential & commercial grid, Hargeisa",9.55192,44.09831,Banks & Financial,bank,New Hargeisa,False,Landmark,Bangiyada & Xawaaladaha
wda_xafiiska_adeegga_somtel_telesom__68,Xafiiska Adeegga Somtel & Telesom ee Qaybta 68 (Daami),"Telecommunications branch, SIM registration and fiber service hub in Daami residential & commercial grid, Hargeisa",9.57325,44.08479,Corporate & Utilities,corporate,Daami,False,Building2,Shirkadaha & Isgaadhsiinta
wda_xarunta_korontada_sompower_ee_qa_69,Xarunta Korontada Sompower ee Qaybta 69 (Shiraaqle),"District electrical distribution and bill payment center in Shiraaqle residential & commercial grid, Hargeisa",9.56103,44.10514,Corporate & Utilities,utility,Shiraaqle,False,Zap,Korontada & Biyaha
wda_xafiiska_waaxda_dowladda_hoose_e_70,Xafiiska Waaxda Dowladda Hoose ee Qaybta 70 (Koodbuur),"Municipal sub-office and local civic administration center in Koodbuur residential & commercial grid, Hargeisa",9.57214,44.04596,Government & Civic,government,Koodbuur,False,Landmark,Hay'adaha Dowladda
wda_maqaayadda_cuntada_hiddaha_dhaqa_71,Maqaayadda Cuntada Hiddaha & Dhaqanka ee Qaybta 71 (Airport Zone / Masalaha),"Traditional Somali dishes and family restaurant in Airport Zone / Masalaha residential & commercial grid, Hargeisa",9.51927,44.09236,Restaurants & Cafes,restaurant,Airport Zone / Masalaha,False,Utensils,Maqaayadaha & Kafateeriyada
wda_kafateeriyada_qahwada_casriga_ah_72,Kafateeriyada & Qahwada Casriga ah ee Qaybta 72 (Kilalka / Sheikh Nuur East),"Modern coffee house and light dining lounge in Kilalka / Sheikh Nuur East residential & commercial grid, Hargeisa",9.57014,44.09846,Restaurants & Cafes,restaurant,Kilalka / Sheikh Nuur East,False,Utensils,Maqaayadaha & Kafateeriyada
wda_xarunta_ngo_yada_iyo_samafalka_e_73,Xarunta NGO-yada iyo Samafalka ee Qaybta 73 (Goljano District),"Non-governmental development agency & aid office in Goljano District residential & commercial grid, Hargeisa",9.55686,44.08461,NGOs & Humanitarian,ngo,Goljano District,False,Globe,Hay'adaha Samafalka (NGOs)
wda_jidka_iyo_wadada_weyn_ee_qaybta__74,Jidka iyo Wadada Weyn ee Qaybta 74 (Biyo Dhacay Area),"Major paved road corridor and arterial avenue in Biyo Dhacay Area residential & commercial grid, Hargeisa",9.55447,44.07744,Roads & Arterials,arterial_road,Biyo Dhacay Area,False,Navigation,Waddooyinka & Jidadka
wda_xaafada_deganaanshaha_ee_qaybta__75,Xaafada Deganaanshaha ee Qaybta 75 (Xero Awr / Hero Awr),"Quiet residential enclave and community living sector in Xero Awr / Hero Awr residential & commercial grid, Hargeisa",9.56456,44.05211,Xaafadaha (Districts),neighborhood,Xero Awr / Hero Awr,False,Home,Xaafadaha & Degmooyinka
wda_cusbitaalka_gurmadka_caafimaadka_76,Cusbitaalka Gurmadka Caafimaadka ee Qaybta 76 (Downtown Waheen),"Specialized neighborhood clinic & emergency health post in Downtown Waheen residential & commercial grid, Hargeisa",9.56444,44.06734,Hospitals & Healthcare,hospital,Downtown Waheen,False,HeartPulse,Cusbitaallada & Rugaha Caafimaadka
wda_rugta_daryeelka_hooyada_dhallaan_77,Rugta Daryeelka Hooyada & Dhallaanka ee Qaybta 77 (Jigjiga Yar),"Maternal and child care dispensary center in Jigjiga Yar residential & commercial grid, Hargeisa",9.58104,44.03417,Hospitals & Healthcare,hospital,Jigjiga Yar,False,HeartPulse,Cusbitaallada & Rugaha Caafimaadka
wda_farmasiga_shacabka_caafimaadka_e_78,Farmasiga Shacabka & Caafimaadka ee Qaybta 78 (Ahmed Dhagax),"24/7 community pharmacy and dispensary outpost in Ahmed Dhagax residential & commercial grid, Hargeisa",9.55865,44.049,Hospitals & Healthcare,hospital,Ahmed Dhagax,False,HeartPulse,Cusbitaallada & Rugaha Caafimaadka
wda_dugsiga_hoose_dhexe_ee_waxbarash_79,Dugsiga Hoose/Dhexe ee Waxbarashada Qaybta 79 (150 Highway),"Public primary & intermediate school campus in 150 Highway residential & commercial grid, Hargeisa",9.58576,44.05084,Schools & Universities,school,150 Highway,False,GraduationCap,Dugsiyada & Waxbarashada
wda_akadeemiyada_casriga_ah_ee_qaybt_80,Akadeemiyada Casriga ah ee Qaybta 80 (Shaab / Institutional District),"Modern high school and STEM educational institute in Shaab / Institutional District residential & commercial grid, Hargeisa",9.56184,44.05723,Schools & Universities,school,Shaab / Institutional District,False,GraduationCap,Dugsiyada & Waxbarashada
wda_machadka_tababarka_xirfadaha_ee__81,Machadka Tababarka Xirfadaha ee Qaybta 81 (Maxamed Mooge),"Vocational and technical training college center in Maxamed Mooge residential & commercial grid, Hargeisa",9.52347,44.10078,Schools & Universities,university,Maxamed Mooge,False,GraduationCap,Jaamacadaha & Kuliyadaha
wda_masjidka_jaamaca_ee_qaybta_82_ne_82,Masjidka Jaamaca ee Qaybta 82 (New Hargeisa),"Congregational Friday mosque with community prayer hall in New Hargeisa residential & commercial grid, Hargeisa",9.55786,44.09395,Mosques (Masaajidda),place_of_worship,New Hargeisa,False,Moon,Masaajidda
wda_masjidka_al_imaan_ee_qaybta_83_d_83,Masjidka Al-Imaan ee Qaybta 83 (Daami),"Neighborhood community mosque and Quranic learning hub in Daami residential & commercial grid, Hargeisa",9.57825,44.08111,Mosques (Masaajidda),place_of_worship,Daami,False,Moon,Masaajidda
wda_suuqa_khdaarta_iyo_ganacsiga_ee__84,Suuqa Khdaarta iyo Ganacsiga ee Qaybta 84 (Shiraaqle),"Neighborhood open-air fresh market and commercial trade zone in Shiraaqle residential & commercial grid, Hargeisa",9.56665,44.101,Markets & Malls,mall,Shiraaqle,False,ShoppingBag,Suuqyada & Xarumaha Ganacsiga
wda_xarunta_ganacsiga_supermarket_ee_85,Xarunta Ganacsiga & Supermarket ee Qaybta 85 (Koodbuur),"Modern multi-store retail grocery and provisions shopping center in Koodbuur residential & commercial grid, Hargeisa",9.57745,44.04206,Markets & Malls,mall,Koodbuur,False,ShoppingBag,Suuqyada & Xarumaha Ganacsiga
wda_kaalinta_shidaalka_hass_national_86,Kaalinta Shidaalka Hass / National ee Qaybta 86 (Airport Zone / Masalaha),"Service petrol station, diesel dispenser and tire service in Airport Zone / Masalaha residential & commercial grid, Hargeisa",9.52707,44.08662,Fuel Stations (Kaalmaha Shidaalka),fuel,Airport Zone / Masalaha,False,Fuel,Kaalmaha Shidaalka
wda_kaalinta_shidaalka_gaaska_ee_qay_87,Kaalinta Shidaalka & Gaaska ee Qaybta 87 (Kilalka / Sheikh Nuur East),"Fuel station and LPG domestic gas distribution depot in Kilalka / Sheikh Nuur East residential & commercial grid, Hargeisa",9.57545,44.09456,Fuel Stations (Kaalmaha Shidaalka),fuel,Kilalka / Sheikh Nuur East,False,Fuel,Kaalmaha Shidaalka
wda_istaanka_gaadiidka_dadweynaha_ee_88,Istaanka Gaadiidka Dadweynaha ee Qaybta 88 (Goljano District),"Minibus terminal and designated passenger pick-and-drop stop in Goljano District residential & commercial grid, Hargeisa",9.56154,44.08117,Transport & Terminals,transit_station,Goljano District,False,Navigation,Istaannada & Gaadiidka
wda_isgoyska_weyn_ee_gaadiidka_ee_qa_89,Isgoyska Weyn ee Gaadiidka ee Qaybta 89 (Biyo Dhacay Area),"Major road intersection and inter-district transit artery in Biyo Dhacay Area residential & commercial grid, Hargeisa",9.55884,44.07423,Transport & Terminals,transit_station,Biyo Dhacay Area,False,Navigation,Istaannada & Gaadiidka
wda_huteelka_nasashada_martida_ee_qa_90,Huteelka Nasashada & Martida ee Qaybta 90 (Xero Awr / Hero Awr),"Comfortable guest lodging and family dining restaurant in Xero Awr / Hero Awr residential & commercial grid, Hargeisa",9.56924,44.04867,Hotels & Hospitality,hotel,Xero Awr / Hero Awr,False,Hotel,Huteellada & Martida
wda_laanta_zaad_dahabshiil_ee_qaybta_91,Laanta ZAAD & Dahabshiil ee Qaybta 91 (Downtown Waheen),"Banking kiosk, e-remittance and ZAAD cash-in center in Downtown Waheen residential & commercial grid, Hargeisa",9.5597,44.06679,Banks & Financial,bank,Downtown Waheen,False,Landmark,Bangiyada & Xawaaladaha
wda_laanta_taaj_edahab_express_ee_qa_92,Laanta TAAJ & Edahab Express ee Qaybta 92 (Jigjiga Yar),"Financial services, money transfer and remittance desk in Jigjiga Yar residential & commercial grid, Hargeisa",9.57512,44.03348,Banks & Financial,bank,Jigjiga Yar,False,Landmark,Bangiyada & Xawaaladaha
wda_xafiiska_adeegga_somtel_telesom__93,Xafiiska Adeegga Somtel & Telesom ee Qaybta 93 (Ahmed Dhagax),"Telecommunications branch, SIM registration and fiber service hub in Ahmed Dhagax residential & commercial grid, Hargeisa",9.55155,44.04818,Corporate & Utilities,corporate,Ahmed Dhagax,False,Building2,Shirkadaha & Isgaadhsiinta
wda_xarunta_korontada_sompower_ee_qa_94,Xarunta Korontada Sompower ee Qaybta 94 (150 Highway),"District electrical distribution and bill payment center in 150 Highway residential & commercial grid, Hargeisa",9.57747,44.04988,Corporate & Utilities,utility,150 Highway,False,Zap,Korontada & Biyaha
wda_xafiiska_waaxda_dowladda_hoose_e_95,Xafiiska Waaxda Dowladda Hoose ee Qaybta 95 (Shaab / Institutional District),"Municipal sub-office and local civic administration center in Shaab / Institutional District residential & commercial grid, Hargeisa",9.55631,44.05659,Government & Civic,government,Shaab / Institutional District,False,Landmark,Hay'adaha Dowladda
wda_maqaayadda_cuntada_hiddaha_dhaqa_96,Maqaayadda Cuntada Hiddaha & Dhaqanka ee Qaybta 96 (Maxamed Mooge),"Traditional Somali dishes and family restaurant in Maxamed Mooge residential & commercial grid, Hargeisa",9.51478,44.09978,Restaurants & Cafes,restaurant,Maxamed Mooge,False,Utensils,Maqaayadaha & Kafateeriyada
wda_kafateeriyada_qahwada_casriga_ah_97,Kafateeriyada & Qahwada Casriga ah ee Qaybta 97 (New Hargeisa),"Modern coffee house and light dining lounge in New Hargeisa residential & commercial grid, Hargeisa",9.55035,44.09308,Restaurants & Cafes,restaurant,New Hargeisa,False,Utensils,Maqaayadaha & Kafateeriyada
wda_xarunta_ngo_yada_iyo_samafalka_e_98,Xarunta NGO-yada iyo Samafalka ee Qaybta 98 (Daami),"Non-governmental development agency & aid office in Daami residential & commercial grid, Hargeisa",9.57193,44.08038,NGOs & Humanitarian,ngo,Daami,False,Globe,Hay'adaha Samafalka (NGOs)
wda_jidka_iyo_wadada_weyn_ee_qaybta__99,Jidka iyo Wadada Weyn ee Qaybta 99 (Shiraaqle),"Major paved road corridor and arterial avenue in Shiraaqle residential & commercial grid, Hargeisa",9.55955,44.10018,Roads & Arterials,arterial_road,Shiraaqle,False,Navigation,Waddooyinka & Jidadka
wda_xaafada_deganaanshaha_ee_qaybta__100,Xaafada Deganaanshaha ee Qaybta 100 (Koodbuur),"Quiet residential enclave and community living sector in Koodbuur residential & commercial grid, Hargeisa",9.57074,44.04128,Xaafadaha (Districts),neighborhood,Koodbuur,False,Home,Xaafadaha & Degmooyinka
wda_cusbitaalka_gurmadka_caafimaadka_101,Cusbitaalka Gurmadka Caafimaadka ee Qaybta 101 (Airport Zone / Masalaha),"Specialized neighborhood clinic & emergency health post in Airport Zone / Masalaha residential & commercial grid, Hargeisa",9.5172,44.08547,Hospitals & Healthcare,hospital,Airport Zone / Masalaha,False,HeartPulse,Cusbitaallada & Rugaha Caafimaadka
wda_rugta_daryeelka_hooyada_dhallaan_102,Rugta Daryeelka Hooyada & Dhallaanka ee Qaybta 102 (Kilalka / Sheikh Nuur East),"Maternal and child care dispensary center in Kilalka / Sheikh Nuur East residential & commercial grid, Hargeisa",9.56874,44.09378,Hospitals & Healthcare,hospital,Kilalka / Sheikh Nuur East,False,HeartPulse,Cusbitaallada & Rugaha Caafimaadka
wda_farmasiga_shacabka_caafimaadka_e_103,Farmasiga Shacabka & Caafimaadka ee Qaybta 103 (Goljano District),"24/7 community pharmacy and dispensary outpost in Goljano District residential & commercial grid, Hargeisa",9.55562,44.08048,Hospitals & Healthcare,hospital,Goljano District,False,HeartPulse,Cusbitaallada & Rugaha Caafimaadka
wda_dugsiga_hoose_dhexe_ee_waxbarash_104,Dugsiga Hoose/Dhexe ee Waxbarashada Qaybta 104 (Biyo Dhacay Area),"Public primary & intermediate school campus in Biyo Dhacay Area residential & commercial grid, Hargeisa",9.55331,44.07359,Schools & Universities,school,Biyo Dhacay Area,False,GraduationCap,Dugsiyada & Waxbarashada
wda_akadeemiyada_casriga_ah_ee_qaybt_105,Akadeemiyada Casriga ah ee Qaybta 105 (Xero Awr / Hero Awr),"Modern high school and STEM educational institute in Xero Awr / Hero Awr residential & commercial grid, Hargeisa",9.56332,44.04798,Schools & Universities,school,Xero Awr / Hero Awr,False,GraduationCap,Dugsiyada & Waxbarashada
wda_machadka_tababarka_xirfadaha_ee__106,Machadka Tababarka Xirfadaha ee Qaybta 106 (Downtown Waheen),"Vocational and technical training college center in Downtown Waheen residential & commercial grid, Hargeisa",9.56291,44.07053,Schools & Universities,university,Downtown Waheen,False,GraduationCap,Jaamacadaha & Kuliyadaha
wda_masjidka_jaamaca_ee_qaybta_107_j_107,Masjidka Jaamaca ee Qaybta 107 (Jigjiga Yar),"Congregational Friday mosque with community prayer hall in Jigjiga Yar residential & commercial grid, Hargeisa",9.57914,44.03817,Mosques (Masaajidda),place_of_worship,Jigjiga Yar,False,Moon,Masaajidda
wda_masjidka_al_imaan_ee_qaybta_108__108,Masjidka Al-Imaan ee Qaybta 108 (Ahmed Dhagax),"Neighborhood community mosque and Quranic learning hub in Ahmed Dhagax residential & commercial grid, Hargeisa",9.55637,44.0538,Mosques (Masaajidda),place_of_worship,Ahmed Dhagax,False,Moon,Masaajidda
wda_suuqa_khdaarta_iyo_ganacsiga_ee__109,Suuqa Khdaarta iyo Ganacsiga ee Qaybta 109 (150 Highway),"Neighborhood open-air fresh market and commercial trade zone in 150 Highway residential & commercial grid, Hargeisa",9.5831,44.05644,Markets & Malls,mall,150 Highway,False,ShoppingBag,Suuqyada & Xarumaha Ganacsiga
wda_xarunta_ganacsiga_supermarket_ee_110,Xarunta Ganacsiga & Supermarket ee Qaybta 110 (Shaab / Institutional District),"Modern multi-store retail grocery and provisions shopping center in Shaab / Institutional District residential & commercial grid, Hargeisa",9.56007,44.06096,Markets & Malls,mall,Shaab / Institutional District,False,ShoppingBag,Suuqyada & Xarumaha Ganacsiga
wda_kaalinta_shidaalka_hass_national_111,Kaalinta Shidaalka Hass / National ee Qaybta 111 (Maxamed Mooge),"Service petrol station, diesel dispenser and tire service in Maxamed Mooge residential & commercial grid, Hargeisa",9.52067,44.10665,Fuel Stations (Kaalmaha Shidaalka),fuel,Maxamed Mooge,False,Fuel,Kaalmaha Shidaalka
wda_kaalinta_shidaalka_gaaska_ee_qay_112,Kaalinta Shidaalka & Gaaska ee Qaybta 112 (New Hargeisa),"Fuel station and LPG domestic gas distribution depot in New Hargeisa residential & commercial grid, Hargeisa",9.55545,44.09901,Fuel Stations (Kaalmaha Shidaalka),fuel,New Hargeisa,False,Fuel,Kaalmaha Shidaalka
wda_istaanka_gaadiidka_dadweynaha_ee_113,Istaanka Gaadiidka Dadweynaha ee Qaybta 113 (Daami),"Minibus terminal and designated passenger pick-and-drop stop in Daami residential & commercial grid, Hargeisa",9.57622,44.08538,Transport & Terminals,transit_station,Daami,False,Navigation,Istaannada & Gaadiidka
wda_isgoyska_weyn_ee_gaadiidka_ee_qa_114,Isgoyska Weyn ee Gaadiidka ee Qaybta 114 (Shiraaqle),"Major road intersection and inter-district transit artery in Shiraaqle residential & commercial grid, Hargeisa",9.56437,44.1058,Transport & Terminals,transit_station,Shiraaqle,False,Navigation,Istaannada & Gaadiidka
wda_huteelka_nasashada_martida_ee_qa_115,Huteelka Nasashada & Martida ee Qaybta 115 (Koodbuur),"Comfortable guest lodging and family dining restaurant in Koodbuur residential & commercial grid, Hargeisa",9.57529,44.04659,Hotels & Hospitality,hotel,Koodbuur,False,Hotel,Huteellada & Martida
wda_laanta_zaad_dahabshiil_ee_qaybta_116,Laanta ZAAD & Dahabshiil ee Qaybta 116 (Airport Zone / Masalaha),"Banking kiosk, e-remittance and ZAAD cash-in center in Airport Zone / Masalaha residential & commercial grid, Hargeisa",9.5239,44.09328,Banks & Financial,bank,Airport Zone / Masalaha,False,Landmark,Bangiyada & Xawaaladaha
wda_laanta_taaj_edahab_express_ee_qa_117,Laanta TAAJ & Edahab Express ee Qaybta 117 (Kilalka / Sheikh Nuur East),"Financial services, money transfer and remittance desk in Kilalka / Sheikh Nuur East residential & commercial grid, Hargeisa",9.57329,44.09909,Banks & Financial,bank,Kilalka / Sheikh Nuur East,False,Landmark,Bangiyada & Xawaaladaha
wda_xafiiska_adeegga_somtel_telesom__118,Xafiiska Adeegga Somtel & Telesom ee Qaybta 118 (Goljano District),"Telecommunications branch, SIM registration and fiber service hub in Goljano District residential & commercial grid, Hargeisa",9.55964,44.08517,Corporate & Utilities,corporate,Goljano District,False,Building2,Shirkadaha & Isgaadhsiinta
wda_xarunta_korontada_sompower_ee_qa_119,Xarunta Korontada Sompower ee Qaybta 119 (Biyo Dhacay Area),"District electrical distribution and bill payment center in Biyo Dhacay Area residential & commercial grid, Hargeisa",9.55707,44.07796,Corporate & Utilities,utility,Biyo Dhacay Area,False,Zap,Korontada & Biyaha
wda_xafiiska_waaxda_dowladda_hoose_e_120,Xafiiska Waaxda Dowladda Hoose ee Qaybta 120 (Xero Awr / Hero Awr),"Municipal sub-office and local civic administration center in Xero Awr / Hero Awr residential & commercial grid, Hargeisa",9.56734,44.05267,Government & Civic,government,Xero Awr / Hero Awr,False,Landmark,Hay'adaha Dowladda
wda_maqaayadda_cuntada_hiddaha_dhaqa_121,Maqaayadda Cuntada Hiddaha & Dhaqanka ee Qaybta 121 (Downtown Waheen),"Traditional Somali dishes and family restaurant in Downtown Waheen residential & commercial grid, Hargeisa",9.56304,44.06545,Restaurants & Cafes,restaurant,Downtown Waheen,False,Utensils,Maqaayadaha & Kafateeriyada
wda_kafateeriyada_qahwada_casriga_ah_122,Kafateeriyada & Qahwada Casriga ah ee Qaybta 122 (Jigjiga Yar),"Modern coffee house and light dining lounge in Jigjiga Yar residential & commercial grid, Hargeisa",9.5793,44.03181,Restaurants & Cafes,restaurant,Jigjiga Yar,False,Utensils,Maqaayadaha & Kafateeriyada
wda_xarunta_ngo_yada_iyo_samafalka_e_123,Xarunta NGO-yada iyo Samafalka ee Qaybta 123 (Ahmed Dhagax),"Non-governmental development agency & aid office in Ahmed Dhagax residential & commercial grid, Hargeisa",9.55656,44.04617,NGOs & Humanitarian,ngo,Ahmed Dhagax,False,Globe,Hay'adaha Samafalka (NGOs)
wda_jidka_iyo_wadada_weyn_ee_qaybta__124,Jidka iyo Wadada Weyn ee Qaybta 124 (150 Highway),"Major paved road corridor and arterial avenue in 150 Highway residential & commercial grid, Hargeisa",9.58332,44.04753,Roads & Arterials,arterial_road,150 Highway,False,Navigation,Waddooyinka & Jidadka
wda_xaafada_deganaanshaha_ee_qaybta__125,Xaafada Deganaanshaha ee Qaybta 125 (Shaab / Institutional District),"Quiet residential enclave and community living sector in Shaab / Institutional District residential & commercial grid, Hargeisa",9.56021,44.05502,Xaafadaha (Districts),neighborhood,Shaab / Institutional District,False,Home,Xaafadaha & Degmooyinka
wda_cusbitaalka_gurmadka_caafimaadka_126,Cusbitaalka Gurmadka Caafimaadka ee Qaybta 126 (Maxamed Mooge),"Specialized neighborhood clinic & emergency health post in Maxamed Mooge residential & commercial grid, Hargeisa",9.52091,44.09732,Hospitals & Healthcare,hospital,Maxamed Mooge,False,HeartPulse,Cusbitaallada & Rugaha Caafimaadka
wda_rugta_daryeelka_hooyada_dhallaan_127,Rugta Daryeelka Hooyada & Dhallaanka ee Qaybta 127 (New Hargeisa),"Maternal and child care dispensary center in New Hargeisa residential & commercial grid, Hargeisa",9.55565,44.09096,Hospitals & Healthcare,hospital,New Hargeisa,False,HeartPulse,Cusbitaallada & Rugaha Caafimaadka
wda_farmasiga_shacabka_caafimaadka_e_128,Farmasiga Shacabka & Caafimaadka ee Qaybta 128 (Daami),"24/7 community pharmacy and dispensary outpost in Daami residential & commercial grid, Hargeisa",9.57639,44.07859,Hospitals & Healthcare,hospital,Daami,False,HeartPulse,Cusbitaallada & Rugaha Caafimaadka
wda_dugsiga_hoose_dhexe_ee_waxbarash_129,Dugsiga Hoose/Dhexe ee Waxbarashada Qaybta 129 (Shiraaqle),"Public primary & intermediate school campus in Shiraaqle residential & commercial grid, Hargeisa",9.56456,44.09817,Schools & Universities,school,Shiraaqle,False,GraduationCap,Dugsiyada & Waxbarashada
wda_akadeemiyada_casriga_ah_ee_qaybt_130,Akadeemiyada Casriga ah ee Qaybta 130 (Koodbuur),"Modern high school and STEM educational institute in Koodbuur residential & commercial grid, Hargeisa",9.57547,44.03938,Schools & Universities,school,Koodbuur,False,GraduationCap,Dugsiyada & Waxbarashada
wda_machadka_tababarka_xirfadaha_ee__131,Machadka Tababarka Xirfadaha ee Qaybta 131 (Airport Zone / Masalaha),"Vocational and technical training college center in Airport Zone / Masalaha residential & commercial grid, Hargeisa",9.52417,44.08268,Schools & Universities,university,Airport Zone / Masalaha,False,GraduationCap,Jaamacadaha & Kuliyadaha
wda_masjidka_jaamaca_ee_qaybta_132_k_132,Masjidka Jaamaca ee Qaybta 132 (Kilalka / Sheikh Nuur East),"Congregational Friday mosque with community prayer hall in Kilalka / Sheikh Nuur East residential & commercial grid, Hargeisa",9.57347,44.09188,Mosques (Masaajidda),place_of_worship,Kilalka / Sheikh Nuur East,False,Moon,Masaajidda
wda_masjidka_al_imaan_ee_qaybta_133__133,Masjidka Al-Imaan ee Qaybta 133 (Goljano District),"Neighborhood community mosque and Quranic learning hub in Goljano District residential & commercial grid, Hargeisa",9.5598,44.07881,Mosques (Masaajidda),place_of_worship,Goljano District,False,Moon,Masaajidda
wda_suuqa_khdaarta_iyo_ganacsiga_ee__134,Suuqa Khdaarta iyo Ganacsiga ee Qaybta 134 (Biyo Dhacay Area),"Neighborhood open-air fresh market and commercial trade zone in Biyo Dhacay Area residential & commercial grid, Hargeisa",9.55721,44.07202,Markets & Malls,mall,Biyo Dhacay Area,False,ShoppingBag,Suuqyada & Xarumaha Ganacsiga
wda_xarunta_ganacsiga_supermarket_ee_135,Xarunta Ganacsiga & Supermarket ee Qaybta 135 (Xero Awr / Hero Awr),"Modern multi-store retail grocery and provisions shopping center in Xero Awr / Hero Awr residential & commercial grid, Hargeisa",9.5675,44.04631,Markets & Malls,mall,Xero Awr / Hero Awr,False,ShoppingBag,Suuqyada & Xarumaha Ganacsiga
wda_kaalinta_shidaalka_hass_national_136,Kaalinta Shidaalka Hass / National ee Qaybta 136 (Downtown Waheen),"Service petrol station, diesel dispenser and tire service in Downtown Waheen residential & commercial grid, Hargeisa",9.55948,44.0692,Fuel Stations (Kaalmaha Shidaalka),fuel,Downtown Waheen,False,Fuel,Kaalmaha Shidaalka
wda_kaalinta_shidaalka_gaaska_ee_qay_137,Kaalinta Shidaalka & Gaaska ee Qaybta 137 (Jigjiga Yar),"Fuel station and LPG domestic gas distribution depot in Jigjiga Yar residential & commercial grid, Hargeisa",9.57485,44.0365,Fuel Stations (Kaalmaha Shidaalka),fuel,Jigjiga Yar,False,Fuel,Kaalmaha Shidaalka
wda_istaanka_gaadiidka_dadweynaha_ee_138,Istaanka Gaadiidka Dadweynaha ee Qaybta 138 (Ahmed Dhagax),"Minibus terminal and designated passenger pick-and-drop stop in Ahmed Dhagax residential & commercial grid, Hargeisa",9.55122,44.05179,Transport & Terminals,transit_station,Ahmed Dhagax,False,Navigation,Istaannada & Gaadiidka
wda_isgoyska_weyn_ee_gaadiidka_ee_qa_139,Isgoyska Weyn ee Gaadiidka ee Qaybta 139 (150 Highway),"Major road intersection and inter-district transit artery in 150 Highway residential & commercial grid, Hargeisa",9.57709,44.05409,Transport & Terminals,transit_station,150 Highway,False,Navigation,Istaannada & Gaadiidka
wda_huteelka_nasashada_martida_ee_qa_140,Huteelka Nasashada & Martida ee Qaybta 140 (Shaab / Institutional District),"Comfortable guest lodging and family dining restaurant in Shaab / Institutional District residential & commercial grid, Hargeisa",9.55606,44.0594,Hotels & Hospitality,hotel,Shaab / Institutional District,False,Hotel,Huteellada & Martida
wda_laanta_zaad_dahabshiil_ee_qaybta_141,Laanta ZAAD & Dahabshiil ee Qaybta 141 (Maxamed Mooge),"Banking kiosk, e-remittance and ZAAD cash-in center in Maxamed Mooge residential & commercial grid, Hargeisa",9.51438,44.10419,Banks & Financial,bank,Maxamed Mooge,False,Landmark,Bangiyada & Xawaaladaha
wda_laanta_taaj_edahab_express_ee_qa_142,Laanta TAAJ & Edahab Express ee Qaybta 142 (New Hargeisa),"Financial services, money transfer and remittance desk in New Hargeisa residential & commercial grid, Hargeisa",9.55001,44.09689,Banks & Financial,bank,New Hargeisa,False,Landmark,Bangiyada & Xawaaladaha
wda_xafiiska_adeegga_somtel_telesom__143,Xafiiska Adeegga Somtel & Telesom ee Qaybta 143 (Daami),"Telecommunications branch, SIM registration and fiber service hub in Daami residential & commercial grid, Hargeisa",9.57164,44.0836,Corporate & Utilities,corporate,Daami,False,Building2,Shirkadaha & Isgaadhsiinta
wda_xarunta_korontada_sompower_ee_qa_144,Xarunta Korontada Sompower ee Qaybta 144 (Shiraaqle),"District electrical distribution and bill payment center in Shiraaqle residential & commercial grid, Hargeisa",9.55922,44.10379,Corporate & Utilities,utility,Shiraaqle,False,Zap,Korontada & Biyaha
wda_xafiiska_waaxda_dowladda_hoose_e_145,Xafiiska Waaxda Dowladda Hoose ee Qaybta 145 (Koodbuur),"Municipal sub-office and local civic administration center in Koodbuur residential & commercial grid, Hargeisa",9.57043,44.0447,Government & Civic,government,Koodbuur,False,Landmark,Hay'adaha Dowladda
wda_maqaayadda_cuntada_hiddaha_dhaqa_146,Maqaayadda Cuntada Hiddaha & Dhaqanka ee Qaybta 146 (Airport Zone / Masalaha),"Traditional Somali dishes and family restaurant in Airport Zone / Masalaha residential & commercial grid, Hargeisa",9.51675,44.09049,Restaurants & Cafes,restaurant,Airport Zone / Masalaha,False,Utensils,Maqaayadaha & Kafateeriyada
wda_kafateeriyada_qahwada_casriga_ah_147,Kafateeriyada & Qahwada Casriga ah ee Qaybta 147 (Kilalka / Sheikh Nuur East),"Modern coffee house and light dining lounge in Kilalka / Sheikh Nuur East residential & commercial grid, Hargeisa",9.56843,44.0972,Restaurants & Cafes,restaurant,Kilalka / Sheikh Nuur East,False,Utensils,Maqaayadaha & Kafateeriyada
wda_xarunta_ngo_yada_iyo_samafalka_e_148,Xarunta NGO-yada iyo Samafalka ee Qaybta 148 (Goljano District),"Non-governmental development agency & aid office in Goljano District residential & commercial grid, Hargeisa",9.55535,44.0835,NGOs & Humanitarian,ngo,Goljano District,False,Globe,Hay'adaha Samafalka (NGOs)
wda_jidka_iyo_wadada_weyn_ee_qaybta__149,Jidka iyo Wadada Weyn ee Qaybta 149 (Biyo Dhacay Area),"Major paved road corridor and arterial avenue in Biyo Dhacay Area residential & commercial grid, Hargeisa",9.55306,44.0764,Roads & Arterials,arterial_road,Biyo Dhacay Area,False,Navigation,Waddooyinka & Jidadka
wda_xaafada_deganaanshaha_ee_qaybta__150,Xaafada Deganaanshaha ee Qaybta 150 (Xero Awr / Hero Awr),"Quiet residential enclave and community living sector in Xero Awr / Hero Awr residential & commercial grid, Hargeisa",9.56305,44.051,Xaafadaha (Districts),neighborhood,Xero Awr / Hero Awr,False,Home,Xaafadaha & Degmooyinka
wda_cusbitaalka_gurmadka_caafimaadka_151,Cusbitaalka Gurmadka Caafimaadka ee Qaybta 151 (Downtown Waheen),"Specialized neighborhood clinic & emergency health post in Downtown Waheen residential & commercial grid, Hargeisa",9.56471,44.06886,Hospitals & Healthcare,hospital,Downtown Waheen,False,HeartPulse,Cusbitaallada & Rugaha Caafimaadka
wda_rugta_daryeelka_hooyada_dhallaan_152,Rugta Daryeelka Hooyada & Dhallaanka ee Qaybta 152 (Jigjiga Yar),"Maternal and child care dispensary center in Jigjiga Yar residential & commercial grid, Hargeisa",9.58139,44.03608,Hospitals & Healthcare,hospital,Jigjiga Yar,False,HeartPulse,Cusbitaallada & Rugaha Caafimaadka
wda_farmasiga_shacabka_caafimaadka_e_153,Farmasiga Shacabka & Caafimaadka ee Qaybta 153 (Ahmed Dhagax),"24/7 community pharmacy and dispensary outpost in Ahmed Dhagax residential & commercial grid, Hargeisa",9.55907,44.05129,Hospitals & Healthcare,hospital,Ahmed Dhagax,False,HeartPulse,Cusbitaallada & Rugaha Caafimaadka
wda_dugsiga_hoose_dhexe_ee_waxbarash_154,Dugsiga Hoose/Dhexe ee Waxbarashada Qaybta 154 (150 Highway),"Public primary & intermediate school campus in 150 Highway residential & commercial grid, Hargeisa",9.58624,44.05351,Schools & Universities,school,150 Highway,False,GraduationCap,Dugsiyada & Waxbarashada
wda_akadeemiyada_casriga_ah_ee_qaybt_155,Akadeemiyada Casriga ah ee Qaybta 155 (Shaab / Institutional District),"Modern high school and STEM educational institute in Shaab / Institutional District residential & commercial grid, Hargeisa",9.56216,44.05901,Schools & Universities,school,Shaab / Institutional District,False,GraduationCap,Dugsiyada & Waxbarashada
wda_machadka_tababarka_xirfadaha_ee__156,Machadka Tababarka Xirfadaha ee Qaybta 156 (Maxamed Mooge),"Vocational and technical training college center in Maxamed Mooge residential & commercial grid, Hargeisa",9.52397,44.10358,Schools & Universities,university,Maxamed Mooge,False,GraduationCap,Jaamacadaha & Kuliyadaha
wda_masjidka_jaamaca_ee_qaybta_157_n_157,Masjidka Jaamaca ee Qaybta 157 (New Hargeisa),"Congregational Friday mosque with community prayer hall in New Hargeisa residential & commercial grid, Hargeisa",9.55829,44.09637,Mosques (Masaajidda),place_of_worship,New Hargeisa,False,Moon,Masaajidda
wda_masjidka_al_imaan_ee_qaybta_158__158,Masjidka Al-Imaan ee Qaybta 158 (Daami),"Neighborhood community mosque and Quranic learning hub in Daami residential & commercial grid, Hargeisa",9.57861,44.08315,Mosques (Masaajidda),place_of_worship,Daami,False,Moon,Masaajidda
wda_suuqa_khdaarta_iyo_ganacsiga_ee__159,Suuqa Khdaarta iyo Ganacsiga ee Qaybta 159 (Shiraaqle),"Neighborhood open-air fresh market and commercial trade zone in Shiraaqle residential & commercial grid, Hargeisa",9.56707,44.10329,Markets & Malls,mall,Shiraaqle,False,ShoppingBag,Suuqyada & Xarumaha Ganacsiga
wda_xarunta_ganacsiga_supermarket_ee_160,Xarunta Ganacsiga & Supermarket ee Qaybta 160 (Koodbuur),"Modern multi-store retail grocery and provisions shopping center in Koodbuur residential & commercial grid, Hargeisa",9.57784,44.04422,Markets & Malls,mall,Koodbuur,False,ShoppingBag,Suuqyada & Xarumaha Ganacsiga
wda_kaalinta_shidaalka_hass_national_161,Kaalinta Shidaalka Hass / National ee Qaybta 161 (Airport Zone / Masalaha),"Service petrol station, diesel dispenser and tire service in Airport Zone / Masalaha residential & commercial grid, Hargeisa",9.52765,44.0898,Fuel Stations (Kaalmaha Shidaalka),fuel,Airport Zone / Masalaha,False,Fuel,Kaalmaha Shidaalka
wda_kaalinta_shidaalka_gaaska_ee_qay_162,Kaalinta Shidaalka & Gaaska ee Qaybta 162 (Kilalka / Sheikh Nuur East),"Fuel station and LPG domestic gas distribution depot in Kilalka / Sheikh Nuur East residential & commercial grid, Hargeisa",9.57584,44.09672,Fuel Stations (Kaalmaha Shidaalka),fuel,Kilalka / Sheikh Nuur East,False,Fuel,Kaalmaha Shidaalka
wda_istaanka_gaadiidka_dadweynaha_ee_163,Istaanka Gaadiidka Dadweynaha ee Qaybta 163 (Goljano District),"Minibus terminal and designated passenger pick-and-drop stop in Goljano District residential & commercial grid, Hargeisa",9.56189,44.08308,Transport & Terminals,transit_station,Goljano District,False,Navigation,Istaannada & Gaadiidka
wda_isgoyska_weyn_ee_gaadiidka_ee_qa_164,Isgoyska Weyn ee Gaadiidka ee Qaybta 164 (Biyo Dhacay Area),"Major road intersection and inter-district transit artery in Biyo Dhacay Area residential & commercial grid, Hargeisa",9.55916,44.07601,Transport & Terminals,transit_station,Biyo Dhacay Area,False,Navigation,Istaannada & Gaadiidka
wda_huteelka_nasashada_martida_ee_qa_165,Huteelka Nasashada & Martida ee Qaybta 165 (Xero Awr / Hero Awr),"Comfortable guest lodging and family dining restaurant in Xero Awr / Hero Awr residential & commercial grid, Hargeisa",9.56959,44.05058,Hotels & Hospitality,hotel,Xero Awr / Hero Awr,False,Hotel,Huteellada & Martida
wda_laanta_zaad_dahabshiil_ee_qaybta_166,Laanta ZAAD & Dahabshiil ee Qaybta 166 (Downtown Waheen),"Banking kiosk, e-remittance and ZAAD cash-in center in Downtown Waheen residential & commercial grid, Hargeisa",9.56055,44.06546,Banks & Financial,bank,Downtown Waheen,False,Landmark,Bangiyada & Xawaaladaha
wda_laanta_taaj_edahab_express_ee_qa_167,Laanta TAAJ & Edahab Express ee Qaybta 167 (Jigjiga Yar),"Financial services, money transfer and remittance desk in Jigjiga Yar residential & commercial grid, Hargeisa",9.57619,44.03182,Banks & Financial,bank,Jigjiga Yar,False,Landmark,Bangiyada & Xawaaladaha
wda_xafiiska_adeegga_somtel_telesom__168,Xafiiska Adeegga Somtel & Telesom ee Qaybta 168 (Ahmed Dhagax),"Telecommunications branch, SIM registration and fiber service hub in Ahmed Dhagax residential & commercial grid, Hargeisa",9.55282,44.04619,Corporate & Utilities,corporate,Ahmed Dhagax,False,Building2,Shirkadaha & Isgaadhsiinta
wda_xarunta_korontada_sompower_ee_qa_169,Xarunta Korontada Sompower ee Qaybta 169 (150 Highway),"District electrical distribution and bill payment center in 150 Highway residential & commercial grid, Hargeisa",9.57896,44.04755,Corporate & Utilities,utility,150 Highway,False,Zap,Korontada & Biyaha
wda_xafiiska_waaxda_dowladda_hoose_e_170,Xafiiska Waaxda Dowladda Hoose ee Qaybta 170 (Shaab / Institutional District),"Municipal sub-office and local civic administration center in Shaab / Institutional District residential & commercial grid, Hargeisa",9.55731,44.05504,Government & Civic,government,Shaab / Institutional District,False,Landmark,Hay'adaha Dowladda
wda_maqaayadda_cuntada_hiddaha_dhaqa_171,Maqaayadda Cuntada Hiddaha & Dhaqanka ee Qaybta 171 (Maxamed Mooge),"Traditional Somali dishes and family restaurant in Maxamed Mooge residential & commercial grid, Hargeisa",9.51634,44.09734,Restaurants & Cafes,restaurant,Maxamed Mooge,False,Utensils,Maqaayadaha & Kafateeriyada
wda_kafateeriyada_qahwada_casriga_ah_172,Kafateeriyada & Qahwada Casriga ah ee Qaybta 172 (New Hargeisa),"Modern coffee house and light dining lounge in New Hargeisa residential & commercial grid, Hargeisa",9.5517,44.09098,Restaurants & Cafes,restaurant,New Hargeisa,False,Utensils,Maqaayadaha & Kafateeriyada
wda_xarunta_ngo_yada_iyo_samafalka_e_173,Xarunta NGO-yada iyo Samafalka ee Qaybta 173 (Daami),"Non-governmental development agency & aid office in Daami residential & commercial grid, Hargeisa",9.57306,44.07861,NGOs & Humanitarian,ngo,Daami,False,Globe,Hay'adaha Samafalka (NGOs)
wda_jidka_iyo_wadada_weyn_ee_qaybta__174,Jidka iyo Wadada Weyn ee Qaybta 174 (Shiraaqle),"Major paved road corridor and arterial avenue in Shiraaqle residential & commercial grid, Hargeisa",9.56082,44.09819,Roads & Arterials,arterial_road,Shiraaqle,False,Navigation,Waddooyinka & Jidadka
wda_xaafada_deganaanshaha_ee_qaybta__175,Xaafada Deganaanshaha ee Qaybta 175 (Koodbuur),"Quiet residential enclave and community living sector in Koodbuur residential & commercial grid, Hargeisa",9.57194,44.0394,Xaafadaha (Districts),neighborhood,Koodbuur,False,Home,Xaafadaha & Degmooyinka
wda_cusbitaalka_gurmadka_caafimaadka_176,Cusbitaalka Gurmadka Caafimaadka ee Qaybta 176 (Airport Zone / Masalaha),"Specialized neighborhood clinic & emergency health post in Airport Zone / Masalaha residential & commercial grid, Hargeisa",9.51898,44.08271,Hospitals & Healthcare,hospital,Airport Zone / Masalaha,False,HeartPulse,Cusbitaallada & Rugaha Caafimaadka
wda_rugta_daryeelka_hooyada_dhallaan_177,Rugta Daryeelka Hooyada & Dhallaanka ee Qaybta 177 (Kilalka / Sheikh Nuur East),"Maternal and child care dispensary center in Kilalka / Sheikh Nuur East residential & commercial grid, Hargeisa",9.56994,44.0919,Hospitals & Healthcare,hospital,Kilalka / Sheikh Nuur East,False,HeartPulse,Cusbitaallada & Rugaha Caafimaadka
wda_farmasiga_shacabka_caafimaadka_e_178,Farmasiga Shacabka & Caafimaadka ee Qaybta 178 (Goljano District),"24/7 community pharmacy and dispensary outpost in Goljano District residential & commercial grid, Hargeisa",9.55669,44.07883,Hospitals & Healthcare,hospital,Goljano District,False,HeartPulse,Cusbitaallada & Rugaha Caafimaadka
wda_dugsiga_hoose_dhexe_ee_waxbarash_179,Dugsiga Hoose/Dhexe ee Waxbarashada Qaybta 179 (Biyo Dhacay Area),"Public primary & intermediate school campus in Biyo Dhacay Area residential & commercial grid, Hargeisa",9.55431,44.07204,Schools & Universities,school,Biyo Dhacay Area,False,GraduationCap,Dugsiyada & Waxbarashada
wda_akadeemiyada_casriga_ah_ee_qaybt_180,Akadeemiyada Casriga ah ee Qaybta 180 (Xero Awr / Hero Awr),"Modern high school and STEM educational institute in Xero Awr / Hero Awr residential & commercial grid, Hargeisa",9.56439,44.04632,Schools & Universities,school,Xero Awr / Hero Awr,False,GraduationCap,Dugsiyada & Waxbarashada
wda_machadka_tababarka_xirfadaha_ee__181,Machadka Tababarka Xirfadaha ee Qaybta 181 (Downtown Waheen),"Vocational and technical training college center in Downtown Waheen residential & commercial grid, Hargeisa",9.56137,44.07092,Schools & Universities,university,Downtown Waheen,False,GraduationCap,Jaamacadaha & Kuliyadaha
wda_masjidka_jaamaca_ee_qaybta_182_j_182,Masjidka Jaamaca ee Qaybta 182 (Jigjiga Yar),"Congregational Friday mosque with community prayer hall in Jigjiga Yar residential & commercial grid, Hargeisa",9.57721,44.03865,Mosques (Masaajidda),place_of_worship,Jigjiga Yar,False,Moon,Masaajidda
wda_masjidka_al_imaan_ee_qaybta_183__183,Masjidka Al-Imaan ee Qaybta 183 (Ahmed Dhagax),"Neighborhood community mosque and Quranic learning hub in Ahmed Dhagax residential & commercial grid, Hargeisa",9.55405,44.05438,Mosques (Masaajidda),place_of_worship,Ahmed Dhagax,False,Moon,Masaajidda
wda_suuqa_khdaarta_iyo_ganacsiga_ee__184,Suuqa Khdaarta iyo Ganacsiga ee Qaybta 184 (150 Highway),"Neighborhood open-air fresh market and commercial trade zone in 150 Highway residential & commercial grid, Hargeisa",9.58039,44.05711,Markets & Malls,mall,150 Highway,False,ShoppingBag,Suuqyada & Xarumaha Ganacsiga
wda_xarunta_ganacsiga_supermarket_ee_185,Xarunta Ganacsiga & Supermarket ee Qaybta 185 (Shaab / Institutional District),"Modern multi-store retail grocery and provisions shopping center in Shaab / Institutional District residential & commercial grid, Hargeisa",9.55826,44.06141,Markets & Malls,mall,Shaab / Institutional District,False,ShoppingBag,Suuqyada & Xarumaha Ganacsiga
wda_kaalinta_shidaalka_hass_national_186,Kaalinta Shidaalka Hass / National ee Qaybta 186 (Maxamed Mooge),"Service petrol station, diesel dispenser and tire service in Maxamed Mooge residential & commercial grid, Hargeisa",9.51784,44.10735,Fuel Stations (Kaalmaha Shidaalka),fuel,Maxamed Mooge,False,Fuel,Kaalmaha Shidaalka
wda_kaalinta_shidaalka_gaaska_ee_qay_187,Kaalinta Shidaalka & Gaaska ee Qaybta 187 (New Hargeisa),"Fuel station and LPG domestic gas distribution depot in New Hargeisa residential & commercial grid, Hargeisa",9.553,44.09962,Fuel Stations (Kaalmaha Shidaalka),fuel,New Hargeisa,False,Fuel,Kaalmaha Shidaalka
wda_istaanka_gaadiidka_dadweynaha_ee_188,Istaanka Gaadiidka Dadweynaha ee Qaybta 188 (Daami),"Minibus terminal and designated passenger pick-and-drop stop in Daami residential & commercial grid, Hargeisa",9.57416,44.08589,Transport & Terminals,transit_station,Daami,False,Navigation,Istaannada & Gaadiidka
wda_isgoyska_weyn_ee_gaadiidka_ee_qa_189,Isgoyska Weyn ee Gaadiidka ee Qaybta 189 (Shiraaqle),"Major road intersection and inter-district transit artery in Shiraaqle residential & commercial grid, Hargeisa",9.56205,44.10638,Transport & Terminals,transit_station,Shiraaqle,False,Navigation,Istaannada & Gaadiidka
wda_huteelka_nasashada_martida_ee_qa_190,Huteelka Nasashada & Martida ee Qaybta 190 (Koodbuur),"Comfortable guest lodging and family dining restaurant in Koodbuur residential & commercial grid, Hargeisa",9.5731,44.04714,Hotels & Hospitality,hotel,Koodbuur,False,Hotel,Huteellada & Martida
wda_laanta_zaad_dahabshiil_ee_qaybta_191,Laanta ZAAD & Dahabshiil ee Qaybta 191 (Airport Zone / Masalaha),"Banking kiosk, e-remittance and ZAAD cash-in center in Airport Zone / Masalaha residential & commercial grid, Hargeisa",9.52068,44.09408,Banks & Financial,bank,Airport Zone / Masalaha,False,Landmark,Bangiyada & Xawaaladaha
wda_laanta_taaj_edahab_express_ee_qa_192,Laanta TAAJ & Edahab Express ee Qaybta 192 (Kilalka / Sheikh Nuur East),"Financial services, money transfer and remittance desk in Kilalka / Sheikh Nuur East residential & commercial grid, Hargeisa",9.5711,44.09963,Banks & Financial,bank,Kilalka / Sheikh Nuur East,False,Landmark,Bangiyada & Xawaaladaha
wda_xafiiska_adeegga_somtel_telesom__193,Xafiiska Adeegga Somtel & Telesom ee Qaybta 193 (Goljano District),"Telecommunications branch, SIM registration and fiber service hub in Goljano District residential & commercial grid, Hargeisa",9.55771,44.08565,Corporate & Utilities,corporate,Goljano District,False,Building2,Shirkadaha & Isgaadhsiinta
wda_xarunta_korontada_sompower_ee_qa_194,Xarunta Korontada Sompower ee Qaybta 194 (Biyo Dhacay Area),"District electrical distribution and bill payment center in Biyo Dhacay Area residential & commercial grid, Hargeisa",9.55526,44.07841,Corporate & Utilities,utility,Biyo Dhacay Area,False,Zap,Korontada & Biyaha
wda_xafiiska_waaxda_dowladda_hoose_e_195,Xafiiska Waaxda Dowladda Hoose ee Qaybta 195 (Xero Awr / Hero Awr),"Municipal sub-office and local civic administration center in Xero Awr / Hero Awr residential & commercial grid, Hargeisa",9.56541,44.05315,Government & Civic,government,Xero Awr / Hero Awr,False,Landmark,Hay'adaha Dowladda
wda_maqaayadda_cuntada_hiddaha_dhaqa_196,Maqaayadda Cuntada Hiddaha & Dhaqanka ee Qaybta 196 (Downtown Waheen),"Traditional Somali dishes and family restaurant in Downtown Waheen residential & commercial grid, Hargeisa",9.56445,44.06625,Restaurants & Cafes,restaurant,Downtown Waheen,False,Utensils,Maqaayadaha & Kafateeriyada
wda_kafateeriyada_qahwada_casriga_ah_197,Kafateeriyada & Qahwada Casriga ah ee Qaybta 197 (Jigjiga Yar),"Modern coffee house and light dining lounge in Jigjiga Yar residential & commercial grid, Hargeisa",9.58106,44.03282,Restaurants & Cafes,restaurant,Jigjiga Yar,False,Utensils,Maqaayadaha & Kafateeriyada
wda_xarunta_ngo_yada_iyo_samafalka_e_198,Xarunta NGO-yada iyo Samafalka ee Qaybta 198 (Ahmed Dhagax),"Non-governmental development agency & aid office in Ahmed Dhagax residential & commercial grid, Hargeisa",9.55868,44.04738,NGOs & Humanitarian,ngo,Ahmed Dhagax,False,Globe,Hay'adaha Samafalka (NGOs)
wda_jidka_iyo_wadada_weyn_ee_qaybta__199,Jidka iyo Wadada Weyn ee Qaybta 199 (150 Highway),"Major paved road corridor and arterial avenue in 150 Highway residential & commercial grid, Hargeisa",9.58579,44.04894,Roads & Arterials,arterial_road,150 Highway,False,Navigation,Waddooyinka & Jidadka
wda_xaafada_deganaanshaha_ee_qaybta__200,Xaafada Deganaanshaha ee Qaybta 200 (Shaab / Institutional District),"Quiet residential enclave and community living sector in Shaab / Institutional District residential & commercial grid, Hargeisa",9.56186,44.05596,Xaafadaha (Districts),neighborhood,Shaab / Institutional District,False,Home,Xaafadaha & Degmooyinka
wda_cusbitaalka_gurmadka_caafimaadka_201,Cusbitaalka Gurmadka Caafimaadka ee Qaybta 201 (Maxamed Mooge),"Specialized neighborhood clinic & emergency health post in Maxamed Mooge residential & commercial grid, Hargeisa",9.52349,44.0988,Hospitals & Healthcare,hospital,Maxamed Mooge,False,HeartPulse,Cusbitaallada & Rugaha Caafimaadka
wda_rugta_daryeelka_hooyada_dhallaan_202,Rugta Daryeelka Hooyada & Dhallaanka ee Qaybta 202 (New Hargeisa),"Maternal and child care dispensary center in New Hargeisa residential & commercial grid, Hargeisa",9.55788,44.09223,Hospitals & Healthcare,hospital,New Hargeisa,False,HeartPulse,Cusbitaallada & Rugaha Caafimaadka
wda_farmasiga_shacabka_caafimaadka_e_203,Farmasiga Shacabka & Caafimaadka ee Qaybta 203 (Daami),"24/7 community pharmacy and dispensary outpost in Daami residential & commercial grid, Hargeisa",9.57827,44.07967,Hospitals & Healthcare,hospital,Daami,False,HeartPulse,Cusbitaallada & Rugaha Caafimaadka
wda_dugsiga_hoose_dhexe_ee_waxbarash_204,Dugsiga Hoose/Dhexe ee Waxbarashada Qaybta 204 (Shiraaqle),"Public primary & intermediate school campus in Shiraaqle residential & commercial grid, Hargeisa",9.56668,44.09938,Schools & Universities,school,Shiraaqle,False,GraduationCap,Dugsiyada & Waxbarashada
wda_akadeemiyada_casriga_ah_ee_qaybt_205,Akadeemiyada Casriga ah ee Qaybta 205 (Koodbuur),"Modern high school and STEM educational institute in Koodbuur residential & commercial grid, Hargeisa",9.57747,44.04052,Schools & Universities,school,Koodbuur,False,GraduationCap,Dugsiyada & Waxbarashada
wda_machadka_tababarka_xirfadaha_ee__206,Machadka Tababarka Xirfadaha ee Qaybta 206 (Airport Zone / Masalaha),"Vocational and technical training college center in Airport Zone / Masalaha residential & commercial grid, Hargeisa",9.52711,44.08436,Schools & Universities,university,Airport Zone / Masalaha,False,GraduationCap,Jaamacadaha & Kuliyadaha
wda_masjidka_jaamaca_ee_qaybta_207_k_207,Masjidka Jaamaca ee Qaybta 207 (Kilalka / Sheikh Nuur East),"Congregational Friday mosque with community prayer hall in Kilalka / Sheikh Nuur East residential & commercial grid, Hargeisa",9.57547,44.09302,Mosques (Masaajidda),place_of_worship,Kilalka / Sheikh Nuur East,False,Moon,Masaajidda
wda_masjidka_al_imaan_ee_qaybta_208__208,Masjidka Al-Imaan ee Qaybta 208 (Goljano District),"Neighborhood community mosque and Quranic learning hub in Goljano District residential & commercial grid, Hargeisa",9.56156,44.07982,Mosques (Masaajidda),place_of_worship,Goljano District,False,Moon,Masaajidda
wda_suuqa_khdaarta_iyo_ganacsiga_ee__209,Suuqa Khdaarta iyo Ganacsiga ee Qaybta 209 (Biyo Dhacay Area),"Neighborhood open-air fresh market and commercial trade zone in Biyo Dhacay Area residential & commercial grid, Hargeisa",9.55886,44.07296,Markets & Malls,mall,Biyo Dhacay Area,False,ShoppingBag,Suuqyada & Xarumaha Ganacsiga
wda_xarunta_ganacsiga_supermarket_ee_210,Xarunta Ganacsiga & Supermarket ee Qaybta 210 (Xero Awr / Hero Awr),"Modern multi-store retail grocery and provisions shopping center in Xero Awr / Hero Awr residential & commercial grid, Hargeisa",9.56926,44.04732,Markets & Malls,mall,Xero Awr / Hero Awr,False,ShoppingBag,Suuqyada & Xarumaha Ganacsiga
wda_kaalinta_shidaalka_hass_national_211,Kaalinta Shidaalka Hass / National ee Qaybta 211 (Downtown Waheen),"Service petrol station, diesel dispenser and tire service in Downtown Waheen residential & commercial grid, Hargeisa",9.55898,44.0676,Fuel Stations (Kaalmaha Shidaalka),fuel,Downtown Waheen,False,Fuel,Kaalmaha Shidaalka
wda_kaalinta_shidaalka_gaaska_ee_qay_212,Kaalinta Shidaalka & Gaaska ee Qaybta 212 (Jigjiga Yar),"Fuel station and LPG domestic gas distribution depot in Jigjiga Yar residential & commercial grid, Hargeisa",9.57423,44.0345,Fuel Stations (Kaalmaha Shidaalka),fuel,Jigjiga Yar,False,Fuel,Kaalmaha Shidaalka
wda_istaanka_gaadiidka_dadweynaha_ee_213,Istaanka Gaadiidka Dadweynaha ee Qaybta 213 (Ahmed Dhagax),"Minibus terminal and designated passenger pick-and-drop stop in Ahmed Dhagax residential & commercial grid, Hargeisa",9.55047,44.0494,Transport & Terminals,transit_station,Ahmed Dhagax,False,Navigation,Istaannada & Gaadiidka
wda_isgoyska_weyn_ee_gaadiidka_ee_qa_214,Isgoyska Weyn ee Gaadiidka ee Qaybta 214 (150 Highway),"Major road intersection and inter-district transit artery in 150 Highway residential & commercial grid, Hargeisa",9.57622,44.05131,Transport & Terminals,transit_station,150 Highway,False,Navigation,Istaannada & Gaadiidka
wda_huteelka_nasashada_martida_ee_qa_215,Huteelka Nasashada & Martida ee Qaybta 215 (Shaab / Institutional District),"Comfortable guest lodging and family dining restaurant in Shaab / Institutional District residential & commercial grid, Hargeisa",9.55548,44.05754,Hotels & Hospitality,hotel,Shaab / Institutional District,False,Hotel,Huteellada & Martida
wda_laanta_zaad_dahabshiil_ee_qaybta_216,Laanta ZAAD & Dahabshiil ee Qaybta 216 (Maxamed Mooge),"Banking kiosk, e-remittance and ZAAD cash-in center in Maxamed Mooge residential & commercial grid, Hargeisa",9.51346,44.10127,Banks & Financial,bank,Maxamed Mooge,False,Landmark,Bangiyada & Xawaaladaha
wda_laanta_taaj_edahab_express_ee_qa_217,Laanta TAAJ & Edahab Express ee Qaybta 217 (New Hargeisa),"Financial services, money transfer and remittance desk in New Hargeisa residential & commercial grid, Hargeisa",9.54922,44.09437,Banks & Financial,bank,New Hargeisa,False,Landmark,Bangiyada & Xawaaladaha
wda_xafiiska_adeegga_somtel_telesom__218,Xafiiska Adeegga Somtel & Telesom ee Qaybta 218 (Daami),"Telecommunications branch, SIM registration and fiber service hub in Daami residential & commercial grid, Hargeisa",9.57097,44.08147,Corporate & Utilities,corporate,Daami,False,Building2,Shirkadaha & Isgaadhsiinta
wda_xarunta_korontada_sompower_ee_qa_219,Xarunta Korontada Sompower ee Qaybta 219 (Shiraaqle),"District electrical distribution and bill payment center in Shiraaqle residential & commercial grid, Hargeisa",9.55847,44.1014,Corporate & Utilities,utility,Shiraaqle,False,Zap,Korontada & Biyaha
wda_xafiiska_waaxda_dowladda_hoose_e_220,Xafiiska Waaxda Dowladda Hoose ee Qaybta 220 (Koodbuur),"Municipal sub-office and local civic administration center in Koodbuur residential & commercial grid, Hargeisa",9.56972,44.04244,Government & Civic,government,Koodbuur,False,Landmark,Hay'adaha Dowladda
wda_maqaayadda_cuntada_hiddaha_dhaqa_221,Maqaayadda Cuntada Hiddaha & Dhaqanka ee Qaybta 221 (Airport Zone / Masalaha),"Traditional Somali dishes and family restaurant in Airport Zone / Masalaha residential & commercial grid, Hargeisa",9.51571,44.08717,Restaurants & Cafes,restaurant,Airport Zone / Masalaha,False,Utensils,Maqaayadaha & Kafateeriyada
wda_kafateeriyada_qahwada_casriga_ah_222,Kafateeriyada & Qahwada Casriga ah ee Qaybta 222 (Kilalka / Sheikh Nuur East),"Modern coffee house and light dining lounge in Kilalka / Sheikh Nuur East residential & commercial grid, Hargeisa",9.56772,44.09494,Restaurants & Cafes,restaurant,Kilalka / Sheikh Nuur East,False,Utensils,Maqaayadaha & Kafateeriyada
wda_xarunta_ngo_yada_iyo_samafalka_e_223,Xarunta NGO-yada iyo Samafalka ee Qaybta 223 (Goljano District),"Non-governmental development agency & aid office in Goljano District residential & commercial grid, Hargeisa",9.55473,44.0815,NGOs & Humanitarian,ngo,Goljano District,False,Globe,Hay'adaha Samafalka (NGOs)
wda_jidka_iyo_wadada_weyn_ee_qaybta__224,Jidka iyo Wadada Weyn ee Qaybta 224 (Biyo Dhacay Area),"Major paved road corridor and arterial avenue in Biyo Dhacay Area residential & commercial grid, Hargeisa",9.55248,44.07454,Roads & Arterials,arterial_road,Biyo Dhacay Area,False,Navigation,Waddooyinka & Jidadka
wda_xaafada_deganaanshaha_ee_qaybta__225,Xaafada Deganaanshaha ee Qaybta 225 (Xero Awr / Hero Awr),"Quiet residential enclave and community living sector in Xero Awr / Hero Awr residential & commercial grid, Hargeisa",9.56243,44.049,Xaafadaha (Districts),neighborhood,Xero Awr / Hero Awr,False,Home,Xaafadaha & Degmooyinka
wda_cusbitaalka_gurmadka_caafimaadka_226,Cusbitaalka Gurmadka Caafimaadka ee Qaybta 226 (Downtown Waheen),"Specialized neighborhood clinic & emergency health post in Downtown Waheen residential & commercial grid, Hargeisa",9.56399,44.0704,Hospitals & Healthcare,hospital,Downtown Waheen,False,HeartPulse,Cusbitaallada & Rugaha Caafimaadka
wda_rugta_daryeelka_hooyada_dhallaan_227,Rugta Daryeelka Hooyada & Dhallaanka ee Qaybta 227 (Jigjiga Yar),"Maternal and child care dispensary center in Jigjiga Yar residential & commercial grid, Hargeisa",9.58049,44.038,Hospitals & Healthcare,hospital,Jigjiga Yar,False,HeartPulse,Cusbitaallada & Rugaha Caafimaadka
wda_farmasiga_shacabka_caafimaadka_e_228,Farmasiga Shacabka & Caafimaadka ee Qaybta 228 (Ahmed Dhagax),"24/7 community pharmacy and dispensary outpost in Ahmed Dhagax residential & commercial grid, Hargeisa",9.55799,44.0536,Hospitals & Healthcare,hospital,Ahmed Dhagax,False,HeartPulse,Cusbitaallada & Rugaha Caafimaadka
wda_dugsiga_hoose_dhexe_ee_waxbarash_229,Dugsiga Hoose/Dhexe ee Waxbarashada Qaybta 229 (150 Highway),"Public primary & intermediate school campus in 150 Highway residential & commercial grid, Hargeisa",9.58499,44.0562,Schools & Universities,school,150 Highway,False,GraduationCap,Dugsiyada & Waxbarashada
wda_akadeemiyada_casriga_ah_ee_qaybt_230,Akadeemiyada Casriga ah ee Qaybta 230 (Shaab / Institutional District),"Modern high school and STEM educational institute in Shaab / Institutional District residential & commercial grid, Hargeisa",9.56132,44.0608,Schools & Universities,school,Shaab / Institutional District,False,GraduationCap,Dugsiyada & Waxbarashada
wda_machadka_tababarka_xirfadaha_ee__231,Machadka Tababarka Xirfadaha ee Qaybta 231 (Maxamed Mooge),"Vocational and technical training college center in Maxamed Mooge residential & commercial grid, Hargeisa",9.52265,44.10639,Schools & Universities,university,Maxamed Mooge,False,GraduationCap,Jaamacadaha & Kuliyadaha
wda_masjidka_jaamaca_ee_qaybta_232_n_232,Masjidka Jaamaca ee Qaybta 232 (New Hargeisa),"Congregational Friday mosque with community prayer hall in New Hargeisa residential & commercial grid, Hargeisa",9.55715,44.0988,Mosques (Masaajidda),place_of_worship,New Hargeisa,False,Moon,Masaajidda
wda_masjidka_al_imaan_ee_qaybta_233__233,Masjidka Al-Imaan ee Qaybta 233 (Daami),"Neighborhood community mosque and Quranic learning hub in Daami residential & commercial grid, Hargeisa",9.57766,44.0852,Mosques (Masaajidda),place_of_worship,Daami,False,Moon,Masaajidda
wda_suuqa_khdaarta_iyo_ganacsiga_ee__234,Suuqa Khdaarta iyo Ganacsiga ee Qaybta 234 (Shiraaqle),"Neighborhood open-air fresh market and commercial trade zone in Shiraaqle residential & commercial grid, Hargeisa",9.56599,44.1056,Markets & Malls,mall,Shiraaqle,False,ShoppingBag,Suuqyada & Xarumaha Ganacsiga
wda_xarunta_ganacsiga_supermarket_ee_235,Xarunta Ganacsiga & Supermarket ee Qaybta 235 (Koodbuur),"Modern multi-store retail grocery and provisions shopping center in Koodbuur residential & commercial grid, Hargeisa",9.57682,44.0464,Markets & Malls,mall,Koodbuur,False,ShoppingBag,Suuqyada & Xarumaha Ganacsiga
wda_kaalinta_shidaalka_hass_national_236,Kaalinta Shidaalka Hass / National ee Qaybta 236 (Airport Zone / Masalaha),"Service petrol station, diesel dispenser and tire service in Airport Zone / Masalaha residential & commercial grid, Hargeisa",9.52615,44.09299,Fuel Stations (Kaalmaha Shidaalka),fuel,Airport Zone / Masalaha,False,Fuel,Kaalmaha Shidaalka
wda_kaalinta_shidaalka_gaaska_ee_qay_237,Kaalinta Shidaalka & Gaaska ee Qaybta 237 (Kilalka / Sheikh Nuur East),"Fuel station and LPG domestic gas distribution depot in Kilalka / Sheikh Nuur East residential & commercial grid, Hargeisa",9.57482,44.0989,Fuel Stations (Kaalmaha Shidaalka),fuel,Kilalka / Sheikh Nuur East,False,Fuel,Kaalmaha Shidaalka
wda_istaanka_gaadiidka_dadweynaha_ee_238,Istaanka Gaadiidka Dadweynaha ee Qaybta 238 (Goljano District),"Minibus terminal and designated passenger pick-and-drop stop in Goljano District residential & commercial grid, Hargeisa",9.56099,44.085,Transport & Terminals,transit_station,Goljano District,False,Navigation,Istaannada & Gaadiidka
wda_isgoyska_weyn_ee_gaadiidka_ee_qa_239,Isgoyska Weyn ee Gaadiidka ee Qaybta 239 (Biyo Dhacay Area),"Major road intersection and inter-district transit artery in Biyo Dhacay Area residential & commercial grid, Hargeisa",9.55832,44.0778,Transport & Terminals,transit_station,Biyo Dhacay Area,False,Navigation,Istaannada & Gaadiidka
wda_huteelka_nasashada_martida_ee_qa_240,Huteelka Nasashada & Martida ee Qaybta 240 (Xero Awr / Hero Awr),"Comfortable guest lodging and family dining restaurant in Xero Awr / Hero Awr residential & commercial grid, Hargeisa",9.56869,44.0525,Hotels & Hospitality,hotel,Xero Awr / Hero Awr,False,Hotel,Huteellada & Martida
wda_laanta_zaad_dahabshiil_ee_qaybta_241,Laanta ZAAD & Dahabshiil ee Qaybta 241 (Downtown Waheen),"Banking kiosk, e-remittance and ZAAD cash-in center in Downtown Waheen residential & commercial grid, Hargeisa",9.56213,44.06482,Banks & Financial,bank,Downtown Waheen,False,Landmark,Bangiyada & Xawaaladaha
wda_laanta_taaj_edahab_express_ee_qa_242,Laanta TAAJ & Edahab Express ee Qaybta 242 (Jigjiga Yar),"Financial services, money transfer and remittance desk in Jigjiga Yar residential & commercial grid, Hargeisa",9.57816,44.03103,Banks & Financial,bank,Jigjiga Yar,False,Landmark,Bangiyada & Xawaaladaha
wda_xafiiska_adeegga_somtel_telesom__243,Xafiiska Adeegga Somtel & Telesom ee Qaybta 243 (Ahmed Dhagax),"Telecommunications branch, SIM registration and fiber service hub in Ahmed Dhagax residential & commercial grid, Hargeisa",9.55519,44.04523,Corporate & Utilities,corporate,Ahmed Dhagax,False,Building2,Shirkadaha & Isgaadhsiinta
wda_xarunta_korontada_sompower_ee_qa_244,Xarunta Korontada Sompower ee Qaybta 244 (150 Highway),"District electrical distribution and bill payment center in 150 Highway residential & commercial grid, Hargeisa",9.58173,44.04644,Corporate & Utilities,utility,150 Highway,False,Zap,Korontada & Biyaha
wda_xafiiska_waaxda_dowladda_hoose_e_245,Xafiiska Waaxda Dowladda Hoose ee Qaybta 245 (Shaab / Institutional District),"Municipal sub-office and local civic administration center in Shaab / Institutional District residential & commercial grid, Hargeisa",9.55915,44.05429,Government & Civic,government,Shaab / Institutional District,False,Landmark,Hay'adaha Dowladda
wda_maqaayadda_cuntada_hiddaha_dhaqa_246,Maqaayadda Cuntada Hiddaha & Dhaqanka ee Qaybta 246 (Maxamed Mooge),"Traditional Somali dishes and family restaurant in Maxamed Mooge residential & commercial grid, Hargeisa",9.51924,44.09617,Restaurants & Cafes,restaurant,Maxamed Mooge,False,Utensils,Maqaayadaha & Kafateeriyada
wda_kafateeriyada_qahwada_casriga_ah_247,Kafateeriyada & Qahwada Casriga ah ee Qaybta 247 (New Hargeisa),"Modern coffee house and light dining lounge in New Hargeisa residential & commercial grid, Hargeisa",9.55421,44.08997,Restaurants & Cafes,restaurant,New Hargeisa,False,Utensils,Maqaayadaha & Kafateeriyada
wda_xarunta_ngo_yada_iyo_samafalka_e_248,Xarunta NGO-yada iyo Samafalka ee Qaybta 248 (Daami),"Non-governmental development agency & aid office in Daami residential & commercial grid, Hargeisa",9.57517,44.07776,NGOs & Humanitarian,ngo,Daami,False,Globe,Hay'adaha Samafalka (NGOs)
wda_jidka_iyo_wadada_weyn_ee_qaybta__249,Jidka iyo Wadada Weyn ee Qaybta 249 (Shiraaqle),"Major paved road corridor and arterial avenue in Shiraaqle residential & commercial grid, Hargeisa",9.56319,44.09723,Roads & Arterials,arterial_road,Shiraaqle,False,Navigation,Waddooyinka & Jidadka
wda_xaafada_deganaanshaha_ee_qaybta__250,Xaafada Deganaanshaha ee Qaybta 250 (Koodbuur),"Quiet residential enclave and community living sector in Koodbuur residential & commercial grid, Hargeisa",9.57418,44.0385,Xaafadaha (Districts),neighborhood,Koodbuur,False,Home,Xaafadaha & Degmooyinka
wda_cusbitaalka_gurmadka_caafimaadka_251,Cusbitaalka Gurmadka Caafimaadka ee Qaybta 251 (Airport Zone / Masalaha),"Specialized neighborhood clinic & emergency health post in Airport Zone / Masalaha residential & commercial grid, Hargeisa",9.52227,44.08138,Hospitals & Healthcare,hospital,Airport Zone / Masalaha,False,HeartPulse,Cusbitaallada & Rugaha Caafimaadka
wda_rugta_daryeelka_hooyada_dhallaan_252,Rugta Daryeelka Hooyada & Dhallaanka ee Qaybta 252 (Kilalka / Sheikh Nuur East),"Maternal and child care dispensary center in Kilalka / Sheikh Nuur East residential & commercial grid, Hargeisa",9.57218,44.091,Hospitals & Healthcare,hospital,Kilalka / Sheikh Nuur East,False,HeartPulse,Cusbitaallada & Rugaha Caafimaadka
wda_farmasiga_shacabka_caafimaadka_e_253,Farmasiga Shacabka & Caafimaadka ee Qaybta 253 (Goljano District),"24/7 community pharmacy and dispensary outpost in Goljano District residential & commercial grid, Hargeisa",9.55866,44.07803,Hospitals & Healthcare,hospital,Goljano District,False,HeartPulse,Cusbitaallada & Rugaha Caafimaadka
wda_dugsiga_hoose_dhexe_ee_waxbarash_254,Dugsiga Hoose/Dhexe ee Waxbarashada Qaybta 254 (Biyo Dhacay Area),"Public primary & intermediate school campus in Biyo Dhacay Area residential & commercial grid, Hargeisa",9.55615,44.07129,Schools & Universities,school,Biyo Dhacay Area,False,GraduationCap,Dugsiyada & Waxbarashada
wda_akadeemiyada_casriga_ah_ee_qaybt_255,Akadeemiyada Casriga ah ee Qaybta 255 (Xero Awr / Hero Awr),"Modern high school and STEM educational institute in Xero Awr / Hero Awr residential & commercial grid, Hargeisa",9.56636,44.04553,Schools & Universities,school,Xero Awr / Hero Awr,False,GraduationCap,Dugsiyada & Waxbarashada
wda_machadka_tababarka_xirfadaha_ee__256,Machadka Tababarka Xirfadaha ee Qaybta 256 (Downtown Waheen),"Vocational and technical training college center in Downtown Waheen residential & commercial grid, Hargeisa",9.55976,44.07029,Schools & Universities,university,Downtown Waheen,False,GraduationCap,Jaamacadaha & Kuliyadaha
wda_masjidka_jaamaca_ee_qaybta_257_j_257,Masjidka Jaamaca ee Qaybta 257 (Jigjiga Yar),"Congregational Friday mosque with community prayer hall in Jigjiga Yar residential & commercial grid, Hargeisa",9.5752,44.03786,Mosques (Masaajidda),place_of_worship,Jigjiga Yar,False,Moon,Masaajidda
wda_masjidka_al_imaan_ee_qaybta_258__258,Masjidka Al-Imaan ee Qaybta 258 (Ahmed Dhagax),"Neighborhood community mosque and Quranic learning hub in Ahmed Dhagax residential & commercial grid, Hargeisa",9.55163,44.05343,Mosques (Masaajidda),place_of_worship,Ahmed Dhagax,False,Moon,Masaajidda
wda_suuqa_khdaarta_iyo_ganacsiga_ee__259,Suuqa Khdaarta iyo Ganacsiga ee Qaybta 259 (150 Highway),"Neighborhood open-air fresh market and commercial trade zone in 150 Highway residential & commercial grid, Hargeisa",9.57757,44.056,Markets & Malls,mall,150 Highway,False,ShoppingBag,Suuqyada & Xarumaha Ganacsiga
wda_xarunta_ganacsiga_supermarket_ee_260,Xarunta Ganacsiga & Supermarket ee Qaybta 260 (Shaab / Institutional District),"Modern multi-store retail grocery and provisions shopping center in Shaab / Institutional District residential & commercial grid, Hargeisa",9.55638,44.06067,Markets & Malls,mall,Shaab / Institutional District,False,ShoppingBag,Suuqyada & Xarumaha Ganacsiga
wda_kaalinta_shidaalka_hass_national_261,Kaalinta Shidaalka Hass / National ee Qaybta 261 (Maxamed Mooge),"Service petrol station, diesel dispenser and tire service in Maxamed Mooge residential & commercial grid, Hargeisa",9.51489,44.10619,Fuel Stations (Kaalmaha Shidaalka),fuel,Maxamed Mooge,False,Fuel,Kaalmaha Shidaalka
wda_kaalinta_shidaalka_gaaska_ee_qay_262,Kaalinta Shidaalka & Gaaska ee Qaybta 262 (New Hargeisa),"Fuel station and LPG domestic gas distribution depot in New Hargeisa residential & commercial grid, Hargeisa",9.55045,44.09862,Fuel Stations (Kaalmaha Shidaalka),fuel,New Hargeisa,False,Fuel,Kaalmaha Shidaalka
wda_istaanka_gaadiidka_dadweynaha_ee_263,Istaanka Gaadiidka Dadweynaha ee Qaybta 263 (Daami),"Minibus terminal and designated passenger pick-and-drop stop in Daami residential & commercial grid, Hargeisa",9.57201,44.08505,Transport & Terminals,transit_station,Daami,False,Navigation,Istaannada & Gaadiidka
wda_isgoyska_weyn_ee_gaadiidka_ee_qa_264,Isgoyska Weyn ee Gaadiidka ee Qaybta 264 (Shiraaqle),"Major road intersection and inter-district transit artery in Shiraaqle residential & commercial grid, Hargeisa",9.55963,44.10543,Transport & Terminals,transit_station,Shiraaqle,False,Navigation,Istaannada & Gaadiidka
wda_huteelka_nasashada_martida_ee_qa_265,Huteelka Nasashada & Martida ee Qaybta 265 (Koodbuur),"Comfortable guest lodging and family dining restaurant in Koodbuur residential & commercial grid, Hargeisa",9.57082,44.04624,Hotels & Hospitality,hotel,Koodbuur,False,Hotel,Huteellada & Martida
wda_laanta_zaad_dahabshiil_ee_qaybta_266,Laanta ZAAD & Dahabshiil ee Qaybta 266 (Airport Zone / Masalaha),"Banking kiosk, e-remittance and ZAAD cash-in center in Airport Zone / Masalaha residential & commercial grid, Hargeisa",9.51733,44.09276,Banks & Financial,bank,Airport Zone / Masalaha,False,Landmark,Bangiyada & Xawaaladaha
wda_laanta_taaj_edahab_express_ee_qa_267,Laanta TAAJ & Edahab Express ee Qaybta 267 (Kilalka / Sheikh Nuur East),"Financial services, money transfer and remittance desk in Kilalka / Sheikh Nuur East residential & commercial grid, Hargeisa",9.56882,44.09874,Banks & Financial,bank,Kilalka / Sheikh Nuur East,False,Landmark,Bangiyada & Xawaaladaha
wda_xafiiska_adeegga_somtel_telesom__268,Xafiiska Adeegga Somtel & Telesom ee Qaybta 268 (Goljano District),"Telecommunications branch, SIM registration and fiber service hub in Goljano District residential & commercial grid, Hargeisa",9.5557,44.08486,Corporate & Utilities,corporate,Goljano District,False,Building2,Shirkadaha & Isgaadhsiinta
wda_xarunta_korontada_sompower_ee_qa_269,Xarunta Korontada Sompower ee Qaybta 269 (Biyo Dhacay Area),"District electrical distribution and bill payment center in Biyo Dhacay Area residential & commercial grid, Hargeisa",9.55338,44.07767,Corporate & Utilities,utility,Biyo Dhacay Area,False,Zap,Korontada & Biyaha
wda_xafiiska_waaxda_dowladda_hoose_e_270,Xafiiska Waaxda Dowladda Hoose ee Qaybta 270 (Xero Awr / Hero Awr),"Municipal sub-office and local civic administration center in Xero Awr / Hero Awr residential & commercial grid, Hargeisa",9.5634,44.05236,Government & Civic,government,Xero Awr / Hero Awr,False,Landmark,Hay'adaha Dowladda
wda_maqaayadda_cuntada_hiddaha_dhaqa_271,Maqaayadda Cuntada Hiddaha & Dhaqanka ee Qaybta 271 (Downtown Waheen),"Traditional Somali dishes and family restaurant in Downtown Waheen residential & commercial grid, Hargeisa",9.56522,44.06785,Restaurants & Cafes,restaurant,Downtown Waheen,False,Utensils,Maqaayadaha & Kafateeriyada
wda_kafateeriyada_qahwada_casriga_ah_272,Kafateeriyada & Qahwada Casriga ah ee Qaybta 272 (Jigjiga Yar),"Modern coffee house and light dining lounge in Jigjiga Yar residential & commercial grid, Hargeisa",9.58203,44.03481,Restaurants & Cafes,restaurant,Jigjiga Yar,False,Utensils,Maqaayadaha & Kafateeriyada
wda_xarunta_ngo_yada_iyo_samafalka_e_273,Xarunta NGO-yada iyo Samafalka ee Qaybta 273 (Ahmed Dhagax),"Non-governmental development agency & aid office in Ahmed Dhagax residential & commercial grid, Hargeisa",9.55983,44.04977,NGOs & Humanitarian,ngo,Ahmed Dhagax,False,Globe,Hay'adaha Samafalka (NGOs)
wda_jidka_iyo_wadada_weyn_ee_qaybta__274,Jidka iyo Wadada Weyn ee Qaybta 274 (150 Highway),"Major paved road corridor and arterial avenue in 150 Highway residential & commercial grid, Hargeisa",9.58714,44.05174,Roads & Arterials,arterial_road,150 Highway,False,Navigation,Waddooyinka & Jidadka
wda_xaafada_deganaanshaha_ee_qaybta__275,Xaafada Deganaanshaha ee Qaybta 275 (Shaab / Institutional District),"Quiet residential enclave and community living sector in Shaab / Institutional District residential & commercial grid, Hargeisa",9.56276,44.05782,Xaafadaha (Districts),neighborhood,Shaab / Institutional District,False,Home,Xaafadaha & Degmooyinka
wda_cusbitaalka_gurmadka_caafimaadka_276,Cusbitaalka Gurmadka Caafimaadka ee Qaybta 276 (Maxamed Mooge),"Specialized neighborhood clinic & emergency health post in Maxamed Mooge residential & commercial grid, Hargeisa",9.5249,44.10172,Hospitals & Healthcare,hospital,Maxamed Mooge,False,HeartPulse,Cusbitaallada & Rugaha Caafimaadka
wda_rugta_daryeelka_hooyada_dhallaan_277,Rugta Daryeelka Hooyada & Dhallaanka ee Qaybta 277 (New Hargeisa),"Maternal and child care dispensary center in New Hargeisa residential & commercial grid, Hargeisa",9.5591,44.09476,Hospitals & Healthcare,hospital,New Hargeisa,False,HeartPulse,Cusbitaallada & Rugaha Caafimaadka
wda_farmasiga_shacabka_caafimaadka_e_278,Farmasiga Shacabka & Caafimaadka ee Qaybta 278 (Daami),"24/7 community pharmacy and dispensary outpost in Daami residential & commercial grid, Hargeisa",9.57929,44.0818,Hospitals & Healthcare,hospital,Daami,False,HeartPulse,Cusbitaallada & Rugaha Caafimaadka
wda_dugsiga_hoose_dhexe_ee_waxbarash_279,Dugsiga Hoose/Dhexe ee Waxbarashada Qaybta 279 (Shiraaqle),"Public primary & intermediate school campus in Shiraaqle residential & commercial grid, Hargeisa",9.56783,44.10177,Schools & Universities,school,Shiraaqle,False,GraduationCap,Dugsiyada & Waxbarashada
wda_akadeemiyada_casriga_ah_ee_qaybt_280,Akadeemiyada Casriga ah ee Qaybta 280 (Koodbuur),"Modern high school and STEM educational institute in Koodbuur residential & commercial grid, Hargeisa",9.57856,44.04279,Schools & Universities,school,Koodbuur,False,GraduationCap,Dugsiyada & Waxbarashada
wda_machadka_tababarka_xirfadaha_ee__281,Machadka Tababarka Xirfadaha ee Qaybta 281 (Airport Zone / Masalaha),"Vocational and technical training college center in Airport Zone / Masalaha residential & commercial grid, Hargeisa",9.52871,44.08769,Schools & Universities,university,Airport Zone / Masalaha,False,GraduationCap,Jaamacadaha & Kuliyadaha
wda_masjidka_jaamaca_ee_qaybta_282_k_282,Masjidka Jaamaca ee Qaybta 282 (Kilalka / Sheikh Nuur East),"Congregational Friday mosque with community prayer hall in Kilalka / Sheikh Nuur East residential & commercial grid, Hargeisa",9.57656,44.09529,Mosques (Masaajidda),place_of_worship,Kilalka / Sheikh Nuur East,False,Moon,Masaajidda
wda_masjidka_al_imaan_ee_qaybta_283__283,Masjidka Al-Imaan ee Qaybta 283 (Goljano District),"Neighborhood community mosque and Quranic learning hub in Goljano District residential & commercial grid, Hargeisa",9.56253,44.08181,Mosques (Masaajidda),place_of_worship,Goljano District,False,Moon,Masaajidda
wda_suuqa_khdaarta_iyo_ganacsiga_ee__284,Suuqa Khdaarta iyo Ganacsiga ee Qaybta 284 (Biyo Dhacay Area),"Neighborhood open-air fresh market and commercial trade zone in Biyo Dhacay Area residential & commercial grid, Hargeisa",9.55976,44.07482,Markets & Malls,mall,Biyo Dhacay Area,False,ShoppingBag,Suuqyada & Xarumaha Ganacsiga
wda_xarunta_ganacsiga_supermarket_ee_285,Xarunta Ganacsiga & Supermarket ee Qaybta 285 (Xero Awr / Hero Awr),"Modern multi-store retail grocery and provisions shopping center in Xero Awr / Hero Awr residential & commercial grid, Hargeisa",9.57023,44.04931,Markets & Malls,mall,Xero Awr / Hero Awr,False,ShoppingBag,Suuqyada & Xarumaha Ganacsiga
wda_kaalinta_shidaalka_hass_national_286,Kaalinta Shidaalka Hass / National ee Qaybta 286 (Downtown Waheen),"Service petrol station, diesel dispenser and tire service in Downtown Waheen residential & commercial grid, Hargeisa",9.55949,44.06588,Fuel Stations (Kaalmaha Shidaalka),fuel,Downtown Waheen,False,Fuel,Kaalmaha Shidaalka
wda_kaalinta_shidaalka_gaaska_ee_qay_287,Kaalinta Shidaalka & Gaaska ee Qaybta 287 (Jigjiga Yar),"Fuel station and LPG domestic gas distribution depot in Jigjiga Yar residential & commercial grid, Hargeisa",9.57487,44.03235,Fuel Stations (Kaalmaha Shidaalka),fuel,Jigjiga Yar,False,Fuel,Kaalmaha Shidaalka
wda_istaanka_gaadiidka_dadweynaha_ee_288,Istaanka Gaadiidka Dadweynaha ee Qaybta 288 (Ahmed Dhagax),"Minibus terminal and designated passenger pick-and-drop stop in Ahmed Dhagax residential & commercial grid, Hargeisa",9.55124,44.04682,Transport & Terminals,transit_station,Ahmed Dhagax,False,Navigation,Istaannada & Gaadiidka
wda_isgoyska_weyn_ee_gaadiidka_ee_qa_289,Isgoyska Weyn ee Gaadiidka ee Qaybta 289 (150 Highway),"Major road intersection and inter-district transit artery in 150 Highway residential & commercial grid, Hargeisa",9.57711,44.04829,Transport & Terminals,transit_station,150 Highway,False,Navigation,Istaannada & Gaadiidka
wda_huteelka_nasashada_martida_ee_qa_290,Huteelka Nasashada & Martida ee Qaybta 290 (Shaab / Institutional District),"Comfortable guest lodging and family dining restaurant in Shaab / Institutional District residential & commercial grid, Hargeisa",9.55607,44.05552,Hotels & Hospitality,hotel,Shaab / Institutional District,False,Hotel,Huteellada & Martida
wda_laanta_zaad_dahabshiil_ee_qaybta_291,Laanta ZAAD & Dahabshiil ee Qaybta 291 (Maxamed Mooge),"Banking kiosk, e-remittance and ZAAD cash-in center in Maxamed Mooge residential & commercial grid, Hargeisa",9.5144,44.09811,Banks & Financial,bank,Maxamed Mooge,False,Landmark,Bangiyada & Xawaaladaha
wda_laanta_taaj_edahab_express_ee_qa_292,Laanta TAAJ & Edahab Express ee Qaybta 292 (New Hargeisa),"Financial services, money transfer and remittance desk in New Hargeisa residential & commercial grid, Hargeisa",9.55003,44.09164,Banks & Financial,bank,New Hargeisa,False,Landmark,Bangiyada & Xawaaladaha
wda_xafiiska_adeegga_somtel_telesom__293,Xafiiska Adeegga Somtel & Telesom ee Qaybta 293 (Daami),"Telecommunications branch, SIM registration and fiber service hub in Daami residential & commercial grid, Hargeisa",9.57166,44.07917,Corporate & Utilities,corporate,Daami,False,Building2,Shirkadaha & Isgaadhsiinta
wda_xarunta_korontada_sompower_ee_qa_294,Xarunta Korontada Sompower ee Qaybta 294 (Shiraaqle),"District electrical distribution and bill payment center in Shiraaqle residential & commercial grid, Hargeisa",9.55924,44.09882,Corporate & Utilities,utility,Shiraaqle,False,Zap,Korontada & Biyaha
wda_xafiiska_waaxda_dowladda_hoose_e_295,Xafiiska Waaxda Dowladda Hoose ee Qaybta 295 (Koodbuur),"Municipal sub-office and local civic administration center in Koodbuur residential & commercial grid, Hargeisa",9.57045,44.03999,Government & Civic,government,Koodbuur,False,Landmark,Hay'adaha Dowladda
wda_maqaayadda_cuntada_hiddaha_dhaqa_296,Maqaayadda Cuntada Hiddaha & Dhaqanka ee Qaybta 296 (Airport Zone / Masalaha),"Traditional Somali dishes and family restaurant in Airport Zone / Masalaha residential & commercial grid, Hargeisa",9.51678,44.08358,Restaurants & Cafes,restaurant,Airport Zone / Masalaha,False,Utensils,Maqaayadaha & Kafateeriyada
wda_kafateeriyada_qahwada_casriga_ah_297,Kafateeriyada & Qahwada Casriga ah ee Qaybta 297 (Kilalka / Sheikh Nuur East),"Modern coffee house and light dining lounge in Kilalka / Sheikh Nuur East residential & commercial grid, Hargeisa",9.56845,44.09249,Restaurants & Cafes,restaurant,Kilalka / Sheikh Nuur East,False,Utensils,Maqaayadaha & Kafateeriyada
wda_xarunta_ngo_yada_iyo_samafalka_e_298,Xarunta NGO-yada iyo Samafalka ee Qaybta 298 (Goljano District),"Non-governmental development agency & aid office in Goljano District residential & commercial grid, Hargeisa",9.55537,44.07935,NGOs & Humanitarian,ngo,Goljano District,False,Globe,Hay'adaha Samafalka (NGOs)
wda_jidka_iyo_wadada_weyn_ee_qaybta__299,Jidka iyo Wadada Weyn ee Qaybta 299 (Biyo Dhacay Area),"Major paved road corridor and arterial avenue in Biyo Dhacay Area residential & commercial grid, Hargeisa",9.55307,44.07252,Roads & Arterials,arterial_road,Biyo Dhacay Area,False,Navigation,Waddooyinka & Jidadka
wda_xaafada_deganaanshaha_ee_qaybta__300,Xaafada Deganaanshaha ee Qaybta 300 (Xero Awr / Hero Awr),"Quiet residential enclave and community living sector in Xero Awr / Hero Awr residential & commercial grid, Hargeisa",9.56307,44.04685,Xaafadaha (Districts),neighborhood,Xero Awr / Hero Awr,False,Home,Xaafadaha & Degmooyinka
wda_cusbitaalka_gurmadka_caafimaadka_301,Cusbitaalka Gurmadka Caafimaadka ee Qaybta 301 (Downtown Waheen),"Specialized neighborhood clinic & emergency health post in Downtown Waheen residential & commercial grid, Hargeisa",9.56244,44.07132,Hospitals & Healthcare,hospital,Downtown Waheen,False,HeartPulse,Cusbitaallada & Rugaha Caafimaadka
wda_rugta_daryeelka_hooyada_dhallaan_302,Rugta Daryeelka Hooyada & Dhallaanka ee Qaybta 302 (Jigjiga Yar),"Maternal and child care dispensary center in Jigjiga Yar residential & commercial grid, Hargeisa",9.57855,44.03915,Hospitals & Healthcare,hospital,Jigjiga Yar,False,HeartPulse,Cusbitaallada & Rugaha Caafimaadka
wda_farmasiga_shacabka_caafimaadka_e_303,Farmasiga Shacabka & Caafimaadka ee Qaybta 303 (Ahmed Dhagax),"24/7 community pharmacy and dispensary outpost in Ahmed Dhagax residential & commercial grid, Hargeisa",9.55566,44.05498,Hospitals & Healthcare,hospital,Ahmed Dhagax,False,HeartPulse,Cusbitaallada & Rugaha Caafimaadka
wda_dugsiga_hoose_dhexe_ee_waxbarash_304,Dugsiga Hoose/Dhexe ee Waxbarashada Qaybta 304 (150 Highway),"Public primary & intermediate school campus in 150 Highway residential & commercial grid, Hargeisa",9.58227,44.05782,Schools & Universities,school,150 Highway,False,GraduationCap,Dugsiyada & Waxbarashada
wda_akadeemiyada_casriga_ah_ee_qaybt_305,Akadeemiyada Casriga ah ee Qaybta 305 (Shaab / Institutional District),"Modern high school and STEM educational institute in Shaab / Institutional District residential & commercial grid, Hargeisa",9.55951,44.06188,Schools & Universities,school,Shaab / Institutional District,False,GraduationCap,Dugsiyada & Waxbarashada
wda_machadka_tababarka_xirfadaha_ee__306,Machadka Tababarka Xirfadaha ee Qaybta 306 (Maxamed Mooge),"Vocational and technical training college center in Maxamed Mooge residential & commercial grid, Hargeisa",9.51981,44.10809,Schools & Universities,university,Maxamed Mooge,False,GraduationCap,Jaamacadaha & Kuliyadaha
wda_masjidka_jaamaca_ee_qaybta_307_n_307,Masjidka Jaamaca ee Qaybta 307 (New Hargeisa),"Congregational Friday mosque with community prayer hall in New Hargeisa residential & commercial grid, Hargeisa",9.5547,44.10026,Mosques (Masaajidda),place_of_worship,New Hargeisa,False,Moon,Masaajidda
wda_masjidka_al_imaan_ee_qaybta_308__308,Masjidka Al-Imaan ee Qaybta 308 (Daami),"Neighborhood community mosque and Quranic learning hub in Daami residential & commercial grid, Hargeisa",9.57559,44.08643,Mosques (Masaajidda),place_of_worship,Daami,False,Moon,Masaajidda
wda_suuqa_khdaarta_iyo_ganacsiga_ee__309,Suuqa Khdaarta iyo Ganacsiga ee Qaybta 309 (Shiraaqle),"Neighborhood open-air fresh market and commercial trade zone in Shiraaqle residential & commercial grid, Hargeisa",9.56366,44.10698,Markets & Malls,mall,Shiraaqle,False,ShoppingBag,Suuqyada & Xarumaha Ganacsiga
wda_xarunta_ganacsiga_supermarket_ee_310,Xarunta Ganacsiga & Supermarket ee Qaybta 310 (Koodbuur),"Modern multi-store retail grocery and provisions shopping center in Koodbuur residential & commercial grid, Hargeisa",9.57462,44.04771,Markets & Malls,mall,Koodbuur,False,ShoppingBag,Suuqyada & Xarumaha Ganacsiga
wda_kaalinta_shidaalka_hass_national_311,Kaalinta Shidaalka Hass / National ee Qaybta 311 (Airport Zone / Masalaha),"Service petrol station, diesel dispenser and tire service in Airport Zone / Masalaha residential & commercial grid, Hargeisa",9.52292,44.09492,Fuel Stations (Kaalmaha Shidaalka),fuel,Airport Zone / Masalaha,False,Fuel,Kaalmaha Shidaalka
wda_kaalinta_shidaalka_gaaska_ee_qay_312,Kaalinta Shidaalka & Gaaska ee Qaybta 312 (Kilalka / Sheikh Nuur East),"Fuel station and LPG domestic gas distribution depot in Kilalka / Sheikh Nuur East residential & commercial grid, Hargeisa",9.57262,44.10021,Fuel Stations (Kaalmaha Shidaalka),fuel,Kilalka / Sheikh Nuur East,False,Fuel,Kaalmaha Shidaalka
wda_istaanka_gaadiidka_dadweynaha_ee_313,Istaanka Gaadiidka Dadweynaha ee Qaybta 313 (Goljano District),"Minibus terminal and designated passenger pick-and-drop stop in Goljano District residential & commercial grid, Hargeisa",9.55905,44.08615,Transport & Terminals,transit_station,Goljano District,False,Navigation,Istaannada & Gaadiidka
wda_isgoyska_weyn_ee_gaadiidka_ee_qa_314,Isgoyska Weyn ee Gaadiidka ee Qaybta 314 (Biyo Dhacay Area),"Major road intersection and inter-district transit artery in Biyo Dhacay Area residential & commercial grid, Hargeisa",9.55651,44.07888,Transport & Terminals,transit_station,Biyo Dhacay Area,False,Navigation,Istaannada & Gaadiidka
wda_huteelka_nasashada_martida_ee_qa_315,Huteelka Nasashada & Martida ee Qaybta 315 (Xero Awr / Hero Awr),"Comfortable guest lodging and family dining restaurant in Xero Awr / Hero Awr residential & commercial grid, Hargeisa",9.56675,44.05365,Hotels & Hospitality,hotel,Xero Awr / Hero Awr,False,Hotel,Huteellada & Martida
wda_laanta_zaad_dahabshiil_ee_qaybta_316,Laanta ZAAD & Dahabshiil ee Qaybta 316 (Downtown Waheen),"Banking kiosk, e-remittance and ZAAD cash-in center in Downtown Waheen residential & commercial grid, Hargeisa",9.56391,44.06521,Banks & Financial,bank,Downtown Waheen,False,Landmark,Bangiyada & Xawaaladaha
wda_laanta_taaj_edahab_express_ee_qa_317,Laanta TAAJ & Edahab Express ee Qaybta 317 (Jigjiga Yar),"Financial services, money transfer and remittance desk in Jigjiga Yar residential & commercial grid, Hargeisa",9.58039,44.03152,Banks & Financial,bank,Jigjiga Yar,False,Landmark,Bangiyada & Xawaaladaha
wda_xafiiska_adeegga_somtel_telesom__318,Xafiiska Adeegga Somtel & Telesom ee Qaybta 318 (Ahmed Dhagax),"Telecommunications branch, SIM registration and fiber service hub in Ahmed Dhagax residential & commercial grid, Hargeisa",9.55787,44.04582,Corporate & Utilities,corporate,Ahmed Dhagax,False,Building2,Shirkadaha & Isgaadhsiinta
wda_xarunta_korontada_sompower_ee_qa_319,Xarunta Korontada Sompower ee Qaybta 319 (150 Highway),"District electrical distribution and bill payment center in 150 Highway residential & commercial grid, Hargeisa",9.58484,44.04713,Corporate & Utilities,utility,150 Highway,False,Zap,Korontada & Biyaha
wda_xafiiska_waaxda_dowladda_hoose_e_320,Xafiiska Waaxda Dowladda Hoose ee Qaybta 320 (Shaab / Institutional District),"Municipal sub-office and local civic administration center in Shaab / Institutional District residential & commercial grid, Hargeisa",9.56123,44.05475,Government & Civic,government,Shaab / Institutional District,False,Landmark,Hay'adaha Dowladda
wda_maqaayadda_cuntada_hiddaha_dhaqa_321,Maqaayadda Cuntada Hiddaha & Dhaqanka ee Qaybta 321 (Maxamed Mooge),"Traditional Somali dishes and family restaurant in Maxamed Mooge residential & commercial grid, Hargeisa",9.5225,44.09689,Restaurants & Cafes,restaurant,Maxamed Mooge,False,Utensils,Maqaayadaha & Kafateeriyada
wda_kafateeriyada_qahwada_casriga_ah_322,Kafateeriyada & Qahwada Casriga ah ee Qaybta 322 (New Hargeisa),"Modern coffee house and light dining lounge in New Hargeisa residential & commercial grid, Hargeisa",9.55703,44.09059,Restaurants & Cafes,restaurant,New Hargeisa,False,Utensils,Maqaayadaha & Kafateeriyada
wda_xarunta_ngo_yada_iyo_samafalka_e_323,Xarunta NGO-yada iyo Samafalka ee Qaybta 323 (Daami),"Non-governmental development agency & aid office in Daami residential & commercial grid, Hargeisa",9.57755,44.07829,NGOs & Humanitarian,ngo,Daami,False,Globe,Hay'adaha Samafalka (NGOs)
wda_jidka_iyo_wadada_weyn_ee_qaybta__324,Jidka iyo Wadada Weyn ee Qaybta 324 (Shiraaqle),"Major paved road corridor and arterial avenue in Shiraaqle residential & commercial grid, Hargeisa",9.56587,44.09782,Roads & Arterials,arterial_road,Shiraaqle,False,Navigation,Waddooyinka & Jidadka
wda_xaafada_deganaanshaha_ee_qaybta__325,Xaafada Deganaanshaha ee Qaybta 325 (Koodbuur),"Quiet residential enclave and community living sector in Koodbuur residential & commercial grid, Hargeisa",9.57671,44.03905,Xaafadaha (Districts),neighborhood,Koodbuur,False,Home,Xaafadaha & Degmooyinka
wda_cusbitaalka_gurmadka_caafimaadka_326,Cusbitaalka Gurmadka Caafimaadka ee Qaybta 326 (Airport Zone / Masalaha),"Specialized neighborhood clinic & emergency health post in Airport Zone / Masalaha residential & commercial grid, Hargeisa",9.52598,44.0822,Hospitals & Healthcare,hospital,Airport Zone / Masalaha,False,HeartPulse,Cusbitaallada & Rugaha Caafimaadka
wda_rugta_daryeelka_hooyada_dhallaan_327,Rugta Daryeelka Hooyada & Dhallaanka ee Qaybta 327 (Kilalka / Sheikh Nuur East),"Maternal and child care dispensary center in Kilalka / Sheikh Nuur East residential & commercial grid, Hargeisa",9.57471,44.09155,Hospitals & Healthcare,hospital,Kilalka / Sheikh Nuur East,False,HeartPulse,Cusbitaallada & Rugaha Caafimaadka
wda_farmasiga_shacabka_caafimaadka_e_328,Farmasiga Shacabka & Caafimaadka ee Qaybta 328 (Goljano District),"24/7 community pharmacy and dispensary outpost in Goljano District residential & commercial grid, Hargeisa",9.56089,44.07852,Hospitals & Healthcare,hospital,Goljano District,False,HeartPulse,Cusbitaallada & Rugaha Caafimaadka
wda_dugsiga_hoose_dhexe_ee_waxbarash_329,Dugsiga Hoose/Dhexe ee Waxbarashada Qaybta 329 (Biyo Dhacay Area),"Public primary & intermediate school campus in Biyo Dhacay Area residential & commercial grid, Hargeisa",9.55823,44.07175,Schools & Universities,school,Biyo Dhacay Area,False,GraduationCap,Dugsiyada & Waxbarashada
wda_akadeemiyada_casriga_ah_ee_qaybt_330,Akadeemiyada Casriga ah ee Qaybta 330 (Xero Awr / Hero Awr),"Modern high school and STEM educational institute in Xero Awr / Hero Awr residential & commercial grid, Hargeisa",9.56859,44.04602,Schools & Universities,school,Xero Awr / Hero Awr,False,GraduationCap,Dugsiyada & Waxbarashada
wda_machadka_tababarka_xirfadaha_ee__331,Machadka Tababarka Xirfadaha ee Qaybta 331 (Downtown Waheen),"Vocational and technical training college center in Downtown Waheen residential & commercial grid, Hargeisa",9.5587,44.06875,Schools & Universities,university,Downtown Waheen,False,GraduationCap,Jaamacadaha & Kuliyadaha
wda_masjidka_jaamaca_ee_qaybta_332_j_332,Masjidka Jaamaca ee Qaybta 332 (Jigjiga Yar),"Congregational Friday mosque with community prayer hall in Jigjiga Yar residential & commercial grid, Hargeisa",9.57387,44.03594,Mosques (Masaajidda),place_of_worship,Jigjiga Yar,False,Moon,Masaajidda
wda_masjidka_al_imaan_ee_qaybta_333__333,Masjidka Al-Imaan ee Qaybta 333 (Ahmed Dhagax),"Neighborhood community mosque and Quranic learning hub in Ahmed Dhagax residential & commercial grid, Hargeisa",9.55005,44.05113,Mosques (Masaajidda),place_of_worship,Ahmed Dhagax,False,Moon,Masaajidda
wda_suuqa_khdaarta_iyo_ganacsiga_ee__334,Suuqa Khdaarta iyo Ganacsiga ee Qaybta 334 (150 Highway),"Neighborhood open-air fresh market and commercial trade zone in 150 Highway residential & commercial grid, Hargeisa",9.57572,44.05332,Markets & Malls,mall,150 Highway,False,ShoppingBag,Suuqyada & Xarumaha Ganacsiga
wda_xarunta_ganacsiga_supermarket_ee_335,Xarunta Ganacsiga & Supermarket ee Qaybta 335 (Shaab / Institutional District),"Modern multi-store retail grocery and provisions shopping center in Shaab / Institutional District residential & commercial grid, Hargeisa",9.55515,44.05888,Markets & Malls,mall,Shaab / Institutional District,False,ShoppingBag,Suuqyada & Xarumaha Ganacsiga
wda_kaalinta_shidaalka_hass_national_336,Kaalinta Shidaalka Hass / National ee Qaybta 336 (Maxamed Mooge),"Service petrol station, diesel dispenser and tire service in Maxamed Mooge residential & commercial grid, Hargeisa",9.51295,44.10338,Fuel Stations (Kaalmaha Shidaalka),fuel,Maxamed Mooge,False,Fuel,Kaalmaha Shidaalka
wda_kaalinta_shidaalka_gaaska_ee_qay_337,Kaalinta Shidaalka & Gaaska ee Qaybta 337 (New Hargeisa),"Fuel station and LPG domestic gas distribution depot in New Hargeisa residential & commercial grid, Hargeisa",9.54877,44.09619,Fuel Stations (Kaalmaha Shidaalka),fuel,New Hargeisa,False,Fuel,Kaalmaha Shidaalka
wda_istaanka_gaadiidka_dadweynaha_ee_338,Istaanka Gaadiidka Dadweynaha ee Qaybta 338 (Daami),"Minibus terminal and designated passenger pick-and-drop stop in Daami residential & commercial grid, Hargeisa",9.5706,44.083,Transport & Terminals,transit_station,Daami,False,Navigation,Istaannada & Gaadiidka
wda_isgoyska_weyn_ee_gaadiidka_ee_qa_339,Isgoyska Weyn ee Gaadiidka ee Qaybta 339 (Shiraaqle),"Major road intersection and inter-district transit artery in Shiraaqle residential & commercial grid, Hargeisa",9.55805,44.10313,Transport & Terminals,transit_station,Shiraaqle,False,Navigation,Istaannada & Gaadiidka
wda_huteelka_nasashada_martida_ee_qa_340,Huteelka Nasashada & Martida ee Qaybta 340 (Koodbuur),"Comfortable guest lodging and family dining restaurant in Koodbuur residential & commercial grid, Hargeisa",9.56932,44.04407,Hotels & Hospitality,hotel,Koodbuur,False,Hotel,Huteellada & Martida
wda_laanta_zaad_dahabshiil_ee_qaybta_341,Laanta ZAAD & Dahabshiil ee Qaybta 341 (Airport Zone / Masalaha),"Banking kiosk, e-remittance and ZAAD cash-in center in Airport Zone / Masalaha residential & commercial grid, Hargeisa",9.51512,44.08957,Banks & Financial,bank,Airport Zone / Masalaha,False,Landmark,Bangiyada & Xawaaladaha
wda_laanta_taaj_edahab_express_ee_qa_342,Laanta TAAJ & Edahab Express ee Qaybta 342 (Kilalka / Sheikh Nuur East),"Financial services, money transfer and remittance desk in Kilalka / Sheikh Nuur East residential & commercial grid, Hargeisa",9.56732,44.09657,Banks & Financial,bank,Kilalka / Sheikh Nuur East,False,Landmark,Bangiyada & Xawaaladaha
wda_xafiiska_adeegga_somtel_telesom__343,Xafiiska Adeegga Somtel & Telesom ee Qaybta 343 (Goljano District),"Telecommunications branch, SIM registration and fiber service hub in Goljano District residential & commercial grid, Hargeisa",9.55437,44.08294,Corporate & Utilities,corporate,Goljano District,False,Building2,Shirkadaha & Isgaadhsiinta
wda_xarunta_korontada_sompower_ee_qa_344,Xarunta Korontada Sompower ee Qaybta 344 (Biyo Dhacay Area),"District electrical distribution and bill payment center in Biyo Dhacay Area residential & commercial grid, Hargeisa",9.55215,44.07588,Corporate & Utilities,utility,Biyo Dhacay Area,False,Zap,Korontada & Biyaha
wda_xafiiska_waaxda_dowladda_hoose_e_345,Xafiiska Waaxda Dowladda Hoose ee Qaybta 345 (Xero Awr / Hero Awr),"Municipal sub-office and local civic administration center in Xero Awr / Hero Awr residential & commercial grid, Hargeisa",9.56207,44.05044,Government & Civic,government,Xero Awr / Hero Awr,False,Landmark,Hay'adaha Dowladda
wda_maqaayadda_cuntada_hiddaha_dhaqa_346,Maqaayadda Cuntada Hiddaha & Dhaqanka ee Qaybta 346 (Downtown Waheen),"Traditional Somali dishes and family restaurant in Downtown Waheen residential & commercial grid, Hargeisa",9.56497,44.06973,Restaurants & Cafes,restaurant,Downtown Waheen,False,Utensils,Maqaayadaha & Kafateeriyada
wda_kafateeriyada_qahwada_casriga_ah_347,Kafateeriyada & Qahwada Casriga ah ee Qaybta 347 (Jigjiga Yar),"Modern coffee house and light dining lounge in Jigjiga Yar residential & commercial grid, Hargeisa",9.58171,44.03716,Restaurants & Cafes,restaurant,Jigjiga Yar,False,Utensils,Maqaayadaha & Kafateeriyada
wda_xarunta_ngo_yada_iyo_samafalka_e_348,Xarunta NGO-yada iyo Samafalka ee Qaybta 348 (Ahmed Dhagax),"Non-governmental development agency & aid office in Ahmed Dhagax residential & commercial grid, Hargeisa",9.55945,44.05259,NGOs & Humanitarian,ngo,Ahmed Dhagax,False,Globe,Hay'adaha Samafalka (NGOs)
wda_jidka_iyo_wadada_weyn_ee_qaybta__349,Jidka iyo Wadada Weyn ee Qaybta 349 (150 Highway),"Major paved road corridor and arterial avenue in 150 Highway residential & commercial grid, Hargeisa",9.5867,44.05502,Roads & Arterials,arterial_road,150 Highway,False,Navigation,Waddooyinka & Jidadka
wda_xaafada_deganaanshaha_ee_qaybta__350,Xaafada Deganaanshaha ee Qaybta 350 (Shaab / Institutional District),"Quiet residential enclave and community living sector in Shaab / Institutional District residential & commercial grid, Hargeisa",9.56246,44.06001,Xaafadaha (Districts),neighborhood,Shaab / Institutional District,False,Home,Xaafadaha & Degmooyinka
wda_cusbitaalka_gurmadka_caafimaadka_351,Cusbitaalka Gurmadka Caafimaadka ee Qaybta 351 (Maxamed Mooge),"Specialized neighborhood clinic & emergency health post in Maxamed Mooge residential & commercial grid, Hargeisa",9.52444,44.10516,Hospitals & Healthcare,hospital,Maxamed Mooge,False,HeartPulse,Cusbitaallada & Rugaha Caafimaadka
wda_rugta_daryeelka_hooyada_dhallaan_352,Rugta Daryeelka Hooyada & Dhallaanka ee Qaybta 352 (New Hargeisa),"Maternal and child care dispensary center in New Hargeisa residential & commercial grid, Hargeisa",9.5587,44.09773,Hospitals & Healthcare,hospital,New Hargeisa,False,HeartPulse,Cusbitaallada & Rugaha Caafimaadka
wda_farmasiga_shacabka_caafimaadka_e_353,Farmasiga Shacabka & Caafimaadka ee Qaybta 353 (Daami),"24/7 community pharmacy and dispensary outpost in Daami residential & commercial grid, Hargeisa",9.57896,44.0843,Hospitals & Healthcare,hospital,Daami,False,HeartPulse,Cusbitaallada & Rugaha Caafimaadka
wda_dugsiga_hoose_dhexe_ee_waxbarash_354,Dugsiga Hoose/Dhexe ee Waxbarashada Qaybta 354 (Shiraaqle),"Public primary & intermediate school campus in Shiraaqle residential & commercial grid, Hargeisa",9.56745,44.10459,Schools & Universities,school,Shiraaqle,False,GraduationCap,Dugsiyada & Waxbarashada
wda_akadeemiyada_casriga_ah_ee_qaybt_355,Akadeemiyada Casriga ah ee Qaybta 355 (Koodbuur),"Modern high school and STEM educational institute in Koodbuur residential & commercial grid, Hargeisa",9.57821,44.04544,Schools & Universities,school,Koodbuur,False,GraduationCap,Dugsiyada & Waxbarashada
wda_machadka_tababarka_xirfadaha_ee__356,Machadka Tababarka Xirfadaha ee Qaybta 356 (Airport Zone / Masalaha),"Vocational and technical training college center in Airport Zone / Masalaha residential & commercial grid, Hargeisa",9.52819,44.09159,Schools & Universities,university,Airport Zone / Masalaha,False,GraduationCap,Jaamacadaha & Kuliyadaha
wda_masjidka_jaamaca_ee_qaybta_357_k_357,Masjidka Jaamaca ee Qaybta 357 (Kilalka / Sheikh Nuur East),"Congregational Friday mosque with community prayer hall in Kilalka / Sheikh Nuur East residential & commercial grid, Hargeisa",9.57621,44.09794,Mosques (Masaajidda),place_of_worship,Kilalka / Sheikh Nuur East,False,Moon,Masaajidda
wda_masjidka_al_imaan_ee_qaybta_358__358,Masjidka Al-Imaan ee Qaybta 358 (Goljano District),"Neighborhood community mosque and Quranic learning hub in Goljano District residential & commercial grid, Hargeisa",9.56221,44.08416,Mosques (Masaajidda),place_of_worship,Goljano District,False,Moon,Masaajidda
wda_suuqa_khdaarta_iyo_ganacsiga_ee__359,Suuqa Khdaarta iyo Ganacsiga ee Qaybta 359 (Biyo Dhacay Area),"Neighborhood open-air fresh market and commercial trade zone in Biyo Dhacay Area residential & commercial grid, Hargeisa",9.55946,44.07701,Markets & Malls,mall,Biyo Dhacay Area,False,ShoppingBag,Suuqyada & Xarumaha Ganacsiga
wda_xarunta_ganacsiga_supermarket_ee_360,Xarunta Ganacsiga & Supermarket ee Qaybta 360 (Xero Awr / Hero Awr),"Modern multi-store retail grocery and provisions shopping center in Xero Awr / Hero Awr residential & commercial grid, Hargeisa",9.56991,44.05166,Markets & Malls,mall,Xero Awr / Hero Awr,False,ShoppingBag,Suuqyada & Xarumaha Ganacsiga
wda_kaalinta_shidaalka_hass_national_361,Kaalinta Shidaalka Hass / National ee Qaybta 361 (Downtown Waheen),"Service petrol station, diesel dispenser and tire service in Downtown Waheen residential & commercial grid, Hargeisa",9.56095,44.06466,Fuel Stations (Kaalmaha Shidaalka),fuel,Downtown Waheen,False,Fuel,Kaalmaha Shidaalka
wda_kaalinta_shidaalka_gaaska_ee_qay_362,Kaalinta Shidaalka & Gaaska ee Qaybta 362 (Jigjiga Yar),"Fuel station and LPG domestic gas distribution depot in Jigjiga Yar residential & commercial grid, Hargeisa",9.57669,44.03082,Fuel Stations (Kaalmaha Shidaalka),fuel,Jigjiga Yar,False,Fuel,Kaalmaha Shidaalka
wda_istaanka_gaadiidka_dadweynaha_ee_363,Istaanka Gaadiidka Dadweynaha ee Qaybta 363 (Ahmed Dhagax),"Minibus terminal and designated passenger pick-and-drop stop in Ahmed Dhagax residential & commercial grid, Hargeisa",9.55342,44.04499,Transport & Terminals,transit_station,Ahmed Dhagax,False,Navigation,Istaannada & Gaadiidka
wda_isgoyska_weyn_ee_gaadiidka_ee_qa_364,Isgoyska Weyn ee Gaadiidka ee Qaybta 364 (150 Highway),"Major road intersection and inter-district transit artery in 150 Highway residential & commercial grid, Hargeisa",9.57966,44.04615,Transport & Terminals,transit_station,150 Highway,False,Navigation,Istaannada & Gaadiidka
wda_huteelka_nasashada_martida_ee_qa_365,Huteelka Nasashada & Martida ee Qaybta 365 (Shaab / Institutional District),"Comfortable guest lodging and family dining restaurant in Shaab / Institutional District residential & commercial grid, Hargeisa",9.55777,44.0541,Hotels & Hospitality,hotel,Shaab / Institutional District,False,Hotel,Huteellada & Martida
wda_laanta_zaad_dahabshiil_ee_qaybta_366,Laanta ZAAD & Dahabshiil ee Qaybta 366 (Maxamed Mooge),"Banking kiosk, e-remittance and ZAAD cash-in center in Maxamed Mooge residential & commercial grid, Hargeisa",9.51707,44.09587,Banks & Financial,bank,Maxamed Mooge,False,Landmark,Bangiyada & Xawaaladaha
wda_laanta_taaj_edahab_express_ee_qa_367,Laanta TAAJ & Edahab Express ee Qaybta 367 (New Hargeisa),"Financial services, money transfer and remittance desk in New Hargeisa residential & commercial grid, Hargeisa",9.55234,44.08971,Banks & Financial,bank,New Hargeisa,False,Landmark,Bangiyada & Xawaaladaha
wda_xafiiska_adeegga_somtel_telesom__368,Xafiiska Adeegga Somtel & Telesom ee Qaybta 368 (Daami),"Telecommunications branch, SIM registration and fiber service hub in Daami residential & commercial grid, Hargeisa",9.5736,44.07754,Corporate & Utilities,corporate,Daami,False,Building2,Shirkadaha & Isgaadhsiinta
wda_xarunta_korontada_sompower_ee_qa_369,Xarunta Korontada Sompower ee Qaybta 369 (Shiraaqle),"District electrical distribution and bill payment center in Shiraaqle residential & commercial grid, Hargeisa",9.56142,44.09699,Corporate & Utilities,utility,Shiraaqle,False,Zap,Korontada & Biyaha
wda_xafiiska_waaxda_dowladda_hoose_e_370,Xafiiska Waaxda Dowladda Hoose ee Qaybta 370 (Koodbuur),"Municipal sub-office and local civic administration center in Koodbuur residential & commercial grid, Hargeisa",9.57251,44.03826,Government & Civic,government,Koodbuur,False,Landmark,Hay'adaha Dowladda
wda_maqaayadda_cuntada_hiddaha_dhaqa_371,Maqaayadda Cuntada Hiddaha & Dhaqanka ee Qaybta 371 (Airport Zone / Masalaha),"Traditional Somali dishes and family restaurant in Airport Zone / Masalaha residential & commercial grid, Hargeisa",9.51981,44.08104,Restaurants & Cafes,restaurant,Airport Zone / Masalaha,False,Utensils,Maqaayadaha & Kafateeriyada
wda_kafateeriyada_qahwada_casriga_ah_372,Kafateeriyada & Qahwada Casriga ah ee Qaybta 372 (Kilalka / Sheikh Nuur East),"Modern coffee house and light dining lounge in Kilalka / Sheikh Nuur East residential & commercial grid, Hargeisa",9.57051,44.09077,Restaurants & Cafes,restaurant,Kilalka / Sheikh Nuur East,False,Utensils,Maqaayadaha & Kafateeriyada
wda_xarunta_ngo_yada_iyo_samafalka_e_373,Xarunta NGO-yada iyo Samafalka ee Qaybta 373 (Goljano District),"Non-governmental development agency & aid office in Goljano District residential & commercial grid, Hargeisa",9.55719,44.07782,NGOs & Humanitarian,ngo,Goljano District,False,Globe,Hay'adaha Samafalka (NGOs)
wda_jidka_iyo_wadada_weyn_ee_qaybta__374,Jidka iyo Wadada Weyn ee Qaybta 374 (Biyo Dhacay Area),"Major paved road corridor and arterial avenue in Biyo Dhacay Area residential & commercial grid, Hargeisa",9.55477,44.0711,Roads & Arterials,arterial_road,Biyo Dhacay Area,False,Navigation,Waddooyinka & Jidadka
wda_xaafada_deganaanshaha_ee_qaybta__375,Xaafada Deganaanshaha ee Qaybta 375 (Xero Awr / Hero Awr),"Quiet residential enclave and community living sector in Xero Awr / Hero Awr residential & commercial grid, Hargeisa",9.56489,44.04532,Xaafadaha (Districts),neighborhood,Xero Awr / Hero Awr,False,Home,Xaafadaha & Degmooyinka
wda_cusbitaalka_gurmadka_caafimaadka_376,Cusbitaalka Gurmadka Caafimaadka ee Qaybta 376 (Downtown Waheen),"Specialized neighborhood clinic & emergency health post in Downtown Waheen residential & commercial grid, Hargeisa",9.56053,44.07122,Hospitals & Healthcare,hospital,Downtown Waheen,False,HeartPulse,Cusbitaallada & Rugaha Caafimaadka
wda_rugta_daryeelka_hooyada_dhallaan_377,Rugta Daryeelka Hooyada & Dhallaanka ee Qaybta 377 (Jigjiga Yar),"Maternal and child care dispensary center in Jigjiga Yar residential & commercial grid, Hargeisa",9.57617,44.03902,Hospitals & Healthcare,hospital,Jigjiga Yar,False,HeartPulse,Cusbitaallada & Rugaha Caafimaadka
wda_farmasiga_shacabka_caafimaadka_e_378,Farmasiga Shacabka & Caafimaadka ee Qaybta 378 (Ahmed Dhagax),"24/7 community pharmacy and dispensary outpost in Ahmed Dhagax residential & commercial grid, Hargeisa",9.5528,44.05483,Hospitals & Healthcare,hospital,Ahmed Dhagax,False,HeartPulse,Cusbitaallada & Rugaha Caafimaadka
wda_dugsiga_hoose_dhexe_ee_waxbarash_379,Dugsiga Hoose/Dhexe ee Waxbarashada Qaybta 379 (150 Highway),"Public primary & intermediate school campus in 150 Highway residential & commercial grid, Hargeisa",9.57893,44.05763,Schools & Universities,school,150 Highway,False,GraduationCap,Dugsiyada & Waxbarashada
wda_akadeemiyada_casriga_ah_ee_qaybt_380,Akadeemiyada Casriga ah ee Qaybta 380 (Shaab / Institutional District),"Modern high school and STEM educational institute in Shaab / Institutional District residential & commercial grid, Hargeisa",9.55729,44.06175,Schools & Universities,school,Shaab / Institutional District,False,GraduationCap,Dugsiyada & Waxbarashada
wda_machadka_tababarka_xirfadaha_ee__381,Machadka Tababarka Xirfadaha ee Qaybta 381 (Maxamed Mooge),"Vocational and technical training college center in Maxamed Mooge residential & commercial grid, Hargeisa",9.51631,44.1079,Schools & Universities,university,Maxamed Mooge,False,GraduationCap,Jaamacadaha & Kuliyadaha
wda_masjidka_jaamaca_ee_qaybta_382_n_382,Masjidka Jaamaca ee Qaybta 382 (New Hargeisa),"Congregational Friday mosque with community prayer hall in New Hargeisa residential & commercial grid, Hargeisa",9.55168,44.1001,Mosques (Masaajidda),place_of_worship,New Hargeisa,False,Moon,Masaajidda
wda_masjidka_al_imaan_ee_qaybta_383__383,Masjidka Al-Imaan ee Qaybta 383 (Daami),"Neighborhood community mosque and Quranic learning hub in Daami residential & commercial grid, Hargeisa",9.57305,44.08629,Mosques (Masaajidda),place_of_worship,Daami,False,Moon,Masaajidda
wda_suuqa_khdaarta_iyo_ganacsiga_ee__384,Suuqa Khdaarta iyo Ganacsiga ee Qaybta 384 (Shiraaqle),"Neighborhood open-air fresh market and commercial trade zone in Shiraaqle residential & commercial grid, Hargeisa",9.5608,44.10683,Markets & Malls,mall,Shiraaqle,False,ShoppingBag,Suuqyada & Xarumaha Ganacsiga
wda_xarunta_ganacsiga_supermarket_ee_385,Xarunta Ganacsiga & Supermarket ee Qaybta 385 (Koodbuur),"Modern multi-store retail grocery and provisions shopping center in Koodbuur residential & commercial grid, Hargeisa",9.57192,44.04756,Markets & Malls,mall,Koodbuur,False,ShoppingBag,Suuqyada & Xarumaha Ganacsiga
wda_kaalinta_shidaalka_hass_national_386,Kaalinta Shidaalka Hass / National ee Qaybta 386 (Airport Zone / Masalaha),"Service petrol station, diesel dispenser and tire service in Airport Zone / Masalaha residential & commercial grid, Hargeisa",9.51895,44.0947,Fuel Stations (Kaalmaha Shidaalka),fuel,Airport Zone / Masalaha,False,Fuel,Kaalmaha Shidaalka
wda_kaalinta_shidaalka_gaaska_ee_qay_387,Kaalinta Shidaalka & Gaaska ee Qaybta 387 (Kilalka / Sheikh Nuur East),"Fuel station and LPG domestic gas distribution depot in Kilalka / Sheikh Nuur East residential & commercial grid, Hargeisa",9.56992,44.10006,Fuel Stations (Kaalmaha Shidaalka),fuel,Kilalka / Sheikh Nuur East,False,Fuel,Kaalmaha Shidaalka
wda_istaanka_gaadiidka_dadweynaha_ee_388,Istaanka Gaadiidka Dadweynaha ee Qaybta 388 (Goljano District),"Minibus terminal and designated passenger pick-and-drop stop in Goljano District residential & commercial grid, Hargeisa",9.55667,44.08602,Transport & Terminals,transit_station,Goljano District,False,Navigation,Istaannada & Gaadiidka
wda_isgoyska_weyn_ee_gaadiidka_ee_qa_389,Isgoyska Weyn ee Gaadiidka ee Qaybta 389 (Biyo Dhacay Area),"Major road intersection and inter-district transit artery in Biyo Dhacay Area residential & commercial grid, Hargeisa",9.55429,44.07875,Transport & Terminals,transit_station,Biyo Dhacay Area,False,Navigation,Istaannada & Gaadiidka
wda_huteelka_nasashada_martida_ee_qa_390,Huteelka Nasashada & Martida ee Qaybta 390 (Xero Awr / Hero Awr),"Comfortable guest lodging and family dining restaurant in Xero Awr / Hero Awr residential & commercial grid, Hargeisa",9.56437,44.05352,Hotels & Hospitality,hotel,Xero Awr / Hero Awr,False,Hotel,Huteellada & Martida
wda_laanta_zaad_dahabshiil_ee_qaybta_391,Laanta ZAAD & Dahabshiil ee Qaybta 391 (Downtown Waheen),"Banking kiosk, e-remittance and ZAAD cash-in center in Downtown Waheen residential & commercial grid, Hargeisa",9.56526,44.06662,Banks & Financial,bank,Downtown Waheen,False,Landmark,Bangiyada & Xawaaladaha
wda_laanta_taaj_edahab_express_ee_qa_392,Laanta TAAJ & Edahab Express ee Qaybta 392 (Jigjiga Yar),"Financial services, money transfer and remittance desk in Jigjiga Yar residential & commercial grid, Hargeisa",9.58207,44.03327,Banks & Financial,bank,Jigjiga Yar,False,Landmark,Bangiyada & Xawaaladaha
wda_xafiiska_adeegga_somtel_telesom__393,Xafiiska Adeegga Somtel & Telesom ee Qaybta 393 (Ahmed Dhagax),"Telecommunications branch, SIM registration and fiber service hub in Ahmed Dhagax residential & commercial grid, Hargeisa",9.55989,44.04793,Corporate & Utilities,corporate,Ahmed Dhagax,False,Building2,Shirkadaha & Isgaadhsiinta
wda_xarunta_korontada_sompower_ee_qa_394,Xarunta Korontada Sompower ee Qaybta 394 (150 Highway),"District electrical distribution and bill payment center in 150 Highway residential & commercial grid, Hargeisa",9.5872,44.04958,Corporate & Utilities,utility,150 Highway,False,Zap,Korontada & Biyaha
wda_xafiiska_waaxda_dowladda_hoose_e_395,Xafiiska Waaxda Dowladda Hoose ee Qaybta 395 (Shaab / Institutional District),"Municipal sub-office and local civic administration center in Shaab / Institutional District residential & commercial grid, Hargeisa",9.5628,44.05639,Government & Civic,government,Shaab / Institutional District,False,Landmark,Hay'adaha Dowladda
wda_maqaayadda_cuntada_hiddaha_dhaqa_396,Maqaayadda Cuntada Hiddaha & Dhaqanka ee Qaybta 396 (Maxamed Mooge),"Traditional Somali dishes and family restaurant in Maxamed Mooge residential & commercial grid, Hargeisa",9.52497,44.09947,Restaurants & Cafes,restaurant,Maxamed Mooge,False,Utensils,Maqaayadaha & Kafateeriyada
wda_kafateeriyada_qahwada_casriga_ah_397,Kafateeriyada & Qahwada Casriga ah ee Qaybta 397 (New Hargeisa),"Modern coffee house and light dining lounge in New Hargeisa residential & commercial grid, Hargeisa",9.55916,44.09281,Restaurants & Cafes,restaurant,New Hargeisa,False,Utensils,Maqaayadaha & Kafateeriyada
wda_xarunta_ngo_yada_iyo_samafalka_e_398,Xarunta NGO-yada iyo Samafalka ee Qaybta 398 (Daami),"Non-governmental development agency & aid office in Daami residential & commercial grid, Hargeisa",9.57934,44.08016,NGOs & Humanitarian,ngo,Daami,False,Globe,Hay'adaha Samafalka (NGOs)
wda_jidka_iyo_wadada_weyn_ee_qaybta__399,Jidka iyo Wadada Weyn ee Qaybta 399 (Shiraaqle),"Major paved road corridor and arterial avenue in Shiraaqle residential & commercial grid, Hargeisa",9.56789,44.09993,Roads & Arterials,arterial_road,Shiraaqle,False,Navigation,Waddooyinka & Jidadka
wda_xaafada_deganaanshaha_ee_qaybta__400,Xaafada Deganaanshaha ee Qaybta 400 (Koodbuur),"Quiet residential enclave and community living sector in Koodbuur residential & commercial grid, Hargeisa",9.57862,44.04104,Xaafadaha (Districts),neighborhood,Koodbuur,False,Home,Xaafadaha & Degmooyinka
wda_cusbitaalka_gurmadka_caafimaadka_401,Cusbitaalka Gurmadka Caafimaadka ee Qaybta 401 (Airport Zone / Masalaha),"Specialized neighborhood clinic & emergency health post in Airport Zone / Masalaha residential & commercial grid, Hargeisa",9.52879,44.08512,Hospitals & Healthcare,hospital,Airport Zone / Masalaha,False,HeartPulse,Cusbitaallada & Rugaha Caafimaadka
wda_rugta_daryeelka_hooyada_dhallaan_402,Rugta Daryeelka Hooyada & Dhallaanka ee Qaybta 402 (Kilalka / Sheikh Nuur East),"Maternal and child care dispensary center in Kilalka / Sheikh Nuur East residential & commercial grid, Hargeisa",9.57662,44.09354,Hospitals & Healthcare,hospital,Kilalka / Sheikh Nuur East,False,HeartPulse,Cusbitaallada & Rugaha Caafimaadka
wda_farmasiga_shacabka_caafimaadka_e_403,Farmasiga Shacabka & Caafimaadka ee Qaybta 403 (Goljano District),"24/7 community pharmacy and dispensary outpost in Goljano District residential & commercial grid, Hargeisa",9.56257,44.08027,Hospitals & Healthcare,hospital,Goljano District,False,HeartPulse,Cusbitaallada & Rugaha Caafimaadka
wda_dugsiga_hoose_dhexe_ee_waxbarash_404,Dugsiga Hoose/Dhexe ee Waxbarashada Qaybta 404 (Biyo Dhacay Area),"Public primary & intermediate school campus in Biyo Dhacay Area residential & commercial grid, Hargeisa",9.5598,44.07339,Schools & Universities,school,Biyo Dhacay Area,False,GraduationCap,Dugsiyada & Waxbarashada
wda_akadeemiyada_casriga_ah_ee_qaybt_405,Akadeemiyada Casriga ah ee Qaybta 405 (Xero Awr / Hero Awr),"Modern high school and STEM educational institute in Xero Awr / Hero Awr residential & commercial grid, Hargeisa",9.57027,44.04777,Schools & Universities,school,Xero Awr / Hero Awr,False,GraduationCap,Dugsiyada & Waxbarashada
wda_machadka_tababarka_xirfadaha_ee__406,Machadka Tababarka Xirfadaha ee Qaybta 406 (Downtown Waheen),"Vocational and technical training college center in Downtown Waheen residential & commercial grid, Hargeisa",9.55864,44.06678,Schools & Universities,university,Downtown Waheen,False,GraduationCap,Jaamacadaha & Kuliyadaha
wda_masjidka_jaamaca_ee_qaybta_407_j_407,Masjidka Jaamaca ee Qaybta 407 (Jigjiga Yar),"Congregational Friday mosque with community prayer hall in Jigjiga Yar residential & commercial grid, Hargeisa",9.5738,44.03347,Mosques (Masaajidda),place_of_worship,Jigjiga Yar,False,Moon,Masaajidda
wda_masjidka_al_imaan_ee_qaybta_408__408,Masjidka Al-Imaan ee Qaybta 408 (Ahmed Dhagax),"Neighborhood community mosque and Quranic learning hub in Ahmed Dhagax residential & commercial grid, Hargeisa",9.54997,44.04816,Mosques (Masaajidda),place_of_worship,Ahmed Dhagax,False,Moon,Masaajidda
wda_suuqa_khdaarta_iyo_ganacsiga_ee__409,Suuqa Khdaarta iyo Ganacsiga ee Qaybta 409 (150 Highway),"Neighborhood open-air fresh market and commercial trade zone in 150 Highway residential & commercial grid, Hargeisa",9.57563,44.04986,Markets & Malls,mall,150 Highway,False,ShoppingBag,Suuqyada & Xarumaha Ganacsiga
wda_xarunta_ganacsiga_supermarket_ee_410,Xarunta Ganacsiga & Supermarket ee Qaybta 410 (Shaab / Institutional District),"Modern multi-store retail grocery and provisions shopping center in Shaab / Institutional District residential & commercial grid, Hargeisa",9.55508,44.05657,Markets & Malls,mall,Shaab / Institutional District,False,ShoppingBag,Suuqyada & Xarumaha Ganacsiga
wda_kaalinta_shidaalka_hass_national_411,Kaalinta Shidaalka Hass / National ee Qaybta 411 (Maxamed Mooge),"Service petrol station, diesel dispenser and tire service in Maxamed Mooge residential & commercial grid, Hargeisa",9.51285,44.09976,Fuel Stations (Kaalmaha Shidaalka),fuel,Maxamed Mooge,False,Fuel,Kaalmaha Shidaalka
wda_kaalinta_shidaalka_gaaska_ee_qay_412,Kaalinta Shidaalka & Gaaska ee Qaybta 412 (New Hargeisa),"Fuel station and LPG domestic gas distribution depot in New Hargeisa residential & commercial grid, Hargeisa",9.54869,44.09306,Fuel Stations (Kaalmaha Shidaalka),fuel,New Hargeisa,False,Fuel,Kaalmaha Shidaalka
wda_istaanka_gaadiidka_dadweynaha_ee_413,Istaanka Gaadiidka Dadweynaha ee Qaybta 413 (Daami),"Minibus terminal and designated passenger pick-and-drop stop in Daami residential & commercial grid, Hargeisa",9.57053,44.08037,Transport & Terminals,transit_station,Daami,False,Navigation,Istaannada & Gaadiidka
wda_isgoyska_weyn_ee_gaadiidka_ee_qa_414,Isgoyska Weyn ee Gaadiidka ee Qaybta 414 (Shiraaqle),"Major road intersection and inter-district transit artery in Shiraaqle residential & commercial grid, Hargeisa",9.55797,44.10016,Transport & Terminals,transit_station,Shiraaqle,False,Navigation,Istaannada & Gaadiidka
wda_huteelka_nasashada_martida_ee_qa_415,Huteelka Nasashada & Martida ee Qaybta 415 (Koodbuur),"Comfortable guest lodging and family dining restaurant in Koodbuur residential & commercial grid, Hargeisa",9.56925,44.04127,Hotels & Hospitality,hotel,Koodbuur,False,Hotel,Huteellada & Martida
wda_laanta_zaad_dahabshiil_ee_qaybta_416,Laanta ZAAD & Dahabshiil ee Qaybta 416 (Airport Zone / Masalaha),"Banking kiosk, e-remittance and ZAAD cash-in center in Airport Zone / Masalaha residential & commercial grid, Hargeisa",9.51501,44.08545,Banks & Financial,bank,Airport Zone / Masalaha,False,Landmark,Bangiyada & Xawaaladaha
wda_laanta_taaj_edahab_express_ee_qa_417,Laanta TAAJ & Edahab Express ee Qaybta 417 (Kilalka / Sheikh Nuur East),"Financial services, money transfer and remittance desk in Kilalka / Sheikh Nuur East residential & commercial grid, Hargeisa",9.56725,44.09377,Banks & Financial,bank,Kilalka / Sheikh Nuur East,False,Landmark,Bangiyada & Xawaaladaha
wda_xafiiska_adeegga_somtel_telesom__418,Xafiiska Adeegga Somtel & Telesom ee Qaybta 418 (Goljano District),"Telecommunications branch, SIM registration and fiber service hub in Goljano District residential & commercial grid, Hargeisa",9.5543,44.08047,Corporate & Utilities,corporate,Goljano District,False,Building2,Shirkadaha & Isgaadhsiinta
wda_xarunta_korontada_sompower_ee_qa_419,Xarunta Korontada Sompower ee Qaybta 419 (Biyo Dhacay Area),"District electrical distribution and bill payment center in Biyo Dhacay Area residential & commercial grid, Hargeisa",9.55208,44.07357,Corporate & Utilities,utility,Biyo Dhacay Area,False,Zap,Korontada & Biyaha
wda_xafiiska_waaxda_dowladda_hoose_e_420,Xafiiska Waaxda Dowladda Hoose ee Qaybta 420 (Xero Awr / Hero Awr),"Municipal sub-office and local civic administration center in Xero Awr / Hero Awr residential & commercial grid, Hargeisa",9.562,44.04797,Government & Civic,government,Xero Awr / Hero Awr,False,Landmark,Hay'adaha Dowladda
wda_maqaayadda_cuntada_hiddaha_dhaqa_421,Maqaayadda Cuntada Hiddaha & Dhaqanka ee Qaybta 421 (Downtown Waheen),"Traditional Somali dishes and family restaurant in Downtown Waheen residential & commercial grid, Hargeisa",9.56368,44.07123,Restaurants & Cafes,restaurant,Downtown Waheen,False,Utensils,Maqaayadaha & Kafateeriyada
wda_kafateeriyada_qahwada_casriga_ah_422,Kafateeriyada & Qahwada Casriga ah ee Qaybta 422 (Jigjiga Yar),"Modern coffee house and light dining lounge in Jigjiga Yar residential & commercial grid, Hargeisa",9.58009,44.03904,Restaurants & Cafes,restaurant,Jigjiga Yar,False,Utensils,Maqaayadaha & Kafateeriyada
wda_xarunta_ngo_yada_iyo_samafalka_e_423,Xarunta NGO-yada iyo Samafalka ee Qaybta 423 (Ahmed Dhagax),"Non-governmental development agency & aid office in Ahmed Dhagax residential & commercial grid, Hargeisa",9.55751,44.05485,NGOs & Humanitarian,ngo,Ahmed Dhagax,False,Globe,Hay'adaha Samafalka (NGOs)
wda_jidka_iyo_wadada_weyn_ee_qaybta__424,Jidka iyo Wadada Weyn ee Qaybta 424 (150 Highway),"Major paved road corridor and arterial avenue in 150 Highway residential & commercial grid, Hargeisa",9.58443,44.05766,Roads & Arterials,arterial_road,150 Highway,False,Navigation,Waddooyinka & Jidadka
wda_xaafada_deganaanshaha_ee_qaybta__425,Xaafada Deganaanshaha ee Qaybta 425 (Shaab / Institutional District),"Quiet residential enclave and community living sector in Shaab / Institutional District residential & commercial grid, Hargeisa",9.56095,44.06177,Xaafadaha (Districts),neighborhood,Shaab / Institutional District,False,Home,Xaafadaha & Degmooyinka
wda_cusbitaalka_gurmadka_caafimaadka_426,Cusbitaalka Gurmadka Caafimaadka ee Qaybta 426 (Maxamed Mooge),"Specialized neighborhood clinic & emergency health post in Maxamed Mooge residential & commercial grid, Hargeisa",9.52207,44.10793,Hospitals & Healthcare,hospital,Maxamed Mooge,False,HeartPulse,Cusbitaallada & Rugaha Caafimaadka
wda_rugta_daryeelka_hooyada_dhallaan_427,Rugta Daryeelka Hooyada & Dhallaanka ee Qaybta 427 (New Hargeisa),"Maternal and child care dispensary center in New Hargeisa residential & commercial grid, Hargeisa",9.55665,44.10012,Hospitals & Healthcare,hospital,New Hargeisa,False,HeartPulse,Cusbitaallada & Rugaha Caafimaadka
wda_farmasiga_shacabka_caafimaadka_e_428,Farmasiga Shacabka & Caafimaadka ee Qaybta 428 (Daami),"24/7 community pharmacy and dispensary outpost in Daami residential & commercial grid, Hargeisa",9.57723,44.08631,Hospitals & Healthcare,hospital,Daami,False,HeartPulse,Cusbitaallada & Rugaha Caafimaadka
wda_dugsiga_hoose_dhexe_ee_waxbarash_429,Dugsiga Hoose/Dhexe ee Waxbarashada Qaybta 429 (Shiraaqle),"Public primary & intermediate school campus in Shiraaqle residential & commercial grid, Hargeisa",9.56551,44.10685,Schools & Universities,school,Shiraaqle,False,GraduationCap,Dugsiyada & Waxbarashada
wda_akadeemiyada_casriga_ah_ee_qaybt_430,Akadeemiyada Casriga ah ee Qaybta 430 (Koodbuur),"Modern high school and STEM educational institute in Koodbuur residential & commercial grid, Hargeisa",9.57637,44.04758,Schools & Universities,school,Koodbuur,False,GraduationCap,Dugsiyada & Waxbarashada
wda_machadka_tababarka_xirfadaha_ee__431,Machadka Tababarka Xirfadaha ee Qaybta 431 (Airport Zone / Masalaha),"Vocational and technical training college center in Airport Zone / Masalaha residential & commercial grid, Hargeisa",9.52549,44.09473,Schools & Universities,university,Airport Zone / Masalaha,False,GraduationCap,Jaamacadaha & Kuliyadaha
wda_masjidka_jaamaca_ee_qaybta_432_k_432,Masjidka Jaamaca ee Qaybta 432 (Kilalka / Sheikh Nuur East),"Congregational Friday mosque with community prayer hall in Kilalka / Sheikh Nuur East residential & commercial grid, Hargeisa",9.57437,44.10008,Mosques (Masaajidda),place_of_worship,Kilalka / Sheikh Nuur East,False,Moon,Masaajidda
wda_masjidka_al_imaan_ee_qaybta_433__433,Masjidka Al-Imaan ee Qaybta 433 (Goljano District),"Neighborhood community mosque and Quranic learning hub in Goljano District residential & commercial grid, Hargeisa",9.56059,44.08604,Mosques (Masaajidda),place_of_worship,Goljano District,False,Moon,Masaajidda
wda_suuqa_khdaarta_iyo_ganacsiga_ee__434,Suuqa Khdaarta iyo Ganacsiga ee Qaybta 434 (Biyo Dhacay Area),"Neighborhood open-air fresh market and commercial trade zone in Biyo Dhacay Area residential & commercial grid, Hargeisa",9.55795,44.07877,Markets & Malls,mall,Biyo Dhacay Area,False,ShoppingBag,Suuqyada & Xarumaha Ganacsiga
wda_xarunta_ganacsiga_supermarket_ee_435,Xarunta Ganacsiga & Supermarket ee Qaybta 435 (Xero Awr / Hero Awr),"Modern multi-store retail grocery and provisions shopping center in Xero Awr / Hero Awr residential & commercial grid, Hargeisa",9.56829,44.05354,Markets & Malls,mall,Xero Awr / Hero Awr,False,ShoppingBag,Suuqyada & Xarumaha Ganacsiga
wda_kaalinta_shidaalka_hass_national_436,Kaalinta Shidaalka Hass / National ee Qaybta 436 (Downtown Waheen),"Service petrol station, diesel dispenser and tire service in Downtown Waheen residential & commercial grid, Hargeisa",9.56293,44.06444,Fuel Stations (Kaalmaha Shidaalka),fuel,Downtown Waheen,False,Fuel,Kaalmaha Shidaalka
wda_kaalinta_shidaalka_gaaska_ee_qay_437,Kaalinta Shidaalka & Gaaska ee Qaybta 437 (Jigjiga Yar),"Fuel station and LPG domestic gas distribution depot in Jigjiga Yar residential & commercial grid, Hargeisa",9.57916,44.03054,Fuel Stations (Kaalmaha Shidaalka),fuel,Jigjiga Yar,False,Fuel,Kaalmaha Shidaalka
wda_istaanka_gaadiidka_dadweynaha_ee_438,Istaanka Gaadiidka Dadweynaha ee Qaybta 438 (Ahmed Dhagax),"Minibus terminal and designated passenger pick-and-drop stop in Ahmed Dhagax residential & commercial grid, Hargeisa",9.55639,44.04465,Transport & Terminals,transit_station,Ahmed Dhagax,False,Navigation,Istaannada & Gaadiidka
wda_isgoyska_weyn_ee_gaadiidka_ee_qa_439,Isgoyska Weyn ee Gaadiidka ee Qaybta 439 (150 Highway),"Major road intersection and inter-district transit artery in 150 Highway residential & commercial grid, Hargeisa",9.58312,44.04576,Transport & Terminals,transit_station,150 Highway,False,Navigation,Istaannada & Gaadiidka
wda_huteelka_nasashada_martida_ee_qa_440,Huteelka Nasashada & Martida ee Qaybta 440 (Shaab / Institutional District),"Comfortable guest lodging and family dining restaurant in Shaab / Institutional District residential & commercial grid, Hargeisa",9.56008,44.05384,Hotels & Hospitality,hotel,Shaab / Institutional District,False,Hotel,Huteellada & Martida
wda_laanta_zaad_dahabshiil_ee_qaybta_441,Laanta ZAAD & Dahabshiil ee Qaybta 441 (Maxamed Mooge),"Banking kiosk, e-remittance and ZAAD cash-in center in Maxamed Mooge residential & commercial grid, Hargeisa",9.5207,44.09547,Banks & Financial,bank,Maxamed Mooge,False,Landmark,Bangiyada & Xawaaladaha
wda_laanta_taaj_edahab_express_ee_qa_442,Laanta TAAJ & Edahab Express ee Qaybta 442 (New Hargeisa),"Financial services, money transfer and remittance desk in New Hargeisa residential & commercial grid, Hargeisa",9.55547,44.08936,Banks & Financial,bank,New Hargeisa,False,Landmark,Bangiyada & Xawaaladaha
wda_xafiiska_adeegga_somtel_telesom__443,Xafiiska Adeegga Somtel & Telesom ee Qaybta 443 (Daami),"Telecommunications branch, SIM registration and fiber service hub in Daami residential & commercial grid, Hargeisa",9.57624,44.07725,Corporate & Utilities,corporate,Daami,False,Building2,Shirkadaha & Isgaadhsiinta
wda_xarunta_korontada_sompower_ee_qa_444,Xarunta Korontada Sompower ee Qaybta 444 (Shiraaqle),"District electrical distribution and bill payment center in Shiraaqle residential & commercial grid, Hargeisa",9.56439,44.09665,Corporate & Utilities,utility,Shiraaqle,False,Zap,Korontada & Biyaha
wda_xafiiska_waaxda_dowladda_hoose_e_445,Xafiiska Waaxda Dowladda Hoose ee Qaybta 445 (Koodbuur),"Municipal sub-office and local civic administration center in Koodbuur residential & commercial grid, Hargeisa",9.57531,44.03795,Government & Civic,government,Koodbuur,False,Landmark,Hay'adaha Dowladda
wda_maqaayadda_cuntada_hiddaha_dhaqa_446,Maqaayadda Cuntada Hiddaha & Dhaqanka ee Qaybta 446 (Airport Zone / Masalaha),"Traditional Somali dishes and family restaurant in Airport Zone / Masalaha residential & commercial grid, Hargeisa",9.52393,44.08058,Restaurants & Cafes,restaurant,Airport Zone / Masalaha,False,Utensils,Maqaayadaha & Kafateeriyada
wda_kafateeriyada_qahwada_casriga_ah_447,Kafateeriyada & Qahwada Casriga ah ee Qaybta 447 (Kilalka / Sheikh Nuur East),"Modern coffee house and light dining lounge in Kilalka / Sheikh Nuur East residential & commercial grid, Hargeisa",9.57331,44.09045,Restaurants & Cafes,restaurant,Kilalka / Sheikh Nuur East,False,Utensils,Maqaayadaha & Kafateeriyada
wda_xarunta_ngo_yada_iyo_samafalka_e_448,Xarunta NGO-yada iyo Samafalka ee Qaybta 448 (Goljano District),"Non-governmental development agency & aid office in Goljano District residential & commercial grid, Hargeisa",9.55966,44.07754,NGOs & Humanitarian,ngo,Goljano District,False,Globe,Hay'adaha Samafalka (NGOs)
wda_jidka_iyo_wadada_weyn_ee_qaybta__449,Jidka iyo Wadada Weyn ee Qaybta 449 (Biyo Dhacay Area),"Major paved road corridor and arterial avenue in Biyo Dhacay Area residential & commercial grid, Hargeisa",9.55708,44.07084,Roads & Arterials,arterial_road,Biyo Dhacay Area,False,Navigation,Waddooyinka & Jidadka
wda_xaafada_deganaanshaha_ee_qaybta__450,Xaafada Deganaanshaha ee Qaybta 450 (Xero Awr / Hero Awr),"Quiet residential enclave and community living sector in Xero Awr / Hero Awr residential & commercial grid, Hargeisa",9.56736,44.04504,Xaafadaha (Districts),neighborhood,Xero Awr / Hero Awr,False,Home,Xaafadaha & Degmooyinka
wda_cusbitaalka_gurmadka_caafimaadka_451,Cusbitaalka Gurmadka Caafimaadka ee Qaybta 451 (Downtown Waheen),"Specialized neighborhood clinic & emergency health post in Downtown Waheen residential & commercial grid, Hargeisa",9.55891,44.07001,Hospitals & Healthcare,hospital,Downtown Waheen,False,HeartPulse,Cusbitaallada & Rugaha Caafimaadka
wda_rugta_daryeelka_hooyada_dhallaan_452,Rugta Daryeelka Hooyada & Dhallaanka ee Qaybta 452 (Jigjiga Yar),"Maternal and child care dispensary center in Jigjiga Yar residential & commercial grid, Hargeisa",9.57414,44.03751,Hospitals & Healthcare,hospital,Jigjiga Yar,False,HeartPulse,Cusbitaallada & Rugaha Caafimaadka
wda_farmasiga_shacabka_caafimaadka_e_453,Farmasiga Shacabka & Caafimaadka ee Qaybta 453 (Ahmed Dhagax),"24/7 community pharmacy and dispensary outpost in Ahmed Dhagax residential & commercial grid, Hargeisa",9.55037,44.05302,Hospitals & Healthcare,hospital,Ahmed Dhagax,False,HeartPulse,Cusbitaallada & Rugaha Caafimaadka
wda_dugsiga_hoose_dhexe_ee_waxbarash_454,Dugsiga Hoose/Dhexe ee Waxbarashada Qaybta 454 (150 Highway),"Public primary & intermediate school campus in 150 Highway residential & commercial grid, Hargeisa",9.5761,44.05552,Schools & Universities,school,150 Highway,False,GraduationCap,Dugsiyada & Waxbarashada
wda_akadeemiyada_casriga_ah_ee_qaybt_455,Akadeemiyada Casriga ah ee Qaybta 455 (Shaab / Institutional District),"Modern high school and STEM educational institute in Shaab / Institutional District residential & commercial grid, Hargeisa",9.5554,44.06035,Schools & Universities,school,Shaab / Institutional District,False,GraduationCap,Dugsiyada & Waxbarashada
wda_machadka_tababarka_xirfadaha_ee__456,Machadka Tababarka Xirfadaha ee Qaybta 456 (Maxamed Mooge),"Vocational and technical training college center in Maxamed Mooge residential & commercial grid, Hargeisa",9.51334,44.10569,Schools & Universities,university,Maxamed Mooge,False,GraduationCap,Jaamacadaha & Kuliyadaha
wda_masjidka_jaamaca_ee_qaybta_457_n_457,Masjidka Jaamaca ee Qaybta 457 (New Hargeisa),"Congregational Friday mosque with community prayer hall in New Hargeisa residential & commercial grid, Hargeisa",9.54911,44.09819,Mosques (Masaajidda),place_of_worship,New Hargeisa,False,Moon,Masaajidda
wda_masjidka_al_imaan_ee_qaybta_458__458,Masjidka Al-Imaan ee Qaybta 458 (Daami),"Neighborhood community mosque and Quranic learning hub in Daami residential & commercial grid, Hargeisa",9.57089,44.08468,Mosques (Masaajidda),place_of_worship,Daami,False,Moon,Masaajidda
wda_suuqa_khdaarta_iyo_ganacsiga_ee__459,Suuqa Khdaarta iyo Ganacsiga ee Qaybta 459 (Shiraaqle),"Neighborhood open-air fresh market and commercial trade zone in Shiraaqle residential & commercial grid, Hargeisa",9.55837,44.10502,Markets & Malls,mall,Shiraaqle,False,ShoppingBag,Suuqyada & Xarumaha Ganacsiga
wda_xarunta_ganacsiga_supermarket_ee_460,Xarunta Ganacsiga & Supermarket ee Qaybta 460 (Koodbuur),"Modern multi-store retail grocery and provisions shopping center in Koodbuur residential & commercial grid, Hargeisa",9.56963,44.04585,Markets & Malls,mall,Koodbuur,False,ShoppingBag,Suuqyada & Xarumaha Ganacsiga
wda_kaalinta_shidaalka_hass_national_461,Kaalinta Shidaalka Hass / National ee Qaybta 461 (Airport Zone / Masalaha),"Service petrol station, diesel dispenser and tire service in Airport Zone / Masalaha residential & commercial grid, Hargeisa",9.51557,44.09219,Fuel Stations (Kaalmaha Shidaalka),fuel,Airport Zone / Masalaha,False,Fuel,Kaalmaha Shidaalka
wda_kaalinta_shidaalka_gaaska_ee_qay_462,Kaalinta Shidaalka & Gaaska ee Qaybta 462 (Kilalka / Sheikh Nuur East),"Fuel station and LPG domestic gas distribution depot in Kilalka / Sheikh Nuur East residential & commercial grid, Hargeisa",9.56763,44.09835,Fuel Stations (Kaalmaha Shidaalka),fuel,Kilalka / Sheikh Nuur East,False,Fuel,Kaalmaha Shidaalka
wda_istaanka_gaadiidka_dadweynaha_ee_463,Istaanka Gaadiidka Dadweynaha ee Qaybta 463 (Goljano District),"Minibus terminal and designated passenger pick-and-drop stop in Goljano District residential & commercial grid, Hargeisa",9.55464,44.08451,Transport & Terminals,transit_station,Goljano District,False,Navigation,Istaannada & Gaadiidka
wda_isgoyska_weyn_ee_gaadiidka_ee_qa_464,Isgoyska Weyn ee Gaadiidka ee Qaybta 464 (Biyo Dhacay Area),"Major road intersection and inter-district transit artery in Biyo Dhacay Area residential & commercial grid, Hargeisa",9.5524,44.07735,Transport & Terminals,transit_station,Biyo Dhacay Area,False,Navigation,Istaannada & Gaadiidka
wda_huteelka_nasashada_martida_ee_qa_465,Huteelka Nasashada & Martida ee Qaybta 465 (Xero Awr / Hero Awr),"Comfortable guest lodging and family dining restaurant in Xero Awr / Hero Awr residential & commercial grid, Hargeisa",9.56234,44.05201,Hotels & Hospitality,hotel,Xero Awr / Hero Awr,False,Hotel,Huteellada & Martida
wda_laanta_zaad_dahabshiil_ee_qaybta_466,Laanta ZAAD & Dahabshiil ee Qaybta 466 (Downtown Waheen),"Banking kiosk, e-remittance and ZAAD cash-in center in Downtown Waheen residential & commercial grid, Hargeisa",9.56565,44.06864,Banks & Financial,bank,Downtown Waheen,False,Landmark,Bangiyada & Xawaaladaha
wda_laanta_taaj_edahab_express_ee_qa_467,Laanta TAAJ & Edahab Express ee Qaybta 467 (Jigjiga Yar),"Financial services, money transfer and remittance desk in Jigjiga Yar residential & commercial grid, Hargeisa",9.58256,44.03579,Banks & Financial,bank,Jigjiga Yar,False,Landmark,Bangiyada & Xawaaladaha
wda_xafiiska_adeegga_somtel_telesom__468,Xafiiska Adeegga Somtel & Telesom ee Qaybta 468 (Ahmed Dhagax),"Telecommunications branch, SIM registration and fiber service hub in Ahmed Dhagax residential & commercial grid, Hargeisa",9.56047,44.05095,Corporate & Utilities,corporate,Ahmed Dhagax,False,Building2,Shirkadaha & Isgaadhsiinta
wda_xarunta_korontada_sompower_ee_qa_469,Xarunta Korontada Sompower ee Qaybta 469 (150 Highway),"District electrical distribution and bill payment center in 150 Highway residential & commercial grid, Hargeisa",9.58788,44.05311,Corporate & Utilities,utility,150 Highway,False,Zap,Korontada & Biyaha
wda_xafiiska_waaxda_dowladda_hoose_e_470,Xafiiska Waaxda Dowladda Hoose ee Qaybta 470 (Shaab / Institutional District),"Municipal sub-office and local civic administration center in Shaab / Institutional District residential & commercial grid, Hargeisa",9.56326,44.05874,Government & Civic,government,Shaab / Institutional District,False,Landmark,Hay'adaha Dowladda
wda_maqaayadda_cuntada_hiddaha_dhaqa_471,Maqaayadda Cuntada Hiddaha & Dhaqanka ee Qaybta 471 (Maxamed Mooge),"Traditional Somali dishes and family restaurant in Maxamed Mooge residential & commercial grid, Hargeisa",9.52569,44.10317,Restaurants & Cafes,restaurant,Maxamed Mooge,False,Utensils,Maqaayadaha & Kafateeriyada
wda_kafateeriyada_qahwada_casriga_ah_472,Kafateeriyada & Qahwada Casriga ah ee Qaybta 472 (New Hargeisa),"Modern coffee house and light dining lounge in New Hargeisa residential & commercial grid, Hargeisa",9.55978,44.09601,Restaurants & Cafes,restaurant,New Hargeisa,False,Utensils,Maqaayadaha & Kafateeriyada
wda_xarunta_ngo_yada_iyo_samafalka_e_473,Xarunta NGO-yada iyo Samafalka ee Qaybta 473 (Daami),"Non-governmental development agency & aid office in Daami residential & commercial grid, Hargeisa",9.57986,44.08285,NGOs & Humanitarian,ngo,Daami,False,Globe,Hay'adaha Samafalka (NGOs)
wda_jidka_iyo_wadada_weyn_ee_qaybta__474,Jidka iyo Wadada Weyn ee Qaybta 474 (Shiraaqle),"Major paved road corridor and arterial avenue in Shiraaqle residential & commercial grid, Hargeisa",9.56847,44.10295,Roads & Arterials,arterial_road,Shiraaqle,False,Navigation,Waddooyinka & Jidadka
wda_xaafada_deganaanshaha_ee_qaybta__475,Xaafada Deganaanshaha ee Qaybta 475 (Koodbuur),"Quiet residential enclave and community living sector in Koodbuur residential & commercial grid, Hargeisa",9.57917,44.0439,Xaafadaha (Districts),neighborhood,Koodbuur,False,Home,Xaafadaha & Degmooyinka
wda_cusbitaalka_gurmadka_caafimaadka_476,Cusbitaalka Gurmadka Caafimaadka ee Qaybta 476 (Airport Zone / Masalaha),"Specialized neighborhood clinic & emergency health post in Airport Zone / Masalaha residential & commercial grid, Hargeisa",9.5296,44.08932,Hospitals & Healthcare,hospital,Airport Zone / Masalaha,False,HeartPulse,Cusbitaallada & Rugaha Caafimaadka
wda_rugta_daryeelka_hooyada_dhallaan_477,Rugta Daryeelka Hooyada & Dhallaanka ee Qaybta 477 (Kilalka / Sheikh Nuur East),"Maternal and child care dispensary center in Kilalka / Sheikh Nuur East residential & commercial grid, Hargeisa",9.57717,44.0964,Hospitals & Healthcare,hospital,Kilalka / Sheikh Nuur East,False,HeartPulse,Cusbitaallada & Rugaha Caafimaadka
wda_farmasiga_shacabka_caafimaadka_e_478,Farmasiga Shacabka & Caafimaadka ee Qaybta 478 (Goljano District),"24/7 community pharmacy and dispensary outpost in Goljano District residential & commercial grid, Hargeisa",9.56306,44.08279,Hospitals & Healthcare,hospital,Goljano District,False,HeartPulse,Cusbitaallada & Rugaha Caafimaadka
wda_dugsiga_hoose_dhexe_ee_waxbarash_479,Dugsiga Hoose/Dhexe ee Waxbarashada Qaybta 479 (Biyo Dhacay Area),"Public primary & intermediate school campus in Biyo Dhacay Area residential & commercial grid, Hargeisa",9.56026,44.07574,Schools & Universities,school,Biyo Dhacay Area,False,GraduationCap,Dugsiyada & Waxbarashada
wda_akadeemiyada_casriga_ah_ee_qaybt_480,Akadeemiyada Casriga ah ee Qaybta 480 (Xero Awr / Hero Awr),"Modern high school and STEM educational institute in Xero Awr / Hero Awr residential & commercial grid, Hargeisa",9.57076,44.05029,Schools & Universities,school,Xero Awr / Hero Awr,False,GraduationCap,Dugsiyada & Waxbarashada
wda_machadka_tababarka_xirfadaha_ee__481,Machadka Tababarka Xirfadaha ee Qaybta 481 (Downtown Waheen),"Vocational and technical training college center in Downtown Waheen residential & commercial grid, Hargeisa",9.55971,44.06501,Schools & Universities,university,Downtown Waheen,False,GraduationCap,Jaamacadaha & Kuliyadaha
wda_masjidka_jaamaca_ee_qaybta_482_j_482,Masjidka Jaamaca ee Qaybta 482 (Jigjiga Yar),"Congregational Friday mosque with community prayer hall in Jigjiga Yar residential & commercial grid, Hargeisa",9.57514,44.03126,Mosques (Masaajidda),place_of_worship,Jigjiga Yar,False,Moon,Masaajidda
wda_masjidka_al_imaan_ee_qaybta_483__483,Masjidka Al-Imaan ee Qaybta 483 (Ahmed Dhagax),"Neighborhood community mosque and Quranic learning hub in Ahmed Dhagax residential & commercial grid, Hargeisa",9.55157,44.04551,Mosques (Masaajidda),place_of_worship,Ahmed Dhagax,False,Moon,Masaajidda
wda_suuqa_khdaarta_iyo_ganacsiga_ee__484,Suuqa Khdaarta iyo Ganacsiga ee Qaybta 484 (150 Highway),"Neighborhood open-air fresh market and commercial trade zone in 150 Highway residential & commercial grid, Hargeisa",9.5775,44.04676,Markets & Malls,mall,150 Highway,False,ShoppingBag,Suuqyada & Xarumaha Ganacsiga
wda_xarunta_ganacsiga_supermarket_ee_485,Xarunta Ganacsiga & Supermarket ee Qaybta 485 (Shaab / Institutional District),"Modern multi-store retail grocery and provisions shopping center in Shaab / Institutional District residential & commercial grid, Hargeisa",9.55633,44.05451,Markets & Malls,mall,Shaab / Institutional District,False,ShoppingBag,Suuqyada & Xarumaha Ganacsiga
wda_kaalinta_shidaalka_hass_national_486,Kaalinta Shidaalka Hass / National ee Qaybta 486 (Maxamed Mooge),"Service petrol station, diesel dispenser and tire service in Maxamed Mooge residential & commercial grid, Hargeisa",9.51481,44.09651,Fuel Stations (Kaalmaha Shidaalka),fuel,Maxamed Mooge,False,Fuel,Kaalmaha Shidaalka
wda_kaalinta_shidaalka_gaaska_ee_qay_487,Kaalinta Shidaalka & Gaaska ee Qaybta 487 (New Hargeisa),"Fuel station and LPG domestic gas distribution depot in New Hargeisa residential & commercial grid, Hargeisa",9.55038,44.09026,Fuel Stations (Kaalmaha Shidaalka),fuel,New Hargeisa,False,Fuel,Kaalmaha Shidaalka
wda_istaanka_gaadiidka_dadweynaha_ee_488,Istaanka Gaadiidka Dadweynaha ee Qaybta 488 (Daami),"Minibus terminal and designated passenger pick-and-drop stop in Daami residential & commercial grid, Hargeisa",9.57195,44.07801,Transport & Terminals,transit_station,Daami,False,Navigation,Istaannada & Gaadiidka
wda_isgoyska_weyn_ee_gaadiidka_ee_qa_489,Isgoyska Weyn ee Gaadiidka ee Qaybta 489 (Shiraaqle),"Major road intersection and inter-district transit artery in Shiraaqle residential & commercial grid, Hargeisa",9.55957,44.09751,Transport & Terminals,transit_station,Shiraaqle,False,Navigation,Istaannada & Gaadiidka
wda_huteelka_nasashada_martida_ee_qa_490,Huteelka Nasashada & Martida ee Qaybta 490 (Koodbuur),"Comfortable guest lodging and family dining restaurant in Koodbuur residential & commercial grid, Hargeisa",9.57076,44.03876,Hotels & Hospitality,hotel,Koodbuur,False,Hotel,Huteellada & Martida
wda_laanta_zaad_dahabshiil_ee_qaybta_491,Laanta ZAAD & Dahabshiil ee Qaybta 491 (Airport Zone / Masalaha),"Banking kiosk, e-remittance and ZAAD cash-in center in Airport Zone / Masalaha residential & commercial grid, Hargeisa",9.51724,44.08177,Banks & Financial,bank,Airport Zone / Masalaha,False,Landmark,Bangiyada & Xawaaladaha
wda_laanta_taaj_edahab_express_ee_qa_492,Laanta TAAJ & Edahab Express ee Qaybta 492 (Kilalka / Sheikh Nuur East),"Financial services, money transfer and remittance desk in Kilalka / Sheikh Nuur East residential & commercial grid, Hargeisa",9.56876,44.09126,Banks & Financial,bank,Kilalka / Sheikh Nuur East,False,Landmark,Bangiyada & Xawaaladaha
wda_xafiiska_adeegga_somtel_telesom__493,Xafiiska Adeegga Somtel & Telesom ee Qaybta 493 (Goljano District),"Telecommunications branch, SIM registration and fiber service hub in Goljano District residential & commercial grid, Hargeisa",9.55564,44.07826,Corporate & Utilities,corporate,Goljano District,False,Building2,Shirkadaha & Isgaadhsiinta
wda_xarunta_korontada_sompower_ee_qa_494,Xarunta Korontada Sompower ee Qaybta 494 (Biyo Dhacay Area),"District electrical distribution and bill payment center in Biyo Dhacay Area residential & commercial grid, Hargeisa",9.55333,44.07151,Corporate & Utilities,utility,Biyo Dhacay Area,False,Zap,Korontada & Biyaha
wda_xafiiska_waaxda_dowladda_hoose_e_495,Xafiiska Waaxda Dowladda Hoose ee Qaybta 495 (Xero Awr / Hero Awr),"Municipal sub-office and local civic administration center in Xero Awr / Hero Awr residential & commercial grid, Hargeisa",9.56334,44.04576,Government & Civic,government,Xero Awr / Hero Awr,False,Landmark,Hay'adaha Dowladda
wda_maqaayadda_cuntada_hiddaha_dhaqa_496,Maqaayadda Cuntada Hiddaha & Dhaqanka ee Qaybta 496 (Downtown Waheen),"Traditional Somali dishes and family restaurant in Downtown Waheen residential & commercial grid, Hargeisa",9.56169,44.0718,Restaurants & Cafes,restaurant,Downtown Waheen,False,Utensils,Maqaayadaha & Kafateeriyada
wda_kafateeriyada_qahwada_casriga_ah_497,Kafateeriyada & Qahwada Casriga ah ee Qaybta 497 (Jigjiga Yar),"Modern coffee house and light dining lounge in Jigjiga Yar residential & commercial grid, Hargeisa",9.57761,44.03976,Restaurants & Cafes,restaurant,Jigjiga Yar,False,Utensils,Maqaayadaha & Kafateeriyada
wda_xarunta_ngo_yada_iyo_samafalka_e_498,Xarunta NGO-yada iyo Samafalka ee Qaybta 498 (Ahmed Dhagax),"Non-governmental development agency & aid office in Ahmed Dhagax residential & commercial grid, Hargeisa",9.55453,44.05571,NGOs & Humanitarian,ngo,Ahmed Dhagax,False,Globe,Hay'adaha Samafalka (NGOs)
wda_jidka_iyo_wadada_weyn_ee_qaybta__499,Jidka iyo Wadada Weyn ee Qaybta 499 (150 Highway),"Major paved road corridor and arterial avenue in 150 Highway residential & commercial grid, Hargeisa",9.58096,44.05866,Roads & Arterials,arterial_road,150 Highway,False,Navigation,Waddooyinka & Jidadka
wda_xaafada_deganaanshaha_ee_qaybta__500,Xaafada Deganaanshaha ee Qaybta 500 (Shaab / Institutional District),"Quiet residential enclave and community living sector in Shaab / Institutional District residential & commercial grid, Hargeisa",9.55864,44.06244,Xaafadaha (Districts),neighborhood,Shaab / Institutional District,False,Home,Xaafadaha & Degmooyinka
wda_cusbitaalka_gurmadka_caafimaadka_501,Cusbitaalka Gurmadka Caafimaadka ee Qaybta 501 (Maxamed Mooge),"Specialized neighborhood clinic & emergency health post in Maxamed Mooge residential & commercial grid, Hargeisa",9.51843,44.10897,Hospitals & Healthcare,hospital,Maxamed Mooge,False,HeartPulse,Cusbitaallada & Rugaha Caafimaadka
wda_rugta_daryeelka_hooyada_dhallaan_502,Rugta Daryeelka Hooyada & Dhallaanka ee Qaybta 502 (New Hargeisa),"Maternal and child care dispensary center in New Hargeisa residential & commercial grid, Hargeisa",9.55351,44.10102,Hospitals & Healthcare,hospital,New Hargeisa,False,HeartPulse,Cusbitaallada & Rugaha Caafimaadka
wda_farmasiga_shacabka_caafimaadka_e_503,Farmasiga Shacabka & Caafimaadka ee Qaybta 503 (Daami),"24/7 community pharmacy and dispensary outpost in Daami residential & commercial grid, Hargeisa",9.57459,44.08707,Hospitals & Healthcare,hospital,Daami,False,HeartPulse,Cusbitaallada & Rugaha Caafimaadka
wda_dugsiga_hoose_dhexe_ee_waxbarash_504,Dugsiga Hoose/Dhexe ee Waxbarashada Qaybta 504 (Shiraaqle),"Public primary & intermediate school campus in Shiraaqle residential & commercial grid, Hargeisa",9.56253,44.10771,Schools & Universities,school,Shiraaqle,False,GraduationCap,Dugsiyada & Waxbarashada
wda_akadeemiyada_casriga_ah_ee_qaybt_505,Akadeemiyada Casriga ah ee Qaybta 505 (Koodbuur),"Modern high school and STEM educational institute in Koodbuur residential & commercial grid, Hargeisa",9.57356,44.04839,Schools & Universities,school,Koodbuur,False,GraduationCap,Dugsiyada & Waxbarashada
wda_machadka_tababarka_xirfadaha_ee__506,Machadka Tababarka Xirfadaha ee Qaybta 506 (Airport Zone / Masalaha),"Vocational and technical training college center in Airport Zone / Masalaha residential & commercial grid, Hargeisa",9.52135,44.09593,Schools & Universities,university,Airport Zone / Masalaha,False,GraduationCap,Jaamacadaha & Kuliyadaha
wda_masjidka_jaamaca_ee_qaybta_507_k_507,Masjidka Jaamaca ee Qaybta 507 (Kilalka / Sheikh Nuur East),"Congregational Friday mosque with community prayer hall in Kilalka / Sheikh Nuur East residential & commercial grid, Hargeisa",9.57156,44.10089,Mosques (Masaajidda),place_of_worship,Kilalka / Sheikh Nuur East,False,Moon,Masaajidda
wda_masjidka_al_imaan_ee_qaybta_508__508,Masjidka Al-Imaan ee Qaybta 508 (Goljano District),"Neighborhood community mosque and Quranic learning hub in Goljano District residential & commercial grid, Hargeisa",9.55811,44.08676,Mosques (Masaajidda),place_of_worship,Goljano District,False,Moon,Masaajidda
wda_suuqa_khdaarta_iyo_ganacsiga_ee__509,Suuqa Khdaarta iyo Ganacsiga ee Qaybta 509 (Biyo Dhacay Area),"Neighborhood open-air fresh market and commercial trade zone in Biyo Dhacay Area residential & commercial grid, Hargeisa",9.55564,44.07944,Markets & Malls,mall,Biyo Dhacay Area,False,ShoppingBag,Suuqyada & Xarumaha Ganacsiga
wda_xarunta_ganacsiga_supermarket_ee_510,Xarunta Ganacsiga & Supermarket ee Qaybta 510 (Xero Awr / Hero Awr),"Modern multi-store retail grocery and provisions shopping center in Xero Awr / Hero Awr residential & commercial grid, Hargeisa",9.56581,44.05426,Markets & Malls,mall,Xero Awr / Hero Awr,False,ShoppingBag,Suuqyada & Xarumaha Ganacsiga
wda_kaalinta_shidaalka_hass_national_511,Kaalinta Shidaalka Hass / National ee Qaybta 511 (Downtown Waheen),"Service petrol station, diesel dispenser and tire service in Downtown Waheen residential & commercial grid, Hargeisa",9.56479,44.06539,Fuel Stations (Kaalmaha Shidaalka),fuel,Downtown Waheen,False,Fuel,Kaalmaha Shidaalka
wda_kaalinta_shidaalka_gaaska_ee_qay_512,Kaalinta Shidaalka & Gaaska ee Qaybta 512 (Jigjiga Yar),"Fuel station and LPG domestic gas distribution depot in Jigjiga Yar residential & commercial grid, Hargeisa",9.58148,44.03173,Fuel Stations (Kaalmaha Shidaalka),fuel,Jigjiga Yar,False,Fuel,Kaalmaha Shidaalka
wda_istaanka_gaadiidka_dadweynaha_ee_513,Istaanka Gaadiidka Dadweynaha ee Qaybta 513 (Ahmed Dhagax),"Minibus terminal and designated passenger pick-and-drop stop in Ahmed Dhagax residential & commercial grid, Hargeisa",9.55918,44.04608,Transport & Terminals,transit_station,Ahmed Dhagax,False,Navigation,Istaannada & Gaadiidka
wda_isgoyska_weyn_ee_gaadiidka_ee_qa_514,Isgoyska Weyn ee Gaadiidka ee Qaybta 514 (150 Highway),"Major road intersection and inter-district transit artery in 150 Highway residential & commercial grid, Hargeisa",9.58638,44.04742,Transport & Terminals,transit_station,150 Highway,False,Navigation,Istaannada & Gaadiidka
wda_huteelka_nasashada_martida_ee_qa_515,Huteelka Nasashada & Martida ee Qaybta 515 (Shaab / Institutional District),"Comfortable guest lodging and family dining restaurant in Shaab / Institutional District residential & commercial grid, Hargeisa",9.56225,44.05495,Hotels & Hospitality,hotel,Shaab / Institutional District,False,Hotel,Huteellada & Martida
wda_laanta_zaad_dahabshiil_ee_qaybta_516,Laanta ZAAD & Dahabshiil ee Qaybta 516 (Maxamed Mooge),"Banking kiosk, e-remittance and ZAAD cash-in center in Maxamed Mooge residential & commercial grid, Hargeisa",9.52411,44.09721,Banks & Financial,bank,Maxamed Mooge,False,Landmark,Bangiyada & Xawaaladaha
wda_laanta_taaj_edahab_express_ee_qa_517,Laanta TAAJ & Edahab Express ee Qaybta 517 (New Hargeisa),"Financial services, money transfer and remittance desk in New Hargeisa residential & commercial grid, Hargeisa",9.55841,44.09086,Banks & Financial,bank,New Hargeisa,False,Landmark,Bangiyada & Xawaaladaha
wda_xafiiska_adeegga_somtel_telesom__518,Xafiiska Adeegga Somtel & Telesom ee Qaybta 518 (Daami),"Telecommunications branch, SIM registration and fiber service hub in Daami residential & commercial grid, Hargeisa",9.57872,44.07851,Corporate & Utilities,corporate,Daami,False,Building2,Shirkadaha & Isgaadhsiinta
wda_xarunta_korontada_sompower_ee_qa_519,Xarunta Korontada Sompower ee Qaybta 519 (Shiraaqle),"District electrical distribution and bill payment center in Shiraaqle residential & commercial grid, Hargeisa",9.56718,44.09808,Corporate & Utilities,utility,Shiraaqle,False,Zap,Korontada & Biyaha
wda_xafiiska_waaxda_dowladda_hoose_e_520,Xafiiska Waaxda Dowladda Hoose ee Qaybta 520 (Koodbuur),"Municipal sub-office and local civic administration center in Koodbuur residential & commercial grid, Hargeisa",9.57795,44.0393,Government & Civic,government,Koodbuur,False,Landmark,Hay'adaha Dowladda
wda_maqaayadda_cuntada_hiddaha_dhaqa_521,Maqaayadda Cuntada Hiddaha & Dhaqanka ee Qaybta 521 (Airport Zone / Masalaha),"Traditional Somali dishes and family restaurant in Airport Zone / Masalaha residential & commercial grid, Hargeisa",9.52781,44.08255,Restaurants & Cafes,restaurant,Airport Zone / Masalaha,False,Utensils,Maqaayadaha & Kafateeriyada
wda_kafateeriyada_qahwada_casriga_ah_522,Kafateeriyada & Qahwada Casriga ah ee Qaybta 522 (Kilalka / Sheikh Nuur East),"Modern coffee house and light dining lounge in Kilalka / Sheikh Nuur East residential & commercial grid, Hargeisa",9.57595,44.0918,Restaurants & Cafes,restaurant,Kilalka / Sheikh Nuur East,False,Utensils,Maqaayadaha & Kafateeriyada
wda_xarunta_ngo_yada_iyo_samafalka_e_523,Xarunta NGO-yada iyo Samafalka ee Qaybta 523 (Goljano District),"Non-governmental development agency & aid office in Goljano District residential & commercial grid, Hargeisa",9.56198,44.07873,NGOs & Humanitarian,ngo,Goljano District,False,Globe,Hay'adaha Samafalka (NGOs)
wda_jidka_iyo_wadada_weyn_ee_qaybta__524,Jidka iyo Wadada Weyn ee Qaybta 524 (Biyo Dhacay Area),"Major paved road corridor and arterial avenue in Biyo Dhacay Area residential & commercial grid, Hargeisa",9.55925,44.07195,Roads & Arterials,arterial_road,Biyo Dhacay Area,False,Navigation,Waddooyinka & Jidadka
wda_xaafada_deganaanshaha_ee_qaybta__525,Xaafada Deganaanshaha ee Qaybta 525 (Xero Awr / Hero Awr),"Quiet residential enclave and community living sector in Xero Awr / Hero Awr residential & commercial grid, Hargeisa",9.56968,44.04623,Xaafadaha (Districts),neighborhood,Xero Awr / Hero Awr,False,Home,Xaafadaha & Degmooyinka
wda_cusbitaalka_gurmadka_caafimaadka_526,Cusbitaalka Gurmadka Caafimaadka ee Qaybta 526 (Downtown Waheen),"Specialized neighborhood clinic & emergency health post in Downtown Waheen residential & commercial grid, Hargeisa",9.55817,44.06802,Hospitals & Healthcare,hospital,Downtown Waheen,False,HeartPulse,Cusbitaallada & Rugaha Caafimaadka
wda_rugta_daryeelka_hooyada_dhallaan_527,Rugta Daryeelka Hooyada & Dhallaanka ee Qaybta 527 (Jigjiga Yar),"Maternal and child care dispensary center in Jigjiga Yar residential & commercial grid, Hargeisa",9.57322,44.03502,Hospitals & Healthcare,hospital,Jigjiga Yar,False,HeartPulse,Cusbitaallada & Rugaha Caafimaadka
wda_farmasiga_shacabka_caafimaadka_e_528,Farmasiga Shacabka & Caafimaadka ee Qaybta 528 (Ahmed Dhagax),"24/7 community pharmacy and dispensary outpost in Ahmed Dhagax residential & commercial grid, Hargeisa",9.54926,44.05003,Hospitals & Healthcare,hospital,Ahmed Dhagax,False,HeartPulse,Cusbitaallada & Rugaha Caafimaadka
wda_dugsiga_hoose_dhexe_ee_waxbarash_529,Dugsiga Hoose/Dhexe ee Waxbarashada Qaybta 529 (150 Highway),"Public primary & intermediate school campus in 150 Highway residential & commercial grid, Hargeisa",9.5748,44.05203,Schools & Universities,school,150 Highway,False,GraduationCap,Dugsiyada & Waxbarashada
wda_akadeemiyada_casriga_ah_ee_qaybt_530,Akadeemiyada Casriga ah ee Qaybta 530 (Shaab / Institutional District),"Modern high school and STEM educational institute in Shaab / Institutional District residential & commercial grid, Hargeisa",9.55454,44.05802,Schools & Universities,school,Shaab / Institutional District,False,GraduationCap,Dugsiyada & Waxbarashada
wda_machadka_tababarka_xirfadaha_ee__531,Machadka Tababarka Xirfadaha ee Qaybta 531 (Maxamed Mooge),"Vocational and technical training college center in Maxamed Mooge residential & commercial grid, Hargeisa",9.51198,44.10203,Schools & Universities,university,Maxamed Mooge,False,GraduationCap,Jaamacadaha & Kuliyadaha
wda_masjidka_jaamaca_ee_qaybta_532_n_532,Masjidka Jaamaca ee Qaybta 532 (New Hargeisa),"Congregational Friday mosque with community prayer hall in New Hargeisa residential & commercial grid, Hargeisa",9.54794,44.09503,Mosques (Masaajidda),place_of_worship,New Hargeisa,False,Moon,Masaajidda
wda_masjidka_al_imaan_ee_qaybta_533__533,Masjidka Al-Imaan ee Qaybta 533 (Daami),"Neighborhood community mosque and Quranic learning hub in Daami residential & commercial grid, Hargeisa",9.5699,44.08203,Mosques (Masaajidda),place_of_worship,Daami,False,Moon,Masaajidda
wda_suuqa_khdaarta_iyo_ganacsiga_ee__534,Suuqa Khdaarta iyo Ganacsiga ee Qaybta 534 (Shiraaqle),"Neighborhood open-air fresh market and commercial trade zone in Shiraaqle residential & commercial grid, Hargeisa",9.55726,44.10203,Markets & Malls,mall,Shiraaqle,False,ShoppingBag,Suuqyada & Xarumaha Ganacsiga
wda_xarunta_ganacsiga_supermarket_ee_535,Xarunta Ganacsiga & Supermarket ee Qaybta 535 (Koodbuur),"Modern multi-store retail grocery and provisions shopping center in Koodbuur residential & commercial grid, Hargeisa",9.56858,44.04303,Markets & Malls,mall,Koodbuur,False,ShoppingBag,Suuqyada & Xarumaha Ganacsiga
wda_kaalinta_shidaalka_hass_national_536,Kaalinta Shidaalka Hass / National ee Qaybta 536 (Airport Zone / Masalaha),"Service petrol station, diesel dispenser and tire service in Airport Zone / Masalaha residential & commercial grid, Hargeisa",9.51403,44.08804,Fuel Stations (Kaalmaha Shidaalka),fuel,Airport Zone / Masalaha,False,Fuel,Kaalmaha Shidaalka
wda_kaalinta_shidaalka_gaaska_ee_qay_537,Kaalinta Shidaalka & Gaaska ee Qaybta 537 (Kilalka / Sheikh Nuur East),"Fuel station and LPG domestic gas distribution depot in Kilalka / Sheikh Nuur East residential & commercial grid, Hargeisa",9.56658,44.09553,Fuel Stations (Kaalmaha Shidaalka),fuel,Kilalka / Sheikh Nuur East,False,Fuel,Kaalmaha Shidaalka
wda_istaanka_gaadiidka_dadweynaha_ee_538,Istaanka Gaadiidka Dadweynaha ee Qaybta 538 (Goljano District),"Minibus terminal and designated passenger pick-and-drop stop in Goljano District residential & commercial grid, Hargeisa",9.55372,44.08202,Transport & Terminals,transit_station,Goljano District,False,Navigation,Istaannada & Gaadiidka
wda_isgoyska_weyn_ee_gaadiidka_ee_qa_539,Isgoyska Weyn ee Gaadiidka ee Qaybta 539 (Biyo Dhacay Area),"Major road intersection and inter-district transit artery in Biyo Dhacay Area residential & commercial grid, Hargeisa",9.55154,44.07502,Transport & Terminals,transit_station,Biyo Dhacay Area,False,Navigation,Istaannada & Gaadiidka
wda_huteelka_nasashada_martida_ee_qa_540,Huteelka Nasashada & Martida ee Qaybta 540 (Xero Awr / Hero Awr),"Comfortable guest lodging and family dining restaurant in Xero Awr / Hero Awr residential & commercial grid, Hargeisa",9.56142,44.04952,Hotels & Hospitality,hotel,Xero Awr / Hero Awr,False,Hotel,Huteellada & Martida
wda_laanta_zaad_dahabshiil_ee_qaybta_541,Laanta ZAAD & Dahabshiil ee Qaybta 541 (Downtown Waheen),"Banking kiosk, e-remittance and ZAAD cash-in center in Downtown Waheen residential & commercial grid, Hargeisa",9.56486,44.07063,Banks & Financial,bank,Downtown Waheen,False,Landmark,Bangiyada & Xawaaladaha
wda_laanta_taaj_edahab_express_ee_qa_542,Laanta TAAJ & Edahab Express ee Qaybta 542 (Jigjiga Yar),"Financial services, money transfer and remittance desk in Jigjiga Yar residential & commercial grid, Hargeisa",9.58157,44.03829,Banks & Financial,bank,Jigjiga Yar,False,Landmark,Bangiyada & Xawaaladaha
wda_xafiiska_adeegga_somtel_telesom__543,Xafiiska Adeegga Somtel & Telesom ee Qaybta 543 (Ahmed Dhagax),"Telecommunications branch, SIM registration and fiber service hub in Ahmed Dhagax residential & commercial grid, Hargeisa",9.55929,44.05394,Corporate & Utilities,corporate,Ahmed Dhagax,False,Building2,Shirkadaha & Isgaadhsiinta
wda_xarunta_korontada_sompower_ee_qa_544,Xarunta Korontada Sompower ee Qaybta 544 (150 Highway),"District electrical distribution and bill payment center in 150 Highway residential & commercial grid, Hargeisa",9.5865,44.0566,Corporate & Utilities,utility,150 Highway,False,Zap,Korontada & Biyaha
wda_xafiiska_waaxda_dowladda_hoose_e_545,Xafiiska Waaxda Dowladda Hoose ee Qaybta 545 (Shaab / Institutional District),"Municipal sub-office and local civic administration center in Shaab / Institutional District residential & commercial grid, Hargeisa",9.56233,44.06107,Government & Civic,government,Shaab / Institutional District,False,Landmark,Hay'adaha Dowladda
wda_maqaayadda_cuntada_hiddaha_dhaqa_546,Maqaayadda Cuntada Hiddaha & Dhaqanka ee Qaybta 546 (Maxamed Mooge),"Traditional Somali dishes and family restaurant in Maxamed Mooge residential & commercial grid, Hargeisa",9.52424,44.10682,Restaurants & Cafes,restaurant,Maxamed Mooge,False,Utensils,Maqaayadaha & Kafateeriyada
wda_kafateeriyada_qahwada_casriga_ah_547,Kafateeriyada & Qahwada Casriga ah ee Qaybta 547 (New Hargeisa),"Modern coffee house and light dining lounge in New Hargeisa residential & commercial grid, Hargeisa",9.55852,44.09916,Restaurants & Cafes,restaurant,New Hargeisa,False,Utensils,Maqaayadaha & Kafateeriyada
wda_xarunta_ngo_yada_iyo_samafalka_e_548,Xarunta NGO-yada iyo Samafalka ee Qaybta 548 (Daami),"Non-governmental development agency & aid office in Daami residential & commercial grid, Hargeisa",9.57881,44.0855,NGOs & Humanitarian,ngo,Daami,False,Globe,Hay'adaha Samafalka (NGOs)
wda_jidka_iyo_wadada_weyn_ee_qaybta__549,Jidka iyo Wadada Weyn ee Qaybta 549 (Shiraaqle),"Major paved road corridor and arterial avenue in Shiraaqle residential & commercial grid, Hargeisa",9.56729,44.10594,Roads & Arterials,arterial_road,Shiraaqle,False,Navigation,Waddooyinka & Jidadka
wda_xaafada_deganaanshaha_ee_qaybta__550,Xaafada Deganaanshaha ee Qaybta 550 (Koodbuur),"Quiet residential enclave and community living sector in Koodbuur residential & commercial grid, Hargeisa",9.57805,44.04672,Xaafadaha (Districts),neighborhood,Koodbuur,False,Home,Xaafadaha & Degmooyinka
wda_cusbitaalka_gurmadka_caafimaadka_551,Cusbitaalka Gurmadka Caafimaadka ee Qaybta 551 (Airport Zone / Masalaha),"Specialized neighborhood clinic & emergency health post in Airport Zone / Masalaha residential & commercial grid, Hargeisa",9.52795,44.09347,Hospitals & Healthcare,hospital,Airport Zone / Masalaha,False,HeartPulse,Cusbitaallada & Rugaha Caafimaadka
wda_rugta_daryeelka_hooyada_dhallaan_552,Rugta Daryeelka Hooyada & Dhallaanka ee Qaybta 552 (Kilalka / Sheikh Nuur East),"Maternal and child care dispensary center in Kilalka / Sheikh Nuur East residential & commercial grid, Hargeisa",9.57605,44.09922,Hospitals & Healthcare,hospital,Kilalka / Sheikh Nuur East,False,HeartPulse,Cusbitaallada & Rugaha Caafimaadka
wda_farmasiga_shacabka_caafimaadka_e_553,Farmasiga Shacabka & Caafimaadka ee Qaybta 553 (Goljano District),"24/7 community pharmacy and dispensary outpost in Goljano District residential & commercial grid, Hargeisa",9.56207,44.08529,Hospitals & Healthcare,hospital,Goljano District,False,HeartPulse,Cusbitaallada & Rugaha Caafimaadka
wda_dugsiga_hoose_dhexe_ee_waxbarash_554,Dugsiga Hoose/Dhexe ee Waxbarashada Qaybta 554 (Biyo Dhacay Area),"Public primary & intermediate school campus in Biyo Dhacay Area residential & commercial grid, Hargeisa",9.55933,44.07807,Schools & Universities,school,Biyo Dhacay Area,False,GraduationCap,Dugsiyada & Waxbarashada
wda_akadeemiyada_casriga_ah_ee_qaybt_555,Akadeemiyada Casriga ah ee Qaybta 555 (Xero Awr / Hero Awr),"Modern high school and STEM educational institute in Xero Awr / Hero Awr residential & commercial grid, Hargeisa",9.56977,44.05279,Schools & Universities,school,Xero Awr / Hero Awr,False,GraduationCap,Dugsiyada & Waxbarashada
wda_machadka_tababarka_xirfadaha_ee__556,Machadka Tababarka Xirfadaha ee Qaybta 556 (Downtown Waheen),"Vocational and technical training college center in Downtown Waheen residential & commercial grid, Hargeisa",9.56164,44.06407,Schools & Universities,university,Downtown Waheen,False,GraduationCap,Jaamacadaha & Kuliyadaha
wda_masjidka_jaamaca_ee_qaybta_557_j_557,Masjidka Jaamaca ee Qaybta 557 (Jigjiga Yar),"Congregational Friday mosque with community prayer hall in Jigjiga Yar residential & commercial grid, Hargeisa",9.57755,44.03009,Mosques (Masaajidda),place_of_worship,Jigjiga Yar,False,Moon,Masaajidda
wda_masjidka_al_imaan_ee_qaybta_558__558,Masjidka Al-Imaan ee Qaybta 558 (Ahmed Dhagax),"Neighborhood community mosque and Quranic learning hub in Ahmed Dhagax residential & commercial grid, Hargeisa",9.55446,44.04411,Mosques (Masaajidda),place_of_worship,Ahmed Dhagax,False,Moon,Masaajidda
wda_suuqa_khdaarta_iyo_ganacsiga_ee__559,Suuqa Khdaarta iyo Ganacsiga ee Qaybta 559 (150 Highway),"Neighborhood open-air fresh market and commercial trade zone in 150 Highway residential & commercial grid, Hargeisa",9.58087,44.04513,Markets & Malls,mall,150 Highway,False,ShoppingBag,Suuqyada & Xarumaha Ganacsiga
wda_xarunta_ganacsiga_supermarket_ee_560,Xarunta Ganacsiga & Supermarket ee Qaybta 560 (Shaab / Institutional District),"Modern multi-store retail grocery and provisions shopping center in Shaab / Institutional District residential & commercial grid, Hargeisa",9.55858,44.05342,Markets & Malls,mall,Shaab / Institutional District,False,ShoppingBag,Suuqyada & Xarumaha Ganacsiga
wda_kaalinta_shidaalka_hass_national_561,Kaalinta Shidaalka Hass / National ee Qaybta 561 (Maxamed Mooge),"Service petrol station, diesel dispenser and tire service in Maxamed Mooge residential & commercial grid, Hargeisa",9.51834,44.0948,Fuel Stations (Kaalmaha Shidaalka),fuel,Maxamed Mooge,False,Fuel,Kaalmaha Shidaalka
wda_kaalinta_shidaalka_gaaska_ee_qay_562,Kaalinta Shidaalka & Gaaska ee Qaybta 562 (New Hargeisa),"Fuel station and LPG domestic gas distribution depot in New Hargeisa residential & commercial grid, Hargeisa",9.55343,44.08878,Fuel Stations (Kaalmaha Shidaalka),fuel,New Hargeisa,False,Fuel,Kaalmaha Shidaalka
wda_istaanka_gaadiidka_dadweynaha_ee_563,Istaanka Gaadiidka Dadweynaha ee Qaybta 563 (Daami),"Minibus terminal and designated passenger pick-and-drop stop in Daami residential & commercial grid, Hargeisa",9.57452,44.07677,Transport & Terminals,transit_station,Daami,False,Navigation,Istaannada & Gaadiidka
wda_isgoyska_weyn_ee_gaadiidka_ee_qa_564,Isgoyska Weyn ee Gaadiidka ee Qaybta 564 (Shiraaqle),"Major road intersection and inter-district transit artery in Shiraaqle residential & commercial grid, Hargeisa",9.56246,44.09611,Transport & Terminals,transit_station,Shiraaqle,False,Navigation,Istaannada & Gaadiidka
wda_huteelka_nasashada_martida_ee_qa_565,Huteelka Nasashada & Martida ee Qaybta 565 (Koodbuur),"Comfortable guest lodging and family dining restaurant in Koodbuur residential & commercial grid, Hargeisa",9.57349,44.03744,Hotels & Hospitality,hotel,Koodbuur,False,Hotel,Huteellada & Martida
wda_laanta_zaad_dahabshiil_ee_qaybta_566,Laanta ZAAD & Dahabshiil ee Qaybta 566 (Airport Zone / Masalaha),"Banking kiosk, e-remittance and ZAAD cash-in center in Airport Zone / Masalaha residential & commercial grid, Hargeisa",9.52125,44.07982,Banks & Financial,bank,Airport Zone / Masalaha,False,Landmark,Bangiyada & Xawaaladaha
wda_laanta_taaj_edahab_express_ee_qa_567,Laanta TAAJ & Edahab Express ee Qaybta 567 (Kilalka / Sheikh Nuur East),"Financial services, money transfer and remittance desk in Kilalka / Sheikh Nuur East residential & commercial grid, Hargeisa",9.57149,44.08994,Banks & Financial,bank,Kilalka / Sheikh Nuur East,False,Landmark,Bangiyada & Xawaaladaha
wda_xafiiska_adeegga_somtel_telesom__568,Xafiiska Adeegga Somtel & Telesom ee Qaybta 568 (Goljano District),"Telecommunications branch, SIM registration and fiber service hub in Goljano District residential & commercial grid, Hargeisa",9.55805,44.07709,Corporate & Utilities,corporate,Goljano District,False,Building2,Shirkadaha & Isgaadhsiinta
wda_xarunta_korontada_sompower_ee_qa_569,Xarunta Korontada Sompower ee Qaybta 569 (Biyo Dhacay Area),"District electrical distribution and bill payment center in Biyo Dhacay Area residential & commercial grid, Hargeisa",9.55558,44.07042,Corporate & Utilities,utility,Biyo Dhacay Area,False,Zap,Korontada & Biyaha
wda_xafiiska_waaxda_dowladda_hoose_e_570,Xafiiska Waaxda Dowladda Hoose ee Qaybta 570 (Xero Awr / Hero Awr),"Municipal sub-office and local civic administration center in Xero Awr / Hero Awr residential & commercial grid, Hargeisa",9.56575,44.04459,Government & Civic,government,Xero Awr / Hero Awr,False,Landmark,Hay'adaha Dowladda
wda_maqaayadda_cuntada_hiddaha_dhaqa_571,Maqaayadda Cuntada Hiddaha & Dhaqanka ee Qaybta 571 (Downtown Waheen),"Traditional Somali dishes and family restaurant in Downtown Waheen residential & commercial grid, Hargeisa",9.55963,44.07116,Restaurants & Cafes,restaurant,Downtown Waheen,False,Utensils,Maqaayadaha & Kafateeriyada
wda_kafateeriyada_qahwada_casriga_ah_572,Kafateeriyada & Qahwada Casriga ah ee Qaybta 572 (Jigjiga Yar),"Modern coffee house and light dining lounge in Jigjiga Yar residential & commercial grid, Hargeisa",9.57504,44.03896,Restaurants & Cafes,restaurant,Jigjiga Yar,False,Utensils,Maqaayadaha & Kafateeriyada
wda_xarunta_ngo_yada_iyo_samafalka_e_573,Xarunta NGO-yada iyo Samafalka ee Qaybta 573 (Ahmed Dhagax),"Non-governmental development agency & aid office in Ahmed Dhagax residential & commercial grid, Hargeisa",9.55145,44.05475,NGOs & Humanitarian,ngo,Ahmed Dhagax,False,Globe,Hay'adaha Samafalka (NGOs)
wda_jidka_iyo_wadada_weyn_ee_qaybta__574,Jidka iyo Wadada Weyn ee Qaybta 574 (150 Highway),"Major paved road corridor and arterial avenue in 150 Highway residential & commercial grid, Hargeisa",9.57736,44.05754,Roads & Arterials,arterial_road,150 Highway,False,Navigation,Waddooyinka & Jidadka
wda_xaafada_deganaanshaha_ee_qaybta__575,Xaafada Deganaanshaha ee Qaybta 575 (Shaab / Institutional District),"Quiet residential enclave and community living sector in Shaab / Institutional District residential & commercial grid, Hargeisa",9.55624,44.06169,Xaafadaha (Districts),neighborhood,Shaab / Institutional District,False,Home,Xaafadaha & Degmooyinka
wda_cusbitaalka_gurmadka_caafimaadka_576,Cusbitaalka Gurmadka Caafimaadka ee Qaybta 576 (Maxamed Mooge),"Specialized neighborhood clinic & emergency health post in Maxamed Mooge residential & commercial grid, Hargeisa",9.51466,44.1078,Hospitals & Healthcare,hospital,Maxamed Mooge,False,HeartPulse,Cusbitaallada & Rugaha Caafimaadka
wda_rugta_daryeelka_hooyada_dhallaan_577,Rugta Daryeelka Hooyada & Dhallaanka ee Qaybta 577 (New Hargeisa),"Maternal and child care dispensary center in New Hargeisa residential & commercial grid, Hargeisa",9.55025,44.10001,Hospitals & Healthcare,hospital,New Hargeisa,False,HeartPulse,Cusbitaallada & Rugaha Caafimaadka
wda_farmasiga_shacabka_caafimaadka_e_578,Farmasiga Shacabka & Caafimaadka ee Qaybta 578 (Daami),"24/7 community pharmacy and dispensary outpost in Daami residential & commercial grid, Hargeisa",9.57184,44.08622,Hospitals & Healthcare,hospital,Daami,False,HeartPulse,Cusbitaallada & Rugaha Caafimaadka
wda_dugsiga_hoose_dhexe_ee_waxbarash_579,Dugsiga Hoose/Dhexe ee Waxbarashada Qaybta 579 (Shiraaqle),"Public primary & intermediate school campus in Shiraaqle residential & commercial grid, Hargeisa",9.55945,44.10675,Schools & Universities,school,Shiraaqle,False,GraduationCap,Dugsiyada & Waxbarashada
wda_akadeemiyada_casriga_ah_ee_qaybt_580,Akadeemiyada Casriga ah ee Qaybta 580 (Koodbuur),"Modern high school and STEM educational institute in Koodbuur residential & commercial grid, Hargeisa",9.57065,44.04748,Schools & Universities,school,Koodbuur,False,GraduationCap,Dugsiyada & Waxbarashada
wda_machadka_tababarka_xirfadaha_ee__581,Machadka Tababarka Xirfadaha ee Qaybta 581 (Airport Zone / Masalaha),"Vocational and technical training college center in Airport Zone / Masalaha residential & commercial grid, Hargeisa",9.51707,44.09459,Schools & Universities,university,Airport Zone / Masalaha,False,GraduationCap,Jaamacadaha & Kuliyadaha
wda_masjidka_jaamaca_ee_qaybta_582_k_582,Masjidka Jaamaca ee Qaybta 582 (Kilalka / Sheikh Nuur East),"Congregational Friday mosque with community prayer hall in Kilalka / Sheikh Nuur East residential & commercial grid, Hargeisa",9.56865,44.09998,Mosques (Masaajidda),place_of_worship,Kilalka / Sheikh Nuur East,False,Moon,Masaajidda
wda_masjidka_al_imaan_ee_qaybta_583__583,Masjidka Al-Imaan ee Qaybta 583 (Goljano District),"Neighborhood community mosque and Quranic learning hub in Goljano District residential & commercial grid, Hargeisa",9.55554,44.08596,Mosques (Masaajidda),place_of_worship,Goljano District,False,Moon,Masaajidda
wda_suuqa_khdaarta_iyo_ganacsiga_ee__584,Suuqa Khdaarta iyo Ganacsiga ee Qaybta 584 (Biyo Dhacay Area),"Neighborhood open-air fresh market and commercial trade zone in Biyo Dhacay Area residential & commercial grid, Hargeisa",9.55324,44.07869,Markets & Malls,mall,Biyo Dhacay Area,False,ShoppingBag,Suuqyada & Xarumaha Ganacsiga
wda_xarunta_ganacsiga_supermarket_ee_585,Xarunta Ganacsiga & Supermarket ee Qaybta 585 (Xero Awr / Hero Awr),"Modern multi-store retail grocery and provisions shopping center in Xero Awr / Hero Awr residential & commercial grid, Hargeisa",9.56324,44.05346,Markets & Malls,mall,Xero Awr / Hero Awr,False,ShoppingBag,Suuqyada & Xarumaha Ganacsiga
wda_kaalinta_shidaalka_hass_national_586,Kaalinta Shidaalka Hass / National ee Qaybta 586 (Downtown Waheen),"Service petrol station, diesel dispenser and tire service in Downtown Waheen residential & commercial grid, Hargeisa",9.56588,44.06728,Fuel Stations (Kaalmaha Shidaalka),fuel,Downtown Waheen,False,Fuel,Kaalmaha Shidaalka
wda_kaalinta_shidaalka_gaaska_ee_qay_587,Kaalinta Shidaalka & Gaaska ee Qaybta 587 (Jigjiga Yar),"Fuel station and LPG domestic gas distribution depot in Jigjiga Yar residential & commercial grid, Hargeisa",9.58285,44.0341,Fuel Stations (Kaalmaha Shidaalka),fuel,Jigjiga Yar,False,Fuel,Kaalmaha Shidaalka
wda_istaanka_gaadiidka_dadweynaha_ee_588,Istaanka Gaadiidka Dadweynaha ee Qaybta 588 (Ahmed Dhagax),"Minibus terminal and designated passenger pick-and-drop stop in Ahmed Dhagax residential & commercial grid, Hargeisa",9.56082,44.04893,Transport & Terminals,transit_station,Ahmed Dhagax,False,Navigation,Istaannada & Gaadiidka
wda_isgoyska_weyn_ee_gaadiidka_ee_qa_589,Isgoyska Weyn ee Gaadiidka ee Qaybta 589 (150 Highway),"Major road intersection and inter-district transit artery in 150 Highway residential & commercial grid, Hargeisa",9.58829,44.05075,Transport & Terminals,transit_station,150 Highway,False,Navigation,Istaannada & Gaadiidka
wda_huteelka_nasashada_martida_ee_qa_590,Huteelka Nasashada & Martida ee Qaybta 590 (Shaab / Institutional District),"Comfortable guest lodging and family dining restaurant in Shaab / Institutional District residential & commercial grid, Hargeisa",9.56353,44.05716,Hotels & Hospitality,hotel,Shaab / Institutional District,False,Hotel,Huteellada & Martida
wda_laanta_zaad_dahabshiil_ee_qaybta_591,Laanta ZAAD & Dahabshiil ee Qaybta 591 (Maxamed Mooge),"Banking kiosk, e-remittance and ZAAD cash-in center in Maxamed Mooge residential & commercial grid, Hargeisa",9.52612,44.10069,Banks & Financial,bank,Maxamed Mooge,False,Landmark,Bangiyada & Xawaaladaha
wda_laanta_taaj_edahab_express_ee_qa_592,Laanta TAAJ & Edahab Express ee Qaybta 592 (New Hargeisa),"Financial services, money transfer and remittance desk in New Hargeisa residential & commercial grid, Hargeisa",9.56015,44.09387,Banks & Financial,bank,New Hargeisa,False,Landmark,Bangiyada & Xawaaladaha
wda_xafiiska_adeegga_somtel_telesom__593,Xafiiska Adeegga Somtel & Telesom ee Qaybta 593 (Daami),"Telecommunications branch, SIM registration and fiber service hub in Daami residential & commercial grid, Hargeisa",9.58018,44.08104,Corporate & Utilities,corporate,Daami,False,Building2,Shirkadaha & Isgaadhsiinta
wda_xarunta_korontada_sompower_ee_qa_594,Xarunta Korontada Sompower ee Qaybta 594 (Shiraaqle),"District electrical distribution and bill payment center in Shiraaqle residential & commercial grid, Hargeisa",9.56882,44.10093,Corporate & Utilities,utility,Shiraaqle,False,Zap,Korontada & Biyaha
wda_xafiiska_waaxda_dowladda_hoose_e_595,Xafiiska Waaxda Dowladda Hoose ee Qaybta 595 (Koodbuur),"Municipal sub-office and local civic administration center in Koodbuur residential & commercial grid, Hargeisa",9.5795,44.04199,Government & Civic,government,Koodbuur,False,Landmark,Hay'adaha Dowladda
wda_maqaayadda_cuntada_hiddaha_dhaqa_596,Maqaayadda Cuntada Hiddaha & Dhaqanka ee Qaybta 596 (Airport Zone / Masalaha),"Traditional Somali dishes and family restaurant in Airport Zone / Masalaha residential & commercial grid, Hargeisa",9.53009,44.08651,Restaurants & Cafes,restaurant,Airport Zone / Masalaha,False,Utensils,Maqaayadaha & Kafateeriyada
wda_kafateeriyada_qahwada_casriga_ah_597,Kafateeriyada & Qahwada Casriga ah ee Qaybta 597 (Kilalka / Sheikh Nuur East),"Modern coffee house and light dining lounge in Kilalka / Sheikh Nuur East residential & commercial grid, Hargeisa",9.5775,44.09449,Restaurants & Cafes,restaurant,Kilalka / Sheikh Nuur East,False,Utensils,Maqaayadaha & Kafateeriyada
wda_xarunta_ngo_yada_iyo_samafalka_e_598,Xarunta NGO-yada iyo Samafalka ee Qaybta 598 (Goljano District),"Non-governmental development agency & aid office in Goljano District residential & commercial grid, Hargeisa",9.56335,44.0811,NGOs & Humanitarian,ngo,Goljano District,False,Globe,Hay'adaha Samafalka (NGOs)
wda_jidka_iyo_wadada_weyn_ee_qaybta__599,Jidka iyo Wadada Weyn ee Qaybta 599 (Biyo Dhacay Area),"Major paved road corridor and arterial avenue in Biyo Dhacay Area residential & commercial grid, Hargeisa",9.56053,44.07416,Roads & Arterials,arterial_road,Biyo Dhacay Area,False,Navigation,Waddooyinka & Jidadka
wda_xaafada_deganaanshaha_ee_qaybta__600,Xaafada Deganaanshaha ee Qaybta 600 (Xero Awr / Hero Awr),"Quiet residential enclave and community living sector in Xero Awr / Hero Awr residential & commercial grid, Hargeisa",9.57105,44.0486,Xaafadaha (Districts),neighborhood,Xero Awr / Hero Awr,False,Home,Xaafadaha & Degmooyinka
wda_cusbitaalka_gurmadka_caafimaadka_601,Cusbitaalka Gurmadka Caafimaadka ee Qaybta 601 (Downtown Waheen),"Specialized neighborhood clinic & emergency health post in Downtown Waheen residential & commercial grid, Hargeisa",9.55864,44.06585,Hospitals & Healthcare,hospital,Downtown Waheen,False,HeartPulse,Cusbitaallada & Rugaha Caafimaadka
wda_rugta_daryeelka_hooyada_dhallaan_602,Rugta Daryeelka Hooyada & Dhallaanka ee Qaybta 602 (Jigjiga Yar),"Maternal and child care dispensary center in Jigjiga Yar residential & commercial grid, Hargeisa",9.57379,44.03232,Hospitals & Healthcare,hospital,Jigjiga Yar,False,HeartPulse,Cusbitaallada & Rugaha Caafimaadka
wda_farmasiga_shacabka_caafimaadka_e_603,Farmasiga Shacabka & Caafimaadka ee Qaybta 603 (Ahmed Dhagax),"24/7 community pharmacy and dispensary outpost in Ahmed Dhagax residential & commercial grid, Hargeisa",9.54995,44.04678,Hospitals & Healthcare,hospital,Ahmed Dhagax,False,HeartPulse,Cusbitaallada & Rugaha Caafimaadka
wda_dugsiga_hoose_dhexe_ee_waxbarash_604,Dugsiga Hoose/Dhexe ee Waxbarashada Qaybta 604 (150 Highway),"Public primary & intermediate school campus in 150 Highway residential & commercial grid, Hargeisa",9.57561,44.04824,Schools & Universities,school,150 Highway,False,GraduationCap,Dugsiyada & Waxbarashada
wda_akadeemiyada_casriga_ah_ee_qaybt_605,Akadeemiyada Casriga ah ee Qaybta 605 (Shaab / Institutional District),"Modern high school and STEM educational institute in Shaab / Institutional District residential & commercial grid, Hargeisa",9.55507,44.0555,Schools & Universities,school,Shaab / Institutional District,False,GraduationCap,Dugsiyada & Waxbarashada
wda_machadka_tababarka_xirfadaha_ee__606,Machadka Tababarka Xirfadaha ee Qaybta 606 (Maxamed Mooge),"Vocational and technical training college center in Maxamed Mooge residential & commercial grid, Hargeisa",9.51283,44.09806,Schools & Universities,university,Maxamed Mooge,False,GraduationCap,Jaamacadaha & Kuliyadaha
wda_masjidka_jaamaca_ee_qaybta_607_n_607,Masjidka Jaamaca ee Qaybta 607 (New Hargeisa),"Congregational Friday mosque with community prayer hall in New Hargeisa residential & commercial grid, Hargeisa",9.54867,44.0916,Mosques (Masaajidda),place_of_worship,New Hargeisa,False,Moon,Masaajidda
wda_masjidka_al_imaan_ee_qaybta_608__608,Masjidka Al-Imaan ee Qaybta 608 (Daami),"Neighborhood community mosque and Quranic learning hub in Daami residential & commercial grid, Hargeisa",9.57051,44.07914,Mosques (Masaajidda),place_of_worship,Daami,False,Moon,Masaajidda
wda_suuqa_khdaarta_iyo_ganacsiga_ee__609,Suuqa Khdaarta iyo Ganacsiga ee Qaybta 609 (Shiraaqle),"Neighborhood open-air fresh market and commercial trade zone in Shiraaqle residential & commercial grid, Hargeisa",9.55795,44.09878,Markets & Malls,mall,Shiraaqle,False,ShoppingBag,Suuqyada & Xarumaha Ganacsiga
wda_xarunta_ganacsiga_supermarket_ee_610,Xarunta Ganacsiga & Supermarket ee Qaybta 610 (Koodbuur),"Modern multi-store retail grocery and provisions shopping center in Koodbuur residential & commercial grid, Hargeisa",9.56923,44.03996,Markets & Malls,mall,Koodbuur,False,ShoppingBag,Suuqyada & Xarumaha Ganacsiga
wda_kaalinta_shidaalka_hass_national_611,Kaalinta Shidaalka Hass / National ee Qaybta 611 (Airport Zone / Masalaha),"Service petrol station, diesel dispenser and tire service in Airport Zone / Masalaha residential & commercial grid, Hargeisa",9.51499,44.08353,Fuel Stations (Kaalmaha Shidaalka),fuel,Airport Zone / Masalaha,False,Fuel,Kaalmaha Shidaalka
wda_kaalinta_shidaalka_gaaska_ee_qay_612,Kaalinta Shidaalka & Gaaska ee Qaybta 612 (Kilalka / Sheikh Nuur East),"Fuel station and LPG domestic gas distribution depot in Kilalka / Sheikh Nuur East residential & commercial grid, Hargeisa",9.56723,44.09246,Fuel Stations (Kaalmaha Shidaalka),fuel,Kilalka / Sheikh Nuur East,False,Fuel,Kaalmaha Shidaalka
wda_istaanka_gaadiidka_dadweynaha_ee_613,Istaanka Gaadiidka Dadweynaha ee Qaybta 613 (Goljano District),"Minibus terminal and designated passenger pick-and-drop stop in Goljano District residential & commercial grid, Hargeisa",9.55429,44.07932,Transport & Terminals,transit_station,Goljano District,False,Navigation,Istaannada & Gaadiidka
wda_isgoyska_weyn_ee_gaadiidka_ee_qa_614,Isgoyska Weyn ee Gaadiidka ee Qaybta 614 (Biyo Dhacay Area),"Major road intersection and inter-district transit artery in Biyo Dhacay Area residential & commercial grid, Hargeisa",9.55207,44.0725,Transport & Terminals,transit_station,Biyo Dhacay Area,False,Navigation,Istaannada & Gaadiidka
wda_huteelka_nasashada_martida_ee_qa_615,Huteelka Nasashada & Martida ee Qaybta 615 (Xero Awr / Hero Awr),"Comfortable guest lodging and family dining restaurant in Xero Awr / Hero Awr residential & commercial grid, Hargeisa",9.56199,44.04682,Hotels & Hospitality,hotel,Xero Awr / Hero Awr,False,Hotel,Huteellada & Martida
wda_laanta_zaad_dahabshiil_ee_qaybta_616,Laanta ZAAD & Dahabshiil ee Qaybta 616 (Downtown Waheen),"Banking kiosk, e-remittance and ZAAD cash-in center in Downtown Waheen residential & commercial grid, Hargeisa",9.56306,44.07192,Banks & Financial,bank,Downtown Waheen,False,Landmark,Bangiyada & Xawaaladaha
wda_laanta_taaj_edahab_express_ee_qa_617,Laanta TAAJ & Edahab Express ee Qaybta 617 (Jigjiga Yar),"Financial services, money transfer and remittance desk in Jigjiga Yar residential & commercial grid, Hargeisa",9.57932,44.03989,Banks & Financial,bank,Jigjiga Yar,False,Landmark,Bangiyada & Xawaaladaha
wda_xafiiska_adeegga_somtel_telesom__618,Xafiiska Adeegga Somtel & Telesom ee Qaybta 618 (Ahmed Dhagax),"Telecommunications branch, SIM registration and fiber service hub in Ahmed Dhagax residential & commercial grid, Hargeisa",9.55659,44.05587,Corporate & Utilities,corporate,Ahmed Dhagax,False,Building2,Shirkadaha & Isgaadhsiinta
wda_xarunta_korontada_sompower_ee_qa_619,Xarunta Korontada Sompower ee Qaybta 619 (150 Highway),"District electrical distribution and bill payment center in 150 Highway residential & commercial grid, Hargeisa",9.58335,44.05885,Corporate & Utilities,utility,150 Highway,False,Zap,Korontada & Biyaha
wda_xafiiska_waaxda_dowladda_hoose_e_620,Xafiiska Waaxda Dowladda Hoose ee Qaybta 620 (Shaab / Institutional District),"Municipal sub-office and local civic administration center in Shaab / Institutional District residential & commercial grid, Hargeisa",9.56023,44.06257,Government & Civic,government,Shaab / Institutional District,False,Landmark,Hay'adaha Dowladda
wda_maqaayadda_cuntada_hiddaha_dhaqa_621,Maqaayadda Cuntada Hiddaha & Dhaqanka ee Qaybta 621 (Maxamed Mooge),"Traditional Somali dishes and family restaurant in Maxamed Mooge residential & commercial grid, Hargeisa",9.52094,44.10918,Restaurants & Cafes,restaurant,Maxamed Mooge,False,Utensils,Maqaayadaha & Kafateeriyada
wda_kafateeriyada_qahwada_casriga_ah_622,Kafateeriyada & Qahwada Casriga ah ee Qaybta 622 (New Hargeisa),"Modern coffee house and light dining lounge in New Hargeisa residential & commercial grid, Hargeisa",9.55568,44.1012,Restaurants & Cafes,restaurant,New Hargeisa,False,Utensils,Maqaayadaha & Kafateeriyada
wda_xarunta_ngo_yada_iyo_samafalka_e_623,Xarunta NGO-yada iyo Samafalka ee Qaybta 623 (Daami),"Non-governmental development agency & aid office in Daami residential & commercial grid, Hargeisa",9.57641,44.08722,NGOs & Humanitarian,ngo,Daami,False,Globe,Hay'adaha Samafalka (NGOs)
wda_jidka_iyo_wadada_weyn_ee_qaybta__624,Jidka iyo Wadada Weyn ee Qaybta 624 (Shiraaqle),"Major paved road corridor and arterial avenue in Shiraaqle residential & commercial grid, Hargeisa",9.56459,44.10787,Roads & Arterials,arterial_road,Shiraaqle,False,Navigation,Waddooyinka & Jidadka
wda_xaafada_deganaanshaha_ee_qaybta__625,Xaafada Deganaanshaha ee Qaybta 625 (Koodbuur),"Quiet residential enclave and community living sector in Koodbuur residential & commercial grid, Hargeisa",9.5755,44.04855,Xaafadaha (Districts),neighborhood,Koodbuur,False,Home,Xaafadaha & Degmooyinka
wda_cusbitaalka_gurmadka_caafimaadka_626,Cusbitaalka Gurmadka Caafimaadka ee Qaybta 626 (Airport Zone / Masalaha),"Specialized neighborhood clinic & emergency health post in Airport Zone / Masalaha residential & commercial grid, Hargeisa",9.5242,44.09616,Hospitals & Healthcare,hospital,Airport Zone / Masalaha,False,HeartPulse,Cusbitaallada & Rugaha Caafimaadka
wda_rugta_daryeelka_hooyada_dhallaan_627,Rugta Daryeelka Hooyada & Dhallaanka ee Qaybta 627 (Kilalka / Sheikh Nuur East),"Maternal and child care dispensary center in Kilalka / Sheikh Nuur East residential & commercial grid, Hargeisa",9.5735,44.10105,Hospitals & Healthcare,hospital,Kilalka / Sheikh Nuur East,False,HeartPulse,Cusbitaallada & Rugaha Caafimaadka
wda_farmasiga_shacabka_caafimaadka_e_628,Farmasiga Shacabka & Caafimaadka ee Qaybta 628 (Goljano District),"24/7 community pharmacy and dispensary outpost in Goljano District residential & commercial grid, Hargeisa",9.55982,44.08689,Hospitals & Healthcare,hospital,Goljano District,False,HeartPulse,Cusbitaallada & Rugaha Caafimaadka
wda_dugsiga_hoose_dhexe_ee_waxbarash_629,Dugsiga Hoose/Dhexe ee Waxbarashada Qaybta 629 (Biyo Dhacay Area),"Public primary & intermediate school campus in Biyo Dhacay Area residential & commercial grid, Hargeisa",9.55723,44.07957,Schools & Universities,school,Biyo Dhacay Area,False,GraduationCap,Dugsiyada & Waxbarashada
wda_akadeemiyada_casriga_ah_ee_qaybt_630,Akadeemiyada Casriga ah ee Qaybta 630 (Xero Awr / Hero Awr),"Modern high school and STEM educational institute in Xero Awr / Hero Awr residential & commercial grid, Hargeisa",9.56752,44.05439,Schools & Universities,school,Xero Awr / Hero Awr,False,GraduationCap,Dugsiyada & Waxbarashada
wda_machadka_tababarka_xirfadaha_ee__631,Machadka Tababarka Xirfadaha ee Qaybta 631 (Downtown Waheen),"Vocational and technical training college center in Downtown Waheen residential & commercial grid, Hargeisa",9.56384,44.06436,Schools & Universities,university,Downtown Waheen,False,GraduationCap,Jaamacadaha & Kuliyadaha
wda_masjidka_jaamaca_ee_qaybta_632_j_632,Masjidka Jaamaca ee Qaybta 632 (Jigjiga Yar),"Congregational Friday mosque with community prayer hall in Jigjiga Yar residential & commercial grid, Hargeisa",9.5803,44.03045,Mosques (Masaajidda),place_of_worship,Jigjiga Yar,False,Moon,Masaajidda
wda_masjidka_al_imaan_ee_qaybta_633__633,Masjidka Al-Imaan ee Qaybta 633 (Ahmed Dhagax),"Neighborhood community mosque and Quranic learning hub in Ahmed Dhagax residential & commercial grid, Hargeisa",9.55776,44.04454,Mosques (Masaajidda),place_of_worship,Ahmed Dhagax,False,Moon,Masaajidda
wda_suuqa_khdaarta_iyo_ganacsiga_ee__634,Suuqa Khdaarta iyo Ganacsiga ee Qaybta 634 (150 Highway),"Neighborhood open-air fresh market and commercial trade zone in 150 Highway residential & commercial grid, Hargeisa",9.58472,44.04563,Markets & Malls,mall,150 Highway,False,ShoppingBag,Suuqyada & Xarumaha Ganacsiga
wda_xarunta_ganacsiga_supermarket_ee_635,Xarunta Ganacsiga & Supermarket ee Qaybta 635 (Shaab / Institutional District),"Modern multi-store retail grocery and provisions shopping center in Shaab / Institutional District residential & commercial grid, Hargeisa",9.56115,44.05376,Markets & Malls,mall,Shaab / Institutional District,False,ShoppingBag,Suuqyada & Xarumaha Ganacsiga
wda_kaalinta_shidaalka_hass_national_636,Kaalinta Shidaalka Hass / National ee Qaybta 636 (Maxamed Mooge),"Service petrol station, diesel dispenser and tire service in Maxamed Mooge residential & commercial grid, Hargeisa",9.52237,44.09533,Fuel Stations (Kaalmaha Shidaalka),fuel,Maxamed Mooge,False,Fuel,Kaalmaha Shidaalka
wda_kaalinta_shidaalka_gaaska_ee_qay_637,Kaalinta Shidaalka & Gaaska ee Qaybta 637 (New Hargeisa),"Fuel station and LPG domestic gas distribution depot in New Hargeisa residential & commercial grid, Hargeisa",9.55691,44.08924,Fuel Stations (Kaalmaha Shidaalka),fuel,New Hargeisa,False,Fuel,Kaalmaha Shidaalka
wda_istaanka_gaadiidka_dadweynaha_ee_638,Istaanka Gaadiidka Dadweynaha ee Qaybta 638 (Daami),"Minibus terminal and designated passenger pick-and-drop stop in Daami residential & commercial grid, Hargeisa",9.57745,44.07715,Transport & Terminals,transit_station,Daami,False,Navigation,Istaannada & Gaadiidka
wda_isgoyska_weyn_ee_gaadiidka_ee_qa_639,Isgoyska Weyn ee Gaadiidka ee Qaybta 639 (Shiraaqle),"Major road intersection and inter-district transit artery in Shiraaqle residential & commercial grid, Hargeisa",9.56576,44.09654,Transport & Terminals,transit_station,Shiraaqle,False,Navigation,Istaannada & Gaadiidka
wda_huteelka_nasashada_martida_ee_qa_640,Huteelka Nasashada & Martida ee Qaybta 640 (Koodbuur),"Comfortable guest lodging and family dining restaurant in Koodbuur residential & commercial grid, Hargeisa",9.57661,44.03785,Hotels & Hospitality,hotel,Koodbuur,False,Hotel,Huteellada & Martida
wda_laanta_zaad_dahabshiil_ee_qaybta_641,Laanta ZAAD & Dahabshiil ee Qaybta 641 (Airport Zone / Masalaha),"Banking kiosk, e-remittance and ZAAD cash-in center in Airport Zone / Masalaha residential & commercial grid, Hargeisa",9.52584,44.08042,Banks & Financial,bank,Airport Zone / Masalaha,False,Landmark,Bangiyada & Xawaaladaha
wda_laanta_taaj_edahab_express_ee_qa_642,Laanta TAAJ & Edahab Express ee Qaybta 642 (Kilalka / Sheikh Nuur East),"Financial services, money transfer and remittance desk in Kilalka / Sheikh Nuur East residential & commercial grid, Hargeisa",9.57461,44.09035,Banks & Financial,bank,Kilalka / Sheikh Nuur East,False,Landmark,Bangiyada & Xawaaladaha
wda_xafiiska_adeegga_somtel_telesom__643,Xafiiska Adeegga Somtel & Telesom ee Qaybta 643 (Goljano District),"Telecommunications branch, SIM registration and fiber service hub in Goljano District residential & commercial grid, Hargeisa",9.5608,44.07745,Corporate & Utilities,corporate,Goljano District,False,Building2,Shirkadaha & Isgaadhsiinta
wda_xarunta_korontada_sompower_ee_qa_644,Xarunta Korontada Sompower ee Qaybta 644 (Biyo Dhacay Area),"District electrical distribution and bill payment center in Biyo Dhacay Area residential & commercial grid, Hargeisa",9.55815,44.07076,Corporate & Utilities,utility,Biyo Dhacay Area,False,Zap,Korontada & Biyaha
wda_xafiiska_waaxda_dowladda_hoose_e_645,Xafiiska Waaxda Dowladda Hoose ee Qaybta 645 (Xero Awr / Hero Awr),"Municipal sub-office and local civic administration center in Xero Awr / Hero Awr residential & commercial grid, Hargeisa",9.5685,44.04495,Government & Civic,government,Xero Awr / Hero Awr,False,Landmark,Hay'adaha Dowladda
wda_maqaayadda_cuntada_hiddaha_dhaqa_646,Maqaayadda Cuntada Hiddaha & Dhaqanka ee Qaybta 646 (Downtown Waheen),"Traditional Somali dishes and family restaurant in Downtown Waheen residential & commercial grid, Hargeisa",9.55819,44.06943,Restaurants & Cafes,restaurant,Downtown Waheen,False,Utensils,Maqaayadaha & Kafateeriyada
wda_kafateeriyada_qahwada_casriga_ah_647,Kafateeriyada & Qahwada Casriga ah ee Qaybta 647 (Jigjiga Yar),"Modern coffee house and light dining lounge in Jigjiga Yar residential & commercial grid, Hargeisa",9.57324,44.03679,Restaurants & Cafes,restaurant,Jigjiga Yar,False,Utensils,Maqaayadaha & Kafateeriyada
wda_xarunta_ngo_yada_iyo_samafalka_e_648,Xarunta NGO-yada iyo Samafalka ee Qaybta 648 (Ahmed Dhagax),"Non-governmental development agency & aid office in Ahmed Dhagax residential & commercial grid, Hargeisa",9.54929,44.05215,NGOs & Humanitarian,ngo,Ahmed Dhagax,False,Globe,Hay'adaha Samafalka (NGOs)
wda_jidka_iyo_wadada_weyn_ee_qaybta__649,Jidka iyo Wadada Weyn ee Qaybta 649 (150 Highway),"Major paved road corridor and arterial avenue in 150 Highway residential & commercial grid, Hargeisa",9.57484,44.0545,Roads & Arterials,arterial_road,150 Highway,False,Navigation,Waddooyinka & Jidadka
wda_xaafada_deganaanshaha_ee_qaybta__650,Xaafada Deganaanshaha ee Qaybta 650 (Shaab / Institutional District),"Quiet residential enclave and community living sector in Shaab / Institutional District residential & commercial grid, Hargeisa",9.55456,44.05967,Xaafadaha (Districts),neighborhood,Shaab / Institutional District,False,Home,Xaafadaha & Degmooyinka
wda_cusbitaalka_gurmadka_caafimaadka_651,Cusbitaalka Gurmadka Caafimaadka ee Qaybta 651 (Maxamed Mooge),"Specialized neighborhood clinic & emergency health post in Maxamed Mooge residential & commercial grid, Hargeisa",9.51202,44.10462,Hospitals & Healthcare,hospital,Maxamed Mooge,False,HeartPulse,Cusbitaallada & Rugaha Caafimaadka
wda_rugta_daryeelka_hooyada_dhallaan_652,Rugta Daryeelka Hooyada & Dhallaanka ee Qaybta 652 (New Hargeisa),"Maternal and child care dispensary center in New Hargeisa residential & commercial grid, Hargeisa",9.54797,44.09727,Hospitals & Healthcare,hospital,New Hargeisa,False,HeartPulse,Cusbitaallada & Rugaha Caafimaadka
wda_farmasiga_shacabka_caafimaadka_e_653,Farmasiga Shacabka & Caafimaadka ee Qaybta 653 (Daami),"24/7 community pharmacy and dispensary outpost in Daami residential & commercial grid, Hargeisa",9.56992,44.08391,Hospitals & Healthcare,hospital,Daami,False,HeartPulse,Cusbitaallada & Rugaha Caafimaadka
wda_dugsiga_hoose_dhexe_ee_waxbarash_654,Dugsiga Hoose/Dhexe ee Waxbarashada Qaybta 654 (Shiraaqle),"Public primary & intermediate school campus in Shiraaqle residential & commercial grid, Hargeisa",9.55729,44.10415,Schools & Universities,school,Shiraaqle,False,GraduationCap,Dugsiyada & Waxbarashada
wda_akadeemiyada_casriga_ah_ee_qaybt_655,Akadeemiyada Casriga ah ee Qaybta 655 (Koodbuur),"Modern high school and STEM educational institute in Koodbuur residential & commercial grid, Hargeisa",9.56861,44.04503,Schools & Universities,school,Koodbuur,False,GraduationCap,Dugsiyada & Waxbarashada
wda_machadka_tababarka_xirfadaha_ee__656,Machadka Tababarka Xirfadaha ee Qaybta 656 (Airport Zone / Masalaha),"Vocational and technical training college center in Airport Zone / Masalaha residential & commercial grid, Hargeisa",9.51407,44.09098,Schools & Universities,university,Airport Zone / Masalaha,False,GraduationCap,Jaamacadaha & Kuliyadaha
wda_masjidka_jaamaca_ee_qaybta_657_k_657,Masjidka Jaamaca ee Qaybta 657 (Kilalka / Sheikh Nuur East),"Congregational Friday mosque with community prayer hall in Kilalka / Sheikh Nuur East residential & commercial grid, Hargeisa",9.56661,44.09753,Mosques (Masaajidda),place_of_worship,Kilalka / Sheikh Nuur East,False,Moon,Masaajidda
wda_masjidka_al_imaan_ee_qaybta_658__658,Masjidka Al-Imaan ee Qaybta 658 (Goljano District),"Neighborhood community mosque and Quranic learning hub in Goljano District residential & commercial grid, Hargeisa",9.55374,44.08379,Mosques (Masaajidda),place_of_worship,Goljano District,False,Moon,Masaajidda
wda_suuqa_khdaarta_iyo_ganacsiga_ee__659,Suuqa Khdaarta iyo Ganacsiga ee Qaybta 659 (Biyo Dhacay Area),"Neighborhood open-air fresh market and commercial trade zone in Biyo Dhacay Area residential & commercial grid, Hargeisa",9.55156,44.07667,Markets & Malls,mall,Biyo Dhacay Area,False,ShoppingBag,Suuqyada & Xarumaha Ganacsiga
wda_xarunta_ganacsiga_supermarket_ee_660,Xarunta Ganacsiga & Supermarket ee Qaybta 660 (Xero Awr / Hero Awr),"Modern multi-store retail grocery and provisions shopping center in Xero Awr / Hero Awr residential & commercial grid, Hargeisa",9.56144,44.05129,Markets & Malls,mall,Xero Awr / Hero Awr,False,ShoppingBag,Suuqyada & Xarumaha Ganacsiga
wda_kaalinta_shidaalka_hass_national_661,Kaalinta Shidaalka Hass / National ee Qaybta 661 (Downtown Waheen),"Service petrol station, diesel dispenser and tire service in Downtown Waheen residential & commercial grid, Hargeisa",9.56579,44.06956,Fuel Stations (Kaalmaha Shidaalka),fuel,Downtown Waheen,False,Fuel,Kaalmaha Shidaalka
wda_kaalinta_shidaalka_gaaska_ee_qay_662,Kaalinta Shidaalka & Gaaska ee Qaybta 662 (Jigjiga Yar),"Fuel station and LPG domestic gas distribution depot in Jigjiga Yar residential & commercial grid, Hargeisa",9.58273,44.03695,Fuel Stations (Kaalmaha Shidaalka),fuel,Jigjiga Yar,False,Fuel,Kaalmaha Shidaalka
wda_istaanka_gaadiidka_dadweynaha_ee_663,Istaanka Gaadiidka Dadweynaha ee Qaybta 663 (Ahmed Dhagax),"Minibus terminal and designated passenger pick-and-drop stop in Ahmed Dhagax residential & commercial grid, Hargeisa",9.56068,44.05234,Transport & Terminals,transit_station,Ahmed Dhagax,False,Navigation,Istaannada & Gaadiidka
wda_isgoyska_weyn_ee_gaadiidka_ee_qa_664,Isgoyska Weyn ee Gaadiidka ee Qaybta 664 (150 Highway),"Major road intersection and inter-district transit artery in 150 Highway residential & commercial grid, Hargeisa",9.58812,44.05474,Transport & Terminals,transit_station,150 Highway,False,Navigation,Istaannada & Gaadiidka
wda_huteelka_nasashada_martida_ee_qa_665,Huteelka Nasashada & Martida ee Qaybta 665 (Shaab / Institutional District),"Comfortable guest lodging and family dining restaurant in Shaab / Institutional District residential & commercial grid, Hargeisa",9.56342,44.05982,Hotels & Hospitality,hotel,Shaab / Institutional District,False,Hotel,Huteellada & Martida
wda_laanta_zaad_dahabshiil_ee_qaybta_666,Laanta ZAAD & Dahabshiil ee Qaybta 666 (Maxamed Mooge),"Banking kiosk, e-remittance and ZAAD cash-in center in Maxamed Mooge residential & commercial grid, Hargeisa",9.52594,44.10486,Banks & Financial,bank,Maxamed Mooge,False,Landmark,Bangiyada & Xawaaladaha
wda_laanta_taaj_edahab_express_ee_qa_667,Laanta TAAJ & Edahab Express ee Qaybta 667 (New Hargeisa),"Financial services, money transfer and remittance desk in New Hargeisa residential & commercial grid, Hargeisa",9.55999,44.09747,Banks & Financial,bank,New Hargeisa,False,Landmark,Bangiyada & Xawaaladaha
wda_xafiiska_adeegga_somtel_telesom__668,Xafiiska Adeegga Somtel & Telesom ee Qaybta 668 (Daami),"Telecommunications branch, SIM registration and fiber service hub in Daami residential & commercial grid, Hargeisa",9.58005,44.08408,Corporate & Utilities,corporate,Daami,False,Building2,Shirkadaha & Isgaadhsiinta
wda_xarunta_korontada_sompower_ee_qa_669,Xarunta Korontada Sompower ee Qaybta 669 (Shiraaqle),"District electrical distribution and bill payment center in Shiraaqle residential & commercial grid, Hargeisa",9.56868,44.10434,Corporate & Utilities,utility,Shiraaqle,False,Zap,Korontada & Biyaha
wda_xafiiska_waaxda_dowladda_hoose_e_670,Xafiiska Waaxda Dowladda Hoose ee Qaybta 670 (Koodbuur),"Municipal sub-office and local civic administration center in Koodbuur residential & commercial grid, Hargeisa",9.57936,44.04521,Government & Civic,government,Koodbuur,False,Landmark,Hay'adaha Dowladda
wda_maqaayadda_cuntada_hiddaha_dhaqa_671,Maqaayadda Cuntada Hiddaha & Dhaqanka ee Qaybta 671 (Airport Zone / Masalaha),"Traditional Somali dishes and family restaurant in Airport Zone / Masalaha residential & commercial grid, Hargeisa",9.52989,44.09126,Restaurants & Cafes,restaurant,Airport Zone / Masalaha,False,Utensils,Maqaayadaha & Kafateeriyada
wda_kafateeriyada_qahwada_casriga_ah_672,Kafateeriyada & Qahwada Casriga ah ee Qaybta 672 (Kilalka / Sheikh Nuur East),"Modern coffee house and light dining lounge in Kilalka / Sheikh Nuur East residential & commercial grid, Hargeisa",9.57736,44.09771,Restaurants & Cafes,restaurant,Kilalka / Sheikh Nuur East,False,Utensils,Maqaayadaha & Kafateeriyada
wda_xarunta_ngo_yada_iyo_samafalka_e_673,Xarunta NGO-yada iyo Samafalka ee Qaybta 673 (Goljano District),"Non-governmental development agency & aid office in Goljano District residential & commercial grid, Hargeisa",9.56323,44.08395,NGOs & Humanitarian,ngo,Goljano District,False,Globe,Hay'adaha Samafalka (NGOs)
wda_jidka_iyo_wadada_weyn_ee_qaybta__674,Jidka iyo Wadada Weyn ee Qaybta 674 (Biyo Dhacay Area),"Major paved road corridor and arterial avenue in Biyo Dhacay Area residential & commercial grid, Hargeisa",9.56042,44.07682,Roads & Arterials,arterial_road,Biyo Dhacay Area,False,Navigation,Waddooyinka & Jidadka
wda_xaafada_deganaanshaha_ee_qaybta__675,Xaafada Deganaanshaha ee Qaybta 675 (Xero Awr / Hero Awr),"Quiet residential enclave and community living sector in Xero Awr / Hero Awr residential & commercial grid, Hargeisa",9.57093,44.05145,Xaafadaha (Districts),neighborhood,Xero Awr / Hero Awr,False,Home,Xaafadaha & Degmooyinka
wda_cusbitaalka_gurmadka_caafimaadka_676,Cusbitaalka Gurmadka Caafimaadka ee Qaybta 676 (Downtown Waheen),"Specialized neighborhood clinic & emergency health post in Downtown Waheen residential & commercial grid, Hargeisa",9.56024,44.06423,Hospitals & Healthcare,hospital,Downtown Waheen,False,HeartPulse,Cusbitaallada & Rugaha Caafimaadka
wda_rugta_daryeelka_hooyada_dhallaan_677,Rugta Daryeelka Hooyada & Dhallaanka ee Qaybta 677 (Jigjiga Yar),"Maternal and child care dispensary center in Jigjiga Yar residential & commercial grid, Hargeisa",9.5758,44.03029,Hospitals & Healthcare,hospital,Jigjiga Yar,False,HeartPulse,Cusbitaallada & Rugaha Caafimaadka
wda_farmasiga_shacabka_caafimaadka_e_678,Farmasiga Shacabka & Caafimaadka ee Qaybta 678 (Ahmed Dhagax),"24/7 community pharmacy and dispensary outpost in Ahmed Dhagax residential & commercial grid, Hargeisa",9.55236,44.04434,Hospitals & Healthcare,hospital,Ahmed Dhagax,False,HeartPulse,Cusbitaallada & Rugaha Caafimaadka
wda_dugsiga_hoose_dhexe_ee_waxbarash_679,Dugsiga Hoose/Dhexe ee Waxbarashada Qaybta 679 (150 Highway),"Public primary & intermediate school campus in 150 Highway residential & commercial grid, Hargeisa",9.57842,44.0454,Schools & Universities,school,150 Highway,False,GraduationCap,Dugsiyada & Waxbarashada
wda_akadeemiyada_casriga_ah_ee_qaybt_680,Akadeemiyada Casriga ah ee Qaybta 680 (Shaab / Institutional District),"Modern high school and STEM educational institute in Shaab / Institutional District residential & commercial grid, Hargeisa",9.55694,44.0536,Schools & Universities,school,Shaab / Institutional District,False,GraduationCap,Dugsiyada & Waxbarashada
wda_machadka_tababarka_xirfadaha_ee__681,Machadka Tababarka Xirfadaha ee Qaybta 681 (Maxamed Mooge),"Vocational and technical training college center in Maxamed Mooge residential & commercial grid, Hargeisa",9.51577,44.09509,Schools & Universities,university,Maxamed Mooge,False,GraduationCap,Jaamacadaha & Kuliyadaha
wda_masjidka_jaamaca_ee_qaybta_682_n_682,Masjidka Jaamaca ee Qaybta 682 (New Hargeisa),"Congregational Friday mosque with community prayer hall in New Hargeisa residential & commercial grid, Hargeisa",9.55121,44.08903,Mosques (Masaajidda),place_of_worship,New Hargeisa,False,Moon,Masaajidda
wda_masjidka_al_imaan_ee_qaybta_683__683,Masjidka Al-Imaan ee Qaybta 683 (Daami),"Neighborhood community mosque and Quranic learning hub in Daami residential & commercial grid, Hargeisa",9.57265,44.07697,Mosques (Masaajidda),place_of_worship,Daami,False,Moon,Masaajidda
wda_suuqa_khdaarta_iyo_ganacsiga_ee__684,Suuqa Khdaarta iyo Ganacsiga ee Qaybta 684 (Shiraaqle),"Neighborhood open-air fresh market and commercial trade zone in Shiraaqle residential & commercial grid, Hargeisa",9.56036,44.09634,Markets & Malls,mall,Shiraaqle,False,ShoppingBag,Suuqyada & Xarumaha Ganacsiga
wda_xarunta_ganacsiga_supermarket_ee_685,Xarunta Ganacsiga & Supermarket ee Qaybta 685 (Koodbuur),"Modern multi-store retail grocery and provisions shopping center in Koodbuur residential & commercial grid, Hargeisa",9.5715,44.03766,Markets & Malls,mall,Koodbuur,False,ShoppingBag,Suuqyada & Xarumaha Ganacsiga
wda_kaalinta_shidaalka_hass_national_686,Kaalinta Shidaalka Hass / National ee Qaybta 686 (Airport Zone / Masalaha),"Service petrol station, diesel dispenser and tire service in Airport Zone / Masalaha residential & commercial grid, Hargeisa",9.51833,44.08015,Fuel Stations (Kaalmaha Shidaalka),fuel,Airport Zone / Masalaha,False,Fuel,Kaalmaha Shidaalka
wda_kaalinta_shidaalka_gaaska_ee_qay_687,Kaalinta Shidaalka & Gaaska ee Qaybta 687 (Kilalka / Sheikh Nuur East),"Fuel station and LPG domestic gas distribution depot in Kilalka / Sheikh Nuur East residential & commercial grid, Hargeisa",9.5695,44.09016,Fuel Stations (Kaalmaha Shidaalka),fuel,Kilalka / Sheikh Nuur East,False,Fuel,Kaalmaha Shidaalka
wda_istaanka_gaadiidka_dadweynaha_ee_688,Istaanka Gaadiidka Dadweynaha ee Qaybta 688 (Goljano District),"Minibus terminal and designated passenger pick-and-drop stop in Goljano District residential & commercial grid, Hargeisa",9.5563,44.07729,Transport & Terminals,transit_station,Goljano District,False,Navigation,Istaannada & Gaadiidka
wda_isgoyska_weyn_ee_gaadiidka_ee_qa_689,Isgoyska Weyn ee Gaadiidka ee Qaybta 689 (Biyo Dhacay Area),"Major road intersection and inter-district transit artery in Biyo Dhacay Area residential & commercial grid, Hargeisa",9.55394,44.0706,Transport & Terminals,transit_station,Biyo Dhacay Area,False,Navigation,Istaannada & Gaadiidka
wda_huteelka_nasashada_martida_ee_qa_690,Huteelka Nasashada & Martida ee Qaybta 690 (Xero Awr / Hero Awr),"Comfortable guest lodging and family dining restaurant in Xero Awr / Hero Awr residential & commercial grid, Hargeisa",9.564,44.04479,Hotels & Hospitality,hotel,Xero Awr / Hero Awr,False,Hotel,Huteellada & Martida
wda_laanta_zaad_dahabshiil_ee_qaybta_691,Laanta ZAAD & Dahabshiil ee Qaybta 691 (Downtown Waheen),"Banking kiosk, e-remittance and ZAAD cash-in center in Downtown Waheen residential & commercial grid, Hargeisa",9.56078,44.07201,Banks & Financial,bank,Downtown Waheen,False,Landmark,Bangiyada & Xawaaladaha
wda_laanta_taaj_edahab_express_ee_qa_692,Laanta TAAJ & Edahab Express ee Qaybta 692 (Jigjiga Yar),"Financial services, money transfer and remittance desk in Jigjiga Yar residential & commercial grid, Hargeisa",9.57647,44.04002,Banks & Financial,bank,Jigjiga Yar,False,Landmark,Bangiyada & Xawaaladaha
wda_xafiiska_adeegga_somtel_telesom__693,Xafiiska Adeegga Somtel & Telesom ee Qaybta 693 (Ahmed Dhagax),"Telecommunications branch, SIM registration and fiber service hub in Ahmed Dhagax residential & commercial grid, Hargeisa",9.55317,44.05602,Corporate & Utilities,corporate,Ahmed Dhagax,False,Building2,Shirkadaha & Isgaadhsiinta
wda_xarunta_korontada_sompower_ee_qa_694,Xarunta Korontada Sompower ee Qaybta 694 (150 Highway),"District electrical distribution and bill payment center in 150 Highway residential & commercial grid, Hargeisa",9.57936,44.05902,Corporate & Utilities,utility,150 Highway,False,Zap,Korontada & Biyaha
wda_xafiiska_waaxda_dowladda_hoose_e_695,Xafiiska Waaxda Dowladda Hoose ee Qaybta 695 (Shaab / Institutional District),"Municipal sub-office and local civic administration center in Shaab / Institutional District residential & commercial grid, Hargeisa",9.55758,44.06268,Government & Civic,government,Shaab / Institutional District,False,Landmark,Hay'adaha Dowladda
wda_maqaayadda_cuntada_hiddaha_dhaqa_696,Maqaayadda Cuntada Hiddaha & Dhaqanka ee Qaybta 696 (Maxamed Mooge),"Traditional Somali dishes and family restaurant in Maxamed Mooge residential & commercial grid, Hargeisa",9.51676,44.10936,Restaurants & Cafes,restaurant,Maxamed Mooge,False,Utensils,Maqaayadaha & Kafateeriyada
wda_kafateeriyada_qahwada_casriga_ah_697,Kafateeriyada & Qahwada Casriga ah ee Qaybta 697 (New Hargeisa),"Modern coffee house and light dining lounge in New Hargeisa residential & commercial grid, Hargeisa",9.55207,44.10135,Restaurants & Cafes,restaurant,New Hargeisa,False,Utensils,Maqaayadaha & Kafateeriyada
wda_xarunta_ngo_yada_iyo_samafalka_e_698,Xarunta NGO-yada iyo Samafalka ee Qaybta 698 (Daami),"Non-governmental development agency & aid office in Daami residential & commercial grid, Hargeisa",9.57337,44.08735,NGOs & Humanitarian,ngo,Daami,False,Globe,Hay'adaha Samafalka (NGOs)
wda_jidka_iyo_wadada_weyn_ee_qaybta__699,Jidka iyo Wadada Weyn ee Qaybta 699 (Shiraaqle),"Major paved road corridor and arterial avenue in Shiraaqle residential & commercial grid, Hargeisa",9.56117,44.10802,Roads & Arterials,arterial_road,Shiraaqle,False,Navigation,Waddooyinka & Jidadka
wda_xaafada_deganaanshaha_ee_qaybta__700,Xaafada Deganaanshaha ee Qaybta 700 (Koodbuur),"Quiet residential enclave and community living sector in Koodbuur residential & commercial grid, Hargeisa",9.57227,44.04869,Xaafadaha (Districts),neighborhood,Koodbuur,False,Home,Xaafadaha & Degmooyinka
wda_cusbitaalka_gurmadka_caafimaadka_701,Cusbitaalka Gurmadka Caafimaadka ee Qaybta 701 (Airport Zone / Masalaha),"Specialized neighborhood clinic & emergency health post in Airport Zone / Masalaha residential & commercial grid, Hargeisa",9.51946,44.09636,Hospitals & Healthcare,hospital,Airport Zone / Masalaha,False,HeartPulse,Cusbitaallada & Rugaha Caafimaadka
wda_rugta_daryeelka_hooyada_dhallaan_702,Rugta Daryeelka Hooyada & Dhallaanka ee Qaybta 702 (Kilalka / Sheikh Nuur East),"Maternal and child care dispensary center in Kilalka / Sheikh Nuur East residential & commercial grid, Hargeisa",9.57027,44.10119,Hospitals & Healthcare,hospital,Kilalka / Sheikh Nuur East,False,HeartPulse,Cusbitaallada & Rugaha Caafimaadka
wda_farmasiga_shacabka_caafimaadka_e_703,Farmasiga Shacabka & Caafimaadka ee Qaybta 703 (Goljano District),"24/7 community pharmacy and dispensary outpost in Goljano District residential & commercial grid, Hargeisa",9.55697,44.08702,Hospitals & Healthcare,hospital,Goljano District,False,HeartPulse,Cusbitaallada & Rugaha Caafimaadka
wda_dugsiga_hoose_dhexe_ee_waxbarash_704,Dugsiga Hoose/Dhexe ee Waxbarashada Qaybta 704 (Biyo Dhacay Area),"Public primary & intermediate school campus in Biyo Dhacay Area residential & commercial grid, Hargeisa",9.55458,44.07968,Schools & Universities,school,Biyo Dhacay Area,False,GraduationCap,Dugsiyada & Waxbarashada
wda_akadeemiyada_casriga_ah_ee_qaybt_705,Akadeemiyada Casriga ah ee Qaybta 705 (Xero Awr / Hero Awr),"Modern high school and STEM educational institute in Xero Awr / Hero Awr residential & commercial grid, Hargeisa",9.56467,44.05452,Schools & Universities,school,Xero Awr / Hero Awr,False,GraduationCap,Dugsiyada & Waxbarashada
wda_machadka_tababarka_xirfadaha_ee__706,Machadka Tababarka Xirfadaha ee Qaybta 706 (Downtown Waheen),"Vocational and technical training college center in Downtown Waheen residential & commercial grid, Hargeisa",9.5656,44.06586,Schools & Universities,university,Downtown Waheen,False,GraduationCap,Jaamacadaha & Kuliyadaha
wda_masjidka_jaamaca_ee_qaybta_707_j_707,Masjidka Jaamaca ee Qaybta 707 (Jigjiga Yar),"Congregational Friday mosque with community prayer hall in Jigjiga Yar residential & commercial grid, Hargeisa",9.5825,44.03233,Mosques (Masaajidda),place_of_worship,Jigjiga Yar,False,Moon,Masaajidda
wda_masjidka_al_imaan_ee_qaybta_708__708,Masjidka Al-Imaan ee Qaybta 708 (Ahmed Dhagax),"Neighborhood community mosque and Quranic learning hub in Ahmed Dhagax residential & commercial grid, Hargeisa",9.56039,44.04679,Mosques (Masaajidda),place_of_worship,Ahmed Dhagax,False,Moon,Masaajidda
wda_suuqa_khdaarta_iyo_ganacsiga_ee__709,Suuqa Khdaarta iyo Ganacsiga ee Qaybta 709 (150 Highway),"Neighborhood open-air fresh market and commercial trade zone in 150 Highway residential & commercial grid, Hargeisa",9.58779,44.04826,Markets & Malls,mall,150 Highway,False,ShoppingBag,Suuqyada & Xarumaha Ganacsiga
wda_xarunta_ganacsiga_supermarket_ee_710,Xarunta Ganacsiga & Supermarket ee Qaybta 710 (Shaab / Institutional District),"Modern multi-store retail grocery and provisions shopping center in Shaab / Institutional District residential & commercial grid, Hargeisa",9.5632,44.05551,Markets & Malls,mall,Shaab / Institutional District,False,ShoppingBag,Suuqyada & Xarumaha Ganacsiga
wda_kaalinta_shidaalka_hass_national_711,Kaalinta Shidaalka Hass / National ee Qaybta 711 (Maxamed Mooge),"Service petrol station, diesel dispenser and tire service in Maxamed Mooge residential & commercial grid, Hargeisa",9.52559,44.09808,Fuel Stations (Kaalmaha Shidaalka),fuel,Maxamed Mooge,False,Fuel,Kaalmaha Shidaalka
wda_kaalinta_shidaalka_gaaska_ee_qay_712,Kaalinta Shidaalka & Gaaska ee Qaybta 712 (New Hargeisa),"Fuel station and LPG domestic gas distribution depot in New Hargeisa residential & commercial grid, Hargeisa",9.55969,44.09162,Fuel Stations (Kaalmaha Shidaalka),fuel,New Hargeisa,False,Fuel,Kaalmaha Shidaalka
wda_istaanka_gaadiidka_dadweynaha_ee_713,Istaanka Gaadiidka Dadweynaha ee Qaybta 713 (Daami),"Minibus terminal and designated passenger pick-and-drop stop in Daami residential & commercial grid, Hargeisa",9.57979,44.07915,Transport & Terminals,transit_station,Daami,False,Navigation,Istaannada & Gaadiidka
wda_isgoyska_weyn_ee_gaadiidka_ee_qa_714,Isgoyska Weyn ee Gaadiidka ee Qaybta 714 (Shiraaqle),"Major road intersection and inter-district transit artery in Shiraaqle residential & commercial grid, Hargeisa",9.56839,44.09879,Transport & Terminals,transit_station,Shiraaqle,False,Navigation,Istaannada & Gaadiidka
wda_huteelka_nasashada_martida_ee_qa_715,Huteelka Nasashada & Martida ee Qaybta 715 (Koodbuur),"Comfortable guest lodging and family dining restaurant in Koodbuur residential & commercial grid, Hargeisa",9.57909,44.03997,Hotels & Hospitality,hotel,Koodbuur,False,Hotel,Huteellada & Martida
wda_laanta_zaad_dahabshiil_ee_qaybta_716,Laanta ZAAD & Dahabshiil ee Qaybta 716 (Airport Zone / Masalaha),"Banking kiosk, e-remittance and ZAAD cash-in center in Airport Zone / Masalaha residential & commercial grid, Hargeisa",9.52949,44.08355,Banks & Financial,bank,Airport Zone / Masalaha,False,Landmark,Bangiyada & Xawaaladaha
wda_laanta_taaj_edahab_express_ee_qa_717,Laanta TAAJ & Edahab Express ee Qaybta 717 (Kilalka / Sheikh Nuur East),"Financial services, money transfer and remittance desk in Kilalka / Sheikh Nuur East residential & commercial grid, Hargeisa",9.57709,44.09247,Banks & Financial,bank,Kilalka / Sheikh Nuur East,False,Landmark,Bangiyada & Xawaaladaha
wda_xafiiska_adeegga_somtel_telesom__718,Xafiiska Adeegga Somtel & Telesom ee Qaybta 718 (Goljano District),"Telecommunications branch, SIM registration and fiber service hub in Goljano District residential & commercial grid, Hargeisa",9.563,44.07933,Corporate & Utilities,corporate,Goljano District,False,Building2,Shirkadaha & Isgaadhsiinta
wda_xarunta_korontada_sompower_ee_qa_719,Xarunta Korontada Sompower ee Qaybta 719 (Biyo Dhacay Area),"District electrical distribution and bill payment center in Biyo Dhacay Area residential & commercial grid, Hargeisa",9.5602,44.07251,Corporate & Utilities,utility,Biyo Dhacay Area,False,Zap,Korontada & Biyaha
wda_xafiiska_waaxda_dowladda_hoose_e_720,Xafiiska Waaxda Dowladda Hoose ee Qaybta 720 (Xero Awr / Hero Awr),"Municipal sub-office and local civic administration center in Xero Awr / Hero Awr residential & commercial grid, Hargeisa",9.5707,44.04683,Government & Civic,government,Xero Awr / Hero Awr,False,Landmark,Hay'adaha Dowladda
wda_maqaayadda_cuntada_hiddaha_dhaqa_721,Maqaayadda Cuntada Hiddaha & Dhaqanka ee Qaybta 721 (Downtown Waheen),"Traditional Somali dishes and family restaurant in Downtown Waheen residential & commercial grid, Hargeisa",9.5579,44.06711,Restaurants & Cafes,restaurant,Downtown Waheen,False,Utensils,Maqaayadaha & Kafateeriyada
wda_kafateeriyada_qahwada_casriga_ah_722,Kafateeriyada & Qahwada Casriga ah ee Qaybta 722 (Jigjiga Yar),"Modern coffee house and light dining lounge in Jigjiga Yar residential & commercial grid, Hargeisa",9.57287,44.03388,Restaurants & Cafes,restaurant,Jigjiga Yar,False,Utensils,Maqaayadaha & Kafateeriyada
wda_xarunta_ngo_yada_iyo_samafalka_e_723,Xarunta NGO-yada iyo Samafalka ee Qaybta 723 (Ahmed Dhagax),"Non-governmental development agency & aid office in Ahmed Dhagax residential & commercial grid, Hargeisa",9.54885,44.04866,NGOs & Humanitarian,ngo,Ahmed Dhagax,False,Globe,Hay'adaha Samafalka (NGOs)
wda_jidka_iyo_wadada_weyn_ee_qaybta__724,Jidka iyo Wadada Weyn ee Qaybta 724 (150 Highway),"Major paved road corridor and arterial avenue in 150 Highway residential & commercial grid, Hargeisa",9.57432,44.05044,Roads & Arterials,arterial_road,150 Highway,False,Navigation,Waddooyinka & Jidadka
wda_xaafada_deganaanshaha_ee_qaybta__725,Xaafada Deganaanshaha ee Qaybta 725 (Shaab / Institutional District),"Quiet residential enclave and community living sector in Shaab / Institutional District residential & commercial grid, Hargeisa",9.55422,44.05696,Xaafadaha (Districts),neighborhood,Shaab / Institutional District,False,Home,Xaafadaha & Degmooyinka
wda_cusbitaalka_gurmadka_caafimaadka_726,Cusbitaalka Gurmadka Caafimaadka ee Qaybta 726 (Maxamed Mooge),"Specialized neighborhood clinic & emergency health post in Maxamed Mooge residential & commercial grid, Hargeisa",9.51148,44.10036,Hospitals & Healthcare,hospital,Maxamed Mooge,False,HeartPulse,Cusbitaallada & Rugaha Caafimaadka
wda_rugta_daryeelka_hooyada_dhallaan_727,Rugta Daryeelka Hooyada & Dhallaanka ee Qaybta 727 (New Hargeisa),"Maternal and child care dispensary center in New Hargeisa residential & commercial grid, Hargeisa",9.54751,44.09359,Hospitals & Healthcare,hospital,New Hargeisa,False,HeartPulse,Cusbitaallada & Rugaha Caafimaadka
wda_farmasiga_shacabka_caafimaadka_e_728,Farmasiga Shacabka & Caafimaadka ee Qaybta 728 (Daami),"24/7 community pharmacy and dispensary outpost in Daami residential & commercial grid, Hargeisa",9.56953,44.08081,Hospitals & Healthcare,hospital,Daami,False,HeartPulse,Cusbitaallada & Rugaha Caafimaadka
wda_dugsiga_hoose_dhexe_ee_waxbarash_729,Dugsiga Hoose/Dhexe ee Waxbarashada Qaybta 729 (Shiraaqle),"Public primary & intermediate school campus in Shiraaqle residential & commercial grid, Hargeisa",9.55685,44.10066,Schools & Universities,school,Shiraaqle,False,GraduationCap,Dugsiyada & Waxbarashada
wda_akadeemiyada_casriga_ah_ee_qaybt_730,Akadeemiyada Casriga ah ee Qaybta 730 (Koodbuur),"Modern high school and STEM educational institute in Koodbuur residential & commercial grid, Hargeisa",9.56819,44.04173,Schools & Universities,school,Koodbuur,False,GraduationCap,Dugsiyada & Waxbarashada
wda_machadka_tababarka_xirfadaha_ee__731,Machadka Tababarka Xirfadaha ee Qaybta 731 (Airport Zone / Masalaha),"Vocational and technical training college center in Airport Zone / Masalaha residential & commercial grid, Hargeisa",9.51346,44.08614,Schools & Universities,university,Airport Zone / Masalaha,False,GraduationCap,Jaamacadaha & Kuliyadaha
wda_masjidka_jaamaca_ee_qaybta_732_k_732,Masjidka Jaamaca ee Qaybta 732 (Kilalka / Sheikh Nuur East),"Congregational Friday mosque with community prayer hall in Kilalka / Sheikh Nuur East residential & commercial grid, Hargeisa",9.56619,44.09423,Mosques (Masaajidda),place_of_worship,Kilalka / Sheikh Nuur East,False,Moon,Masaajidda
wda_masjidka_al_imaan_ee_qaybta_733__733,Masjidka Al-Imaan ee Qaybta 733 (Goljano District),"Neighborhood community mosque and Quranic learning hub in Goljano District residential & commercial grid, Hargeisa",9.55337,44.08088,Mosques (Masaajidda),place_of_worship,Goljano District,False,Moon,Masaajidda
wda_suuqa_khdaarta_iyo_ganacsiga_ee__734,Suuqa Khdaarta iyo Ganacsiga ee Qaybta 734 (Biyo Dhacay Area),"Neighborhood open-air fresh market and commercial trade zone in Biyo Dhacay Area residential & commercial grid, Hargeisa",9.55122,44.07396,Markets & Malls,mall,Biyo Dhacay Area,False,ShoppingBag,Suuqyada & Xarumaha Ganacsiga
wda_xarunta_ganacsiga_supermarket_ee_735,Xarunta Ganacsiga & Supermarket ee Qaybta 735 (Xero Awr / Hero Awr),"Modern multi-store retail grocery and provisions shopping center in Xero Awr / Hero Awr residential & commercial grid, Hargeisa",9.56107,44.04838,Markets & Malls,mall,Xero Awr / Hero Awr,False,ShoppingBag,Suuqyada & Xarumaha Ganacsiga
wda_kaalinta_shidaalka_hass_national_736,Kaalinta Shidaalka Hass / National ee Qaybta 736 (Downtown Waheen),"Service petrol station, diesel dispenser and tire service in Downtown Waheen residential & commercial grid, Hargeisa",9.56444,44.07149,Fuel Stations (Kaalmaha Shidaalka),fuel,Downtown Waheen,False,Fuel,Kaalmaha Shidaalka
wda_kaalinta_shidaalka_gaaska_ee_qay_737,Kaalinta Shidaalka & Gaaska ee Qaybta 737 (Jigjiga Yar),"Fuel station and LPG domestic gas distribution depot in Jigjiga Yar residential & commercial grid, Hargeisa",9.58106,44.03936,Fuel Stations (Kaalmaha Shidaalka),fuel,Jigjiga Yar,False,Fuel,Kaalmaha Shidaalka
wda_istaanka_gaadiidka_dadweynaha_ee_738,Istaanka Gaadiidka Dadweynaha ee Qaybta 738 (Ahmed Dhagax),"Minibus terminal and designated passenger pick-and-drop stop in Ahmed Dhagax residential & commercial grid, Hargeisa",9.55867,44.05523,Transport & Terminals,transit_station,Ahmed Dhagax,False,Navigation,Istaannada & Gaadiidka
wda_isgoyska_weyn_ee_gaadiidka_ee_qa_739,Isgoyska Weyn ee Gaadiidka ee Qaybta 739 (150 Highway),"Major road intersection and inter-district transit artery in 150 Highway residential & commercial grid, Hargeisa",9.58578,44.05811,Transport & Terminals,transit_station,150 Highway,False,Navigation,Istaannada & Gaadiidka
wda_huteelka_nasashada_martida_ee_qa_740,Huteelka Nasashada & Martida ee Qaybta 740 (Shaab / Institutional District),"Comfortable guest lodging and family dining restaurant in Shaab / Institutional District residential & commercial grid, Hargeisa",9.56185,44.06207,Hotels & Hospitality,hotel,Shaab / Institutional District,False,Hotel,Huteellada & Martida
wda_laanta_zaad_dahabshiil_ee_qaybta_741,Laanta ZAAD & Dahabshiil ee Qaybta 741 (Maxamed Mooge),"Banking kiosk, e-remittance and ZAAD cash-in center in Maxamed Mooge residential & commercial grid, Hargeisa",9.52348,44.1084,Banks & Financial,bank,Maxamed Mooge,False,Landmark,Bangiyada & Xawaaladaha
wda_laanta_taaj_edahab_express_ee_qa_742,Laanta TAAJ & Edahab Express ee Qaybta 742 (New Hargeisa),"Financial services, money transfer and remittance desk in New Hargeisa residential & commercial grid, Hargeisa",9.55787,44.10052,Banks & Financial,bank,New Hargeisa,False,Landmark,Bangiyada & Xawaaladaha
wda_xafiiska_adeegga_somtel_telesom__743,Xafiiska Adeegga Somtel & Telesom ee Qaybta 743 (Daami),"Telecommunications branch, SIM registration and fiber service hub in Daami residential & commercial grid, Hargeisa",9.57826,44.08665,Corporate & Utilities,corporate,Daami,False,Building2,Shirkadaha & Isgaadhsiinta
wda_xarunta_korontada_sompower_ee_qa_744,Xarunta Korontada Sompower ee Qaybta 744 (Shiraaqle),"District electrical distribution and bill payment center in Shiraaqle residential & commercial grid, Hargeisa",9.56667,44.10723,Corporate & Utilities,utility,Shiraaqle,False,Zap,Korontada & Biyaha
wda_xafiiska_waaxda_dowladda_hoose_e_745,Xafiiska Waaxda Dowladda Hoose ee Qaybta 745 (Koodbuur),"Municipal sub-office and local civic administration center in Koodbuur residential & commercial grid, Hargeisa",9.57746,44.04794,Government & Civic,government,Koodbuur,False,Landmark,Hay'adaha Dowladda
wda_maqaayadda_cuntada_hiddaha_dhaqa_746,Maqaayadda Cuntada Hiddaha & Dhaqanka ee Qaybta 746 (Airport Zone / Masalaha),"Traditional Somali dishes and family restaurant in Airport Zone / Masalaha residential & commercial grid, Hargeisa",9.52709,44.09527,Restaurants & Cafes,restaurant,Airport Zone / Masalaha,False,Utensils,Maqaayadaha & Kafateeriyada
wda_kafateeriyada_qahwada_casriga_ah_747,Kafateeriyada & Qahwada Casriga ah ee Qaybta 747 (Kilalka / Sheikh Nuur East),"Modern coffee house and light dining lounge in Kilalka / Sheikh Nuur East residential & commercial grid, Hargeisa",9.57546,44.10044,Restaurants & Cafes,restaurant,Kilalka / Sheikh Nuur East,False,Utensils,Maqaayadaha & Kafateeriyada
wda_xarunta_ngo_yada_iyo_samafalka_e_748,Xarunta NGO-yada iyo Samafalka ee Qaybta 748 (Goljano District),"Non-governmental development agency & aid office in Goljano District residential & commercial grid, Hargeisa",9.56156,44.08636,NGOs & Humanitarian,ngo,Goljano District,False,Globe,Hay'adaha Samafalka (NGOs)
wda_jidka_iyo_wadada_weyn_ee_qaybta__749,Jidka iyo Wadada Weyn ee Qaybta 749 (Biyo Dhacay Area),"Major paved road corridor and arterial avenue in Biyo Dhacay Area residential & commercial grid, Hargeisa",9.55885,44.07907,Roads & Arterials,arterial_road,Biyo Dhacay Area,False,Navigation,Waddooyinka & Jidadka
wda_xaafada_deganaanshaha_ee_qaybta__750,Xaafada Deganaanshaha ee Qaybta 750 (Xero Awr / Hero Awr),"Quiet residential enclave and community living sector in Xero Awr / Hero Awr residential & commercial grid, Hargeisa",9.56926,44.05386,Xaafadaha (Districts),neighborhood,Xero Awr / Hero Awr,False,Home,Xaafadaha & Degmooyinka
wda_cusbitaalka_gurmadka_caafimaadka_751,Cusbitaalka Gurmadka Caafimaadka ee Qaybta 751 (Downtown Waheen),"Specialized neighborhood clinic & emergency health post in Downtown Waheen residential & commercial grid, Hargeisa",9.56253,44.06373,Hospitals & Healthcare,hospital,Downtown Waheen,False,HeartPulse,Cusbitaallada & Rugaha Caafimaadka
wda_rugta_daryeelka_hooyada_dhallaan_752,Rugta Daryeelka Hooyada & Dhallaanka ee Qaybta 752 (Jigjiga Yar),"Maternal and child care dispensary center in Jigjiga Yar residential & commercial grid, Hargeisa",9.57866,44.02966,Hospitals & Healthcare,hospital,Jigjiga Yar,False,HeartPulse,Cusbitaallada & Rugaha Caafimaadka
wda_farmasiga_shacabka_caafimaadka_e_753,Farmasiga Shacabka & Caafimaadka ee Qaybta 753 (Ahmed Dhagax),"24/7 community pharmacy and dispensary outpost in Ahmed Dhagax residential & commercial grid, Hargeisa",9.55579,44.04359,Hospitals & Healthcare,hospital,Ahmed Dhagax,False,HeartPulse,Cusbitaallada & Rugaha Caafimaadka
wda_dugsiga_hoose_dhexe_ee_waxbarash_754,Dugsiga Hoose/Dhexe ee Waxbarashada Qaybta 754 (150 Highway),"Public primary & intermediate school campus in 150 Highway residential & commercial grid, Hargeisa",9.58242,44.04452,Schools & Universities,school,150 Highway,False,GraduationCap,Dugsiyada & Waxbarashada
wda_akadeemiyada_casriga_ah_ee_qaybt_755,Akadeemiyada Casriga ah ee Qaybta 755 (Shaab / Institutional District),"Modern high school and STEM educational institute in Shaab / Institutional District residential & commercial grid, Hargeisa",9.55961,44.05301,Schools & Universities,school,Shaab / Institutional District,False,GraduationCap,Dugsiyada & Waxbarashada
wda_machadka_tababarka_xirfadaha_ee__756,Machadka Tababarka Xirfadaha ee Qaybta 756 (Maxamed Mooge),"Vocational and technical training college center in Maxamed Mooge residential & commercial grid, Hargeisa",9.51996,44.09417,Schools & Universities,university,Maxamed Mooge,False,GraduationCap,Jaamacadaha & Kuliyadaha
wda_masjidka_jaamaca_ee_qaybta_757_n_757,Masjidka Jaamaca ee Qaybta 757 (New Hargeisa),"Congregational Friday mosque with community prayer hall in New Hargeisa residential & commercial grid, Hargeisa",9.55483,44.08823,Mosques (Masaajidda),place_of_worship,New Hargeisa,False,Moon,Masaajidda
wda_masjidka_al_imaan_ee_qaybta_758__758,Masjidka Al-Imaan ee Qaybta 758 (Daami),"Neighborhood community mosque and Quranic learning hub in Daami residential & commercial grid, Hargeisa",9.5757,44.0763,Mosques (Masaajidda),place_of_worship,Daami,False,Moon,Masaajidda
wda_suuqa_khdaarta_iyo_ganacsiga_ee__759,Suuqa Khdaarta iyo Ganacsiga ee Qaybta 759 (Shiraaqle),"Neighborhood open-air fresh market and commercial trade zone in Shiraaqle residential & commercial grid, Hargeisa",9.56379,44.09559,Markets & Malls,mall,Shiraaqle,False,ShoppingBag,Suuqyada & Xarumaha Ganacsiga
wda_xarunta_ganacsiga_supermarket_ee_760,Xarunta Ganacsiga & Supermarket ee Qaybta 760 (Koodbuur),"Modern multi-store retail grocery and provisions shopping center in Koodbuur residential & commercial grid, Hargeisa",9.57474,44.03695,Markets & Malls,mall,Koodbuur,False,ShoppingBag,Suuqyada & Xarumaha Ganacsiga
wda_kaalinta_shidaalka_hass_national_761,Kaalinta Shidaalka Hass / National ee Qaybta 761 (Airport Zone / Masalaha),"Service petrol station, diesel dispenser and tire service in Airport Zone / Masalaha residential & commercial grid, Hargeisa",9.52309,44.0791,Fuel Stations (Kaalmaha Shidaalka),fuel,Airport Zone / Masalaha,False,Fuel,Kaalmaha Shidaalka
wda_kaalinta_shidaalka_gaaska_ee_qay_762,Kaalinta Shidaalka & Gaaska ee Qaybta 762 (Kilalka / Sheikh Nuur East),"Fuel station and LPG domestic gas distribution depot in Kilalka / Sheikh Nuur East residential & commercial grid, Hargeisa",9.57274,44.08945,Fuel Stations (Kaalmaha Shidaalka),fuel,Kilalka / Sheikh Nuur East,False,Fuel,Kaalmaha Shidaalka
wda_istaanka_gaadiidka_dadweynaha_ee_763,Istaanka Gaadiidka Dadweynaha ee Qaybta 763 (Goljano District),"Minibus terminal and designated passenger pick-and-drop stop in Goljano District residential & commercial grid, Hargeisa",9.55916,44.07666,Transport & Terminals,transit_station,Goljano District,False,Navigation,Istaannada & Gaadiidka
wda_isgoyska_weyn_ee_gaadiidka_ee_qa_764,Isgoyska Weyn ee Gaadiidka ee Qaybta 764 (Biyo Dhacay Area),"Major road intersection and inter-district transit artery in Biyo Dhacay Area residential & commercial grid, Hargeisa",9.55661,44.07001,Transport & Terminals,transit_station,Biyo Dhacay Area,False,Navigation,Istaannada & Gaadiidka
wda_huteelka_nasashada_martida_ee_qa_765,Huteelka Nasashada & Martida ee Qaybta 765 (Xero Awr / Hero Awr),"Comfortable guest lodging and family dining restaurant in Xero Awr / Hero Awr residential & commercial grid, Hargeisa",9.56686,44.04416,Hotels & Hospitality,hotel,Xero Awr / Hero Awr,False,Hotel,Huteellada & Martida
wda_laanta_zaad_dahabshiil_ee_qaybta_766,Laanta ZAAD & Dahabshiil ee Qaybta 766 (Downtown Waheen),"Banking kiosk, e-remittance and ZAAD cash-in center in Downtown Waheen residential & commercial grid, Hargeisa",9.55875,44.07081,Banks & Financial,bank,Downtown Waheen,False,Landmark,Bangiyada & Xawaaladaha
wda_laanta_taaj_edahab_express_ee_qa_767,Laanta TAAJ & Edahab Express ee Qaybta 767 (Jigjiga Yar),"Financial services, money transfer and remittance desk in Jigjiga Yar residential & commercial grid, Hargeisa",9.57393,44.03851,Banks & Financial,bank,Jigjiga Yar,False,Landmark,Bangiyada & Xawaaladaha
wda_xafiiska_adeegga_somtel_telesom__768,Xafiiska Adeegga Somtel & Telesom ee Qaybta 768 (Ahmed Dhagax),"Telecommunications branch, SIM registration and fiber service hub in Ahmed Dhagax residential & commercial grid, Hargeisa",9.55012,44.05421,Corporate & Utilities,corporate,Ahmed Dhagax,False,Building2,Shirkadaha & Isgaadhsiinta
wda_xarunta_korontada_sompower_ee_qa_769,Xarunta Korontada Sompower ee Qaybta 769 (150 Highway),"District electrical distribution and bill payment center in 150 Highway residential & commercial grid, Hargeisa",9.57581,44.05691,Corporate & Utilities,utility,150 Highway,False,Zap,Korontada & Biyaha
wda_xafiiska_waaxda_dowladda_hoose_e_770,Xafiiska Waaxda Dowladda Hoose ee Qaybta 770 (Shaab / Institutional District),"Municipal sub-office and local civic administration center in Shaab / Institutional District residential & commercial grid, Hargeisa",9.5552,44.06128,Government & Civic,government,Shaab / Institutional District,False,Landmark,Hay'adaha Dowladda
wda_maqaayadda_cuntada_hiddaha_dhaqa_771,Maqaayadda Cuntada Hiddaha & Dhaqanka ee Qaybta 771 (Maxamed Mooge),"Traditional Somali dishes and family restaurant in Maxamed Mooge residential & commercial grid, Hargeisa",9.51304,44.10715,Restaurants & Cafes,restaurant,Maxamed Mooge,False,Utensils,Maqaayadaha & Kafateeriyada
wda_kafateeriyada_qahwada_casriga_ah_772,Kafateeriyada & Qahwada Casriga ah ee Qaybta 772 (New Hargeisa),"Modern coffee house and light dining lounge in New Hargeisa residential & commercial grid, Hargeisa",9.54885,44.09945,Restaurants & Cafes,restaurant,New Hargeisa,False,Utensils,Maqaayadaha & Kafateeriyada
wda_xarunta_ngo_yada_iyo_samafalka_e_773,Xarunta NGO-yada iyo Samafalka ee Qaybta 773 (Daami),"Non-governmental development agency & aid office in Daami residential & commercial grid, Hargeisa",9.57066,44.08574,NGOs & Humanitarian,ngo,Daami,False,Globe,Hay'adaha Samafalka (NGOs)
wda_jidka_iyo_wadada_weyn_ee_qaybta__774,Jidka iyo Wadada Weyn ee Qaybta 774 (Shiraaqle),"Major paved road corridor and arterial avenue in Shiraaqle residential & commercial grid, Hargeisa",9.55812,44.10621,Roads & Arterials,arterial_road,Shiraaqle,False,Navigation,Waddooyinka & Jidadka
wda_xaafada_deganaanshaha_ee_qaybta__775,Xaafada Deganaanshaha ee Qaybta 775 (Koodbuur),"Quiet residential enclave and community living sector in Koodbuur residential & commercial grid, Hargeisa",9.56939,44.04698,Xaafadaha (Districts),neighborhood,Koodbuur,False,Home,Xaafadaha & Degmooyinka
wda_cusbitaalka_gurmadka_caafimaadka_776,Cusbitaalka Gurmadka Caafimaadka ee Qaybta 776 (Airport Zone / Masalaha),"Specialized neighborhood clinic & emergency health post in Airport Zone / Masalaha residential & commercial grid, Hargeisa",9.51522,44.09385,Hospitals & Healthcare,hospital,Airport Zone / Masalaha,False,HeartPulse,Cusbitaallada & Rugaha Caafimaadka
wda_rugta_daryeelka_hooyada_dhallaan_777,Rugta Daryeelka Hooyada & Dhallaanka ee Qaybta 777 (Kilalka / Sheikh Nuur East),"Maternal and child care dispensary center in Kilalka / Sheikh Nuur East residential & commercial grid, Hargeisa",9.56739,44.09948,Hospitals & Healthcare,hospital,Kilalka / Sheikh Nuur East,False,HeartPulse,Cusbitaallada & Rugaha Caafimaadka
wda_farmasiga_shacabka_caafimaadka_e_778,Farmasiga Shacabka & Caafimaadka ee Qaybta 778 (Goljano District),"24/7 community pharmacy and dispensary outpost in Goljano District residential & commercial grid, Hargeisa",9.55443,44.08551,Hospitals & Healthcare,hospital,Goljano District,False,HeartPulse,Cusbitaallada & Rugaha Caafimaadka
wda_dugsiga_hoose_dhexe_ee_waxbarash_779,Dugsiga Hoose/Dhexe ee Waxbarashada Qaybta 779 (Biyo Dhacay Area),"Public primary & intermediate school campus in Biyo Dhacay Area residential & commercial grid, Hargeisa",9.5522,44.07828,Schools & Universities,school,Biyo Dhacay Area,False,GraduationCap,Dugsiyada & Waxbarashada
wda_akadeemiyada_casriga_ah_ee_qaybt_780,Akadeemiyada Casriga ah ee Qaybta 780 (Xero Awr / Hero Awr),"Modern high school and STEM educational institute in Xero Awr / Hero Awr residential & commercial grid, Hargeisa",9.56213,44.05301,Schools & Universities,school,Xero Awr / Hero Awr,False,GraduationCap,Dugsiyada & Waxbarashada
wda_machadka_tababarka_xirfadaha_ee__781,Machadka Tababarka Xirfadaha ee Qaybta 781 (Downtown Waheen),"Vocational and technical training college center in Downtown Waheen residential & commercial grid, Hargeisa",9.56629,44.06816,Schools & Universities,university,Downtown Waheen,False,GraduationCap,Jaamacadaha & Kuliyadaha
wda_masjidka_jaamaca_ee_qaybta_782_j_782,Masjidka Jaamaca ee Qaybta 782 (Jigjiga Yar),"Congregational Friday mosque with community prayer hall in Jigjiga Yar residential & commercial grid, Hargeisa",9.58337,44.0352,Mosques (Masaajidda),place_of_worship,Jigjiga Yar,False,Moon,Masaajidda
wda_masjidka_al_imaan_ee_qaybta_783__783,Masjidka Al-Imaan ee Qaybta 783 (Ahmed Dhagax),"Neighborhood community mosque and Quranic learning hub in Ahmed Dhagax residential & commercial grid, Hargeisa",9.56144,44.05024,Mosques (Masaajidda),place_of_worship,Ahmed Dhagax,False,Moon,Masaajidda
wda_suuqa_khdaarta_iyo_ganacsiga_ee__784,Suuqa Khdaarta iyo Ganacsiga ee Qaybta 784 (150 Highway),"Neighborhood open-air fresh market and commercial trade zone in 150 Highway residential & commercial grid, Hargeisa",9.58902,44.05228,Markets & Malls,mall,150 Highway,False,ShoppingBag,Suuqyada & Xarumaha Ganacsiga
wda_xarunta_ganacsiga_supermarket_ee_785,Xarunta Ganacsiga & Supermarket ee Qaybta 785 (Shaab / Institutional District),"Modern multi-store retail grocery and provisions shopping center in Shaab / Institutional District residential & commercial grid, Hargeisa",9.56401,44.05819,Markets & Malls,mall,Shaab / Institutional District,False,ShoppingBag,Suuqyada & Xarumaha Ganacsiga
wda_kaalinta_shidaalka_hass_national_786,Kaalinta Shidaalka Hass / National ee Qaybta 786 (Maxamed Mooge),"Service petrol station, diesel dispenser and tire service in Maxamed Mooge residential & commercial grid, Hargeisa",9.52687,44.10229,Fuel Stations (Kaalmaha Shidaalka),fuel,Maxamed Mooge,False,Fuel,Kaalmaha Shidaalka
wda_kaalinta_shidaalka_gaaska_ee_qay_787,Kaalinta Shidaalka & Gaaska ee Qaybta 787 (New Hargeisa),"Fuel station and LPG domestic gas distribution depot in New Hargeisa residential & commercial grid, Hargeisa",9.5608,44.09525,Fuel Stations (Kaalmaha Shidaalka),fuel,New Hargeisa,False,Fuel,Kaalmaha Shidaalka
wda_istaanka_gaadiidka_dadweynaha_ee_788,Istaanka Gaadiidka Dadweynaha ee Qaybta 788 (Daami),"Minibus terminal and designated passenger pick-and-drop stop in Daami residential & commercial grid, Hargeisa",9.58073,44.08221,Transport & Terminals,transit_station,Daami,False,Navigation,Istaannada & Gaadiidka
wda_isgoyska_weyn_ee_gaadiidka_ee_qa_789,Isgoyska Weyn ee Gaadiidka ee Qaybta 789 (Shiraaqle),"Major road intersection and inter-district transit artery in Shiraaqle residential & commercial grid, Hargeisa",9.56944,44.10224,Transport & Terminals,transit_station,Shiraaqle,False,Navigation,Istaannada & Gaadiidka
wda_huteelka_nasashada_martida_ee_qa_790,Huteelka Nasashada & Martida ee Qaybta 790 (Koodbuur),"Comfortable guest lodging and family dining restaurant in Koodbuur residential & commercial grid, Hargeisa",9.58008,44.04323,Hotels & Hospitality,hotel,Koodbuur,False,Hotel,Huteellada & Martida
wda_laanta_zaad_dahabshiil_ee_qaybta_791,Laanta ZAAD & Dahabshiil ee Qaybta 791 (Airport Zone / Masalaha),"Banking kiosk, e-remittance and ZAAD cash-in center in Airport Zone / Masalaha residential & commercial grid, Hargeisa",9.53095,44.08833,Banks & Financial,bank,Airport Zone / Masalaha,False,Landmark,Bangiyada & Xawaaladaha
wda_laanta_taaj_edahab_express_ee_qa_792,Laanta TAAJ & Edahab Express ee Qaybta 792 (Kilalka / Sheikh Nuur East),"Financial services, money transfer and remittance desk in Kilalka / Sheikh Nuur East residential & commercial grid, Hargeisa",9.57808,44.09573,Banks & Financial,bank,Kilalka / Sheikh Nuur East,False,Landmark,Bangiyada & Xawaaladaha
wda_xafiiska_adeegga_somtel_telesom__793,Xafiiska Adeegga Somtel & Telesom ee Qaybta 793 (Goljano District),"Telecommunications branch, SIM registration and fiber service hub in Goljano District residential & commercial grid, Hargeisa",9.56387,44.0822,Corporate & Utilities,corporate,Goljano District,False,Building2,Shirkadaha & Isgaadhsiinta
wda_xarunta_korontada_sompower_ee_qa_794,Xarunta Korontada Sompower ee Qaybta 794 (Biyo Dhacay Area),"District electrical distribution and bill payment center in Biyo Dhacay Area residential & commercial grid, Hargeisa",9.56101,44.07519,Corporate & Utilities,utility,Biyo Dhacay Area,False,Zap,Korontada & Biyaha
wda_xafiiska_waaxda_dowladda_hoose_e_795,Xafiiska Waaxda Dowladda Hoose ee Qaybta 795 (Xero Awr / Hero Awr),"Municipal sub-office and local civic administration center in Xero Awr / Hero Awr residential & commercial grid, Hargeisa",9.57157,44.0497,Government & Civic,government,Xero Awr / Hero Awr,False,Landmark,Hay'adaha Dowladda
wda_maqaayadda_cuntada_hiddaha_dhaqa_796,Maqaayadda Cuntada Hiddaha & Dhaqanka ee Qaybta 796 (Downtown Waheen),"Traditional Somali dishes and family restaurant in Downtown Waheen residential & commercial grid, Hargeisa",9.55892,44.06492,Restaurants & Cafes,restaurant,Downtown Waheen,False,Utensils,Maqaayadaha & Kafateeriyada
wda_kafateeriyada_qahwada_casriga_ah_797,Kafateeriyada & Qahwada Casriga ah ee Qaybta 797 (Jigjiga Yar),"Modern coffee house and light dining lounge in Jigjiga Yar residential & commercial grid, Hargeisa",9.57415,44.03115,Restaurants & Cafes,restaurant,Jigjiga Yar,False,Utensils,Maqaayadaha & Kafateeriyada
wda_xarunta_ngo_yada_iyo_samafalka_e_798,Xarunta NGO-yada iyo Samafalka ee Qaybta 798 (Ahmed Dhagax),"Non-governmental development agency & aid office in Ahmed Dhagax residential & commercial grid, Hargeisa",9.55038,44.04538,NGOs & Humanitarian,ngo,Ahmed Dhagax,False,Globe,Hay'adaha Samafalka (NGOs)
wda_jidka_iyo_wadada_weyn_ee_qaybta__799,Jidka iyo Wadada Weyn ee Qaybta 799 (150 Highway),"Major paved road corridor and arterial avenue in 150 Highway residential & commercial grid, Hargeisa",9.57611,44.04662,Roads & Arterials,arterial_road,150 Highway,False,Navigation,Waddooyinka & Jidadka
wda_xaafada_deganaanshaha_ee_qaybta__800,Xaafada Deganaanshaha ee Qaybta 800 (Shaab / Institutional District),"Quiet residential enclave and community living sector in Shaab / Institutional District residential & commercial grid, Hargeisa",9.55541,44.05441,Xaafadaha (Districts),neighborhood,Shaab / Institutional District,False,Home,Xaafadaha & Degmooyinka
wda_cusbitaalka_gurmadka_caafimaadka_801,Cusbitaalka Gurmadka Caafimaadka ee Qaybta 801 (Maxamed Mooge),"Specialized neighborhood clinic & emergency health post in Maxamed Mooge residential & commercial grid, Hargeisa",9.51336,44.09636,Hospitals & Healthcare,hospital,Maxamed Mooge,False,HeartPulse,Cusbitaallada & Rugaha Caafimaadka
wda_rugta_daryeelka_hooyada_dhallaan_802,Rugta Daryeelka Hooyada & Dhallaanka ee Qaybta 802 (New Hargeisa),"Maternal and child care dispensary center in New Hargeisa residential & commercial grid, Hargeisa",9.54913,44.09013,Hospitals & Healthcare,hospital,New Hargeisa,False,HeartPulse,Cusbitaallada & Rugaha Caafimaadka
wda_farmasiga_shacabka_caafimaadka_e_803,Farmasiga Shacabka & Caafimaadka ee Qaybta 803 (Daami),"24/7 community pharmacy and dispensary outpost in Daami residential & commercial grid, Hargeisa",9.57089,44.0779,Hospitals & Healthcare,hospital,Daami,False,HeartPulse,Cusbitaallada & Rugaha Caafimaadka
wda_dugsiga_hoose_dhexe_ee_waxbarash_804,Dugsiga Hoose/Dhexe ee Waxbarashada Qaybta 804 (Shiraaqle),"Public primary & intermediate school campus in Shiraaqle residential & commercial grid, Hargeisa",9.55838,44.09738,Schools & Universities,school,Shiraaqle,False,GraduationCap,Dugsiyada & Waxbarashada
wda_akadeemiyada_casriga_ah_ee_qaybt_805,Akadeemiyada Casriga ah ee Qaybta 805 (Koodbuur),"Modern high school and STEM educational institute in Koodbuur residential & commercial grid, Hargeisa",9.56964,44.03864,Schools & Universities,school,Koodbuur,False,GraduationCap,Dugsiyada & Waxbarashada
wda_machadka_tababarka_xirfadaha_ee__806,Machadka Tababarka Xirfadaha ee Qaybta 806 (Airport Zone / Masalaha),"Vocational and technical training college center in Airport Zone / Masalaha residential & commercial grid, Hargeisa",9.51559,44.08159,Schools & Universities,university,Airport Zone / Masalaha,False,GraduationCap,Jaamacadaha & Kuliyadaha
wda_masjidka_jaamaca_ee_qaybta_807_k_807,Masjidka Jaamaca ee Qaybta 807 (Kilalka / Sheikh Nuur East),"Congregational Friday mosque with community prayer hall in Kilalka / Sheikh Nuur East residential & commercial grid, Hargeisa",9.56764,44.09114,Mosques (Masaajidda),place_of_worship,Kilalka / Sheikh Nuur East,False,Moon,Masaajidda
wda_masjidka_al_imaan_ee_qaybta_808__808,Masjidka Al-Imaan ee Qaybta 808 (Goljano District),"Neighborhood community mosque and Quranic learning hub in Goljano District residential & commercial grid, Hargeisa",9.55465,44.07815,Mosques (Masaajidda),place_of_worship,Goljano District,False,Moon,Masaajidda
wda_suuqa_khdaarta_iyo_ganacsiga_ee__809,Suuqa Khdaarta iyo Ganacsiga ee Qaybta 809 (Biyo Dhacay Area),"Neighborhood open-air fresh market and commercial trade zone in Biyo Dhacay Area residential & commercial grid, Hargeisa",9.55241,44.07141,Markets & Malls,mall,Biyo Dhacay Area,False,ShoppingBag,Suuqyada & Xarumaha Ganacsiga
wda_xarunta_ganacsiga_supermarket_ee_810,Xarunta Ganacsiga & Supermarket ee Qaybta 810 (Xero Awr / Hero Awr),"Modern multi-store retail grocery and provisions shopping center in Xero Awr / Hero Awr residential & commercial grid, Hargeisa",9.56235,44.04565,Markets & Malls,mall,Xero Awr / Hero Awr,False,ShoppingBag,Suuqyada & Xarumaha Ganacsiga
wda_kaalinta_shidaalka_hass_national_811,Kaalinta Shidaalka Hass / National ee Qaybta 811 (Downtown Waheen),"Service petrol station, diesel dispenser and tire service in Downtown Waheen residential & commercial grid, Hargeisa",9.56222,44.0724,Fuel Stations (Kaalmaha Shidaalka),fuel,Downtown Waheen,False,Fuel,Kaalmaha Shidaalka
wda_kaalinta_shidaalka_gaaska_ee_qay_812,Kaalinta Shidaalka & Gaaska ee Qaybta 812 (Jigjiga Yar),"Fuel station and LPG domestic gas distribution depot in Jigjiga Yar residential & commercial grid, Hargeisa",9.57828,44.0405,Fuel Stations (Kaalmaha Shidaalka),fuel,Jigjiga Yar,False,Fuel,Kaalmaha Shidaalka
wda_istaanka_gaadiidka_dadweynaha_ee_813,Istaanka Gaadiidka Dadweynaha ee Qaybta 813 (Ahmed Dhagax),"Minibus terminal and designated passenger pick-and-drop stop in Ahmed Dhagax residential & commercial grid, Hargeisa",9.55533,44.0566,Transport & Terminals,transit_station,Ahmed Dhagax,False,Navigation,Istaannada & Gaadiidka
wda_isgoyska_weyn_ee_gaadiidka_ee_qa_814,Isgoyska Weyn ee Gaadiidka ee Qaybta 814 (150 Highway),"Major road intersection and inter-district transit artery in 150 Highway residential & commercial grid, Hargeisa",9.58189,44.05971,Transport & Terminals,transit_station,150 Highway,False,Navigation,Istaannada & Gaadiidka
wda_huteelka_nasashada_martida_ee_qa_815,Huteelka Nasashada & Martida ee Qaybta 815 (Shaab / Institutional District),"Comfortable guest lodging and family dining restaurant in Shaab / Institutional District residential & commercial grid, Hargeisa",9.55926,44.06314,Hotels & Hospitality,hotel,Shaab / Institutional District,False,Hotel,Huteellada & Martida
wda_laanta_zaad_dahabshiil_ee_qaybta_816,Laanta ZAAD & Dahabshiil ee Qaybta 816 (Maxamed Mooge),"Banking kiosk, e-remittance and ZAAD cash-in center in Maxamed Mooge residential & commercial grid, Hargeisa",9.51941,44.11007,Banks & Financial,bank,Maxamed Mooge,False,Landmark,Bangiyada & Xawaaladaha
wda_laanta_taaj_edahab_express_ee_qa_817,Laanta TAAJ & Edahab Express ee Qaybta 817 (New Hargeisa),"Financial services, money transfer and remittance desk in New Hargeisa residential & commercial grid, Hargeisa",9.55435,44.10197,Banks & Financial,bank,New Hargeisa,False,Landmark,Bangiyada & Xawaaladaha
wda_xafiiska_adeegga_somtel_telesom__818,Xafiiska Adeegga Somtel & Telesom ee Qaybta 818 (Daami),"Telecommunications branch, SIM registration and fiber service hub in Daami residential & commercial grid, Hargeisa",9.5753,44.08787,Corporate & Utilities,corporate,Daami,False,Building2,Shirkadaha & Isgaadhsiinta
wda_xarunta_korontada_sompower_ee_qa_819,Xarunta Korontada Sompower ee Qaybta 819 (Shiraaqle),"District electrical distribution and bill payment center in Shiraaqle residential & commercial grid, Hargeisa",9.56333,44.1086,Corporate & Utilities,utility,Shiraaqle,False,Zap,Korontada & Biyaha
wda_xafiiska_waaxda_dowladda_hoose_e_820,Xafiiska Waaxda Dowladda Hoose ee Qaybta 820 (Koodbuur),"Municipal sub-office and local civic administration center in Koodbuur residential & commercial grid, Hargeisa",9.57431,44.04924,Government & Civic,government,Koodbuur,False,Landmark,Hay'adaha Dowladda
wda_maqaayadda_cuntada_hiddaha_dhaqa_821,Maqaayadda Cuntada Hiddaha & Dhaqanka ee Qaybta 821 (Airport Zone / Masalaha),"Traditional Somali dishes and family restaurant in Airport Zone / Masalaha residential & commercial grid, Hargeisa",9.52246,44.09717,Restaurants & Cafes,restaurant,Airport Zone / Masalaha,False,Utensils,Maqaayadaha & Kafateeriyada
wda_kafateeriyada_qahwada_casriga_ah_822,Kafateeriyada & Qahwada Casriga ah ee Qaybta 822 (Kilalka / Sheikh Nuur East),"Modern coffee house and light dining lounge in Kilalka / Sheikh Nuur East residential & commercial grid, Hargeisa",9.57231,44.10174,Restaurants & Cafes,restaurant,Kilalka / Sheikh Nuur East,False,Utensils,Maqaayadaha & Kafateeriyada
wda_xarunta_ngo_yada_iyo_samafalka_e_823,Xarunta NGO-yada iyo Samafalka ee Qaybta 823 (Goljano District),"Non-governmental development agency & aid office in Goljano District residential & commercial grid, Hargeisa",9.55878,44.0875,NGOs & Humanitarian,ngo,Goljano District,False,Globe,Hay'adaha Samafalka (NGOs)
wda_jidka_iyo_wadada_weyn_ee_qaybta__824,Jidka iyo Wadada Weyn ee Qaybta 824 (Biyo Dhacay Area),"Major paved road corridor and arterial avenue in Biyo Dhacay Area residential & commercial grid, Hargeisa",9.55626,44.08014,Roads & Arterials,arterial_road,Biyo Dhacay Area,False,Navigation,Waddooyinka & Jidadka
wda_xaafada_deganaanshaha_ee_qaybta__825,Xaafada Deganaanshaha ee Qaybta 825 (Xero Awr / Hero Awr),"Quiet residential enclave and community living sector in Xero Awr / Hero Awr residential & commercial grid, Hargeisa",9.56648,44.055,Xaafadaha (Districts),neighborhood,Xero Awr / Hero Awr,False,Home,Xaafadaha & Degmooyinka
wda_cusbitaalka_gurmadka_caafimaadka_826,Cusbitaalka Gurmadka Caafimaadka ee Qaybta 826 (Downtown Waheen),"Specialized neighborhood clinic & emergency health post in Downtown Waheen residential & commercial grid, Hargeisa",9.56478,44.06458,Hospitals & Healthcare,hospital,Downtown Waheen,False,HeartPulse,Cusbitaallada & Rugaha Caafimaadka
wda_rugta_daryeelka_hooyada_dhallaan_827,Rugta Daryeelka Hooyada & Dhallaanka ee Qaybta 827 (Jigjiga Yar),"Maternal and child care dispensary center in Jigjiga Yar residential & commercial grid, Hargeisa",9.58148,44.03073,Hospitals & Healthcare,hospital,Jigjiga Yar,False,HeartPulse,Cusbitaallada & Rugaha Caafimaadka
wda_farmasiga_shacabka_caafimaadka_e_828,Farmasiga Shacabka & Caafimaadka ee Qaybta 828 (Ahmed Dhagax),"24/7 community pharmacy and dispensary outpost in Ahmed Dhagax residential & commercial grid, Hargeisa",9.55918,44.04487,Hospitals & Healthcare,hospital,Ahmed Dhagax,False,HeartPulse,Cusbitaallada & Rugaha Caafimaadka
wda_dugsiga_hoose_dhexe_ee_waxbarash_829,Dugsiga Hoose/Dhexe ee Waxbarashada Qaybta 829 (150 Highway),"Public primary & intermediate school campus in 150 Highway residential & commercial grid, Hargeisa",9.58637,44.04602,Schools & Universities,school,150 Highway,False,GraduationCap,Dugsiyada & Waxbarashada
wda_akadeemiyada_casriga_ah_ee_qaybt_830,Akadeemiyada Casriga ah ee Qaybta 830 (Shaab / Institutional District),"Modern high school and STEM educational institute in Shaab / Institutional District residential & commercial grid, Hargeisa",9.56225,44.05401,Schools & Universities,school,Shaab / Institutional District,False,GraduationCap,Dugsiyada & Waxbarashada
wda_machadka_tababarka_xirfadaha_ee__831,Machadka Tababarka Xirfadaha ee Qaybta 831 (Maxamed Mooge),"Vocational and technical training college center in Maxamed Mooge residential & commercial grid, Hargeisa",9.52411,44.09573,Schools & Universities,university,Maxamed Mooge,False,GraduationCap,Jaamacadaha & Kuliyadaha
wda_masjidka_jaamaca_ee_qaybta_832_n_832,Masjidka Jaamaca ee Qaybta 832 (New Hargeisa),"Congregational Friday mosque with community prayer hall in New Hargeisa residential & commercial grid, Hargeisa",9.55841,44.08959,Mosques (Masaajidda),place_of_worship,New Hargeisa,False,Moon,Masaajidda
wda_masjidka_al_imaan_ee_qaybta_833__833,Masjidka Al-Imaan ee Qaybta 833 (Daami),"Neighborhood community mosque and Quranic learning hub in Daami residential & commercial grid, Hargeisa",9.57871,44.07744,Mosques (Masaajidda),place_of_worship,Daami,False,Moon,Masaajidda
wda_suuqa_khdaarta_iyo_ganacsiga_ee__834,Suuqa Khdaarta iyo Ganacsiga ee Qaybta 834 (Shiraaqle),"Neighborhood open-air fresh market and commercial trade zone in Shiraaqle residential & commercial grid, Hargeisa",9.56718,44.09687,Markets & Malls,mall,Shiraaqle,False,ShoppingBag,Suuqyada & Xarumaha Ganacsiga
wda_xarunta_ganacsiga_supermarket_ee_835,Xarunta Ganacsiga & Supermarket ee Qaybta 835 (Koodbuur),"Modern multi-store retail grocery and provisions shopping center in Koodbuur residential & commercial grid, Hargeisa",9.57795,44.03816,Markets & Malls,mall,Koodbuur,False,ShoppingBag,Suuqyada & Xarumaha Ganacsiga
wda_kaalinta_shidaalka_hass_national_836,Kaalinta Shidaalka Hass / National ee Qaybta 836 (Airport Zone / Masalaha),"Service petrol station, diesel dispenser and tire service in Airport Zone / Masalaha residential & commercial grid, Hargeisa",9.5278,44.08088,Fuel Stations (Kaalmaha Shidaalka),fuel,Airport Zone / Masalaha,False,Fuel,Kaalmaha Shidaalka
wda_kaalinta_shidaalka_gaaska_ee_qay_837,Kaalinta Shidaalka & Gaaska ee Qaybta 837 (Kilalka / Sheikh Nuur East),"Fuel station and LPG domestic gas distribution depot in Kilalka / Sheikh Nuur East residential & commercial grid, Hargeisa",9.57595,44.09066,Fuel Stations (Kaalmaha Shidaalka),fuel,Kilalka / Sheikh Nuur East,False,Fuel,Kaalmaha Shidaalka
wda_istaanka_gaadiidka_dadweynaha_ee_838,Istaanka Gaadiidka Dadweynaha ee Qaybta 838 (Goljano District),"Minibus terminal and designated passenger pick-and-drop stop in Goljano District residential & commercial grid, Hargeisa",9.56198,44.07773,Transport & Terminals,transit_station,Goljano District,False,Navigation,Istaannada & Gaadiidka
wda_isgoyska_weyn_ee_gaadiidka_ee_qa_839,Isgoyska Weyn ee Gaadiidka ee Qaybta 839 (Biyo Dhacay Area),"Major road intersection and inter-district transit artery in Biyo Dhacay Area residential & commercial grid, Hargeisa",9.55925,44.07101,Transport & Terminals,transit_station,Biyo Dhacay Area,False,Navigation,Istaannada & Gaadiidka
wda_huteelka_nasashada_martida_ee_qa_840,Huteelka Nasashada & Martida ee Qaybta 840 (Xero Awr / Hero Awr),"Comfortable guest lodging and family dining restaurant in Xero Awr / Hero Awr residential & commercial grid, Hargeisa",9.56968,44.04523,Hotels & Hospitality,hotel,Xero Awr / Hero Awr,False,Hotel,Huteellada & Martida
wda_laanta_zaad_dahabshiil_ee_qaybta_841,Laanta ZAAD & Dahabshiil ee Qaybta 841 (Downtown Waheen),"Banking kiosk, e-remittance and ZAAD cash-in center in Downtown Waheen residential & commercial grid, Hargeisa",9.55765,44.06862,Banks & Financial,bank,Downtown Waheen,False,Landmark,Bangiyada & Xawaaladaha
wda_laanta_taaj_edahab_express_ee_qa_842,Laanta TAAJ & Edahab Express ee Qaybta 842 (Jigjiga Yar),"Financial services, money transfer and remittance desk in Jigjiga Yar residential & commercial grid, Hargeisa",9.57256,44.03577,Banks & Financial,bank,Jigjiga Yar,False,Landmark,Bangiyada & Xawaaladaha
wda_xafiiska_adeegga_somtel_telesom__843,Xafiiska Adeegga Somtel & Telesom ee Qaybta 843 (Ahmed Dhagax),"Telecommunications branch, SIM registration and fiber service hub in Ahmed Dhagax residential & commercial grid, Hargeisa",9.54847,44.05092,Corporate & Utilities,corporate,Ahmed Dhagax,False,Building2,Shirkadaha & Isgaadhsiinta
wda_xarunta_korontada_sompower_ee_qa_844,Xarunta Korontada Sompower ee Qaybta 844 (150 Highway),"District electrical distribution and bill payment center in 150 Highway residential & commercial grid, Hargeisa",9.57388,44.05308,Corporate & Utilities,utility,150 Highway,False,Zap,Korontada & Biyaha
wda_xafiiska_waaxda_dowladda_hoose_e_845,Xafiiska Waaxda Dowladda Hoose ee Qaybta 845 (Shaab / Institutional District),"Municipal sub-office and local civic administration center in Shaab / Institutional District residential & commercial grid, Hargeisa",9.55392,44.05872,Government & Civic,government,Shaab / Institutional District,False,Landmark,Hay'adaha Dowladda
wda_maqaayadda_cuntada_hiddaha_dhaqa_846,Maqaayadda Cuntada Hiddaha & Dhaqanka ee Qaybta 846 (Maxamed Mooge),"Traditional Somali dishes and family restaurant in Maxamed Mooge residential & commercial grid, Hargeisa",9.51102,44.10313,Restaurants & Cafes,restaurant,Maxamed Mooge,False,Utensils,Maqaayadaha & Kafateeriyada
wda_kafateeriyada_qahwada_casriga_ah_847,Kafateeriyada & Qahwada Casriga ah ee Qaybta 847 (New Hargeisa),"Modern coffee house and light dining lounge in New Hargeisa residential & commercial grid, Hargeisa",9.54711,44.09598,Restaurants & Cafes,restaurant,New Hargeisa,False,Utensils,Maqaayadaha & Kafateeriyada
wda_xarunta_ngo_yada_iyo_samafalka_e_848,Xarunta NGO-yada iyo Samafalka ee Qaybta 848 (Daami),"Non-governmental development agency & aid office in Daami residential & commercial grid, Hargeisa",9.56919,44.08282,NGOs & Humanitarian,ngo,Daami,False,Globe,Hay'adaha Samafalka (NGOs)
wda_jidka_iyo_wadada_weyn_ee_qaybta__849,Jidka iyo Wadada Weyn ee Qaybta 849 (Shiraaqle),"Major paved road corridor and arterial avenue in Shiraaqle residential & commercial grid, Hargeisa",9.55647,44.10292,Roads & Arterials,arterial_road,Shiraaqle,False,Navigation,Waddooyinka & Jidadka
wda_xaafada_deganaanshaha_ee_qaybta__850,Xaafada Deganaanshaha ee Qaybta 850 (Koodbuur),"Quiet residential enclave and community living sector in Koodbuur residential & commercial grid, Hargeisa",9.56783,44.04387,Xaafadaha (Districts),neighborhood,Koodbuur,False,Home,Xaafadaha & Degmooyinka
wda_cusbitaalka_gurmadka_caafimaadka_851,Cusbitaalka Gurmadka Caafimaadka ee Qaybta 851 (Airport Zone / Masalaha),"Specialized neighborhood clinic & emergency health post in Airport Zone / Masalaha residential & commercial grid, Hargeisa",9.51293,44.08928,Hospitals & Healthcare,hospital,Airport Zone / Masalaha,False,HeartPulse,Cusbitaallada & Rugaha Caafimaadka
wda_rugta_daryeelka_hooyada_dhallaan_852,Rugta Daryeelka Hooyada & Dhallaanka ee Qaybta 852 (Kilalka / Sheikh Nuur East),"Maternal and child care dispensary center in Kilalka / Sheikh Nuur East residential & commercial grid, Hargeisa",9.56583,44.09637,Hospitals & Healthcare,hospital,Kilalka / Sheikh Nuur East,False,HeartPulse,Cusbitaallada & Rugaha Caafimaadka
wda_farmasiga_shacabka_caafimaadka_e_853,Farmasiga Shacabka & Caafimaadka ee Qaybta 853 (Goljano District),"24/7 community pharmacy and dispensary outpost in Goljano District residential & commercial grid, Hargeisa",9.55306,44.08277,Hospitals & Healthcare,hospital,Goljano District,False,HeartPulse,Cusbitaallada & Rugaha Caafimaadka
wda_dugsiga_hoose_dhexe_ee_waxbarash_854,Dugsiga Hoose/Dhexe ee Waxbarashada Qaybta 854 (Biyo Dhacay Area),"Public primary & intermediate school campus in Biyo Dhacay Area residential & commercial grid, Hargeisa",9.55092,44.07572,Schools & Universities,school,Biyo Dhacay Area,False,GraduationCap,Dugsiyada & Waxbarashada
wda_akadeemiyada_casriga_ah_ee_qaybt_855,Akadeemiyada Casriga ah ee Qaybta 855 (Xero Awr / Hero Awr),"Modern high school and STEM educational institute in Xero Awr / Hero Awr residential & commercial grid, Hargeisa",9.56076,44.05027,Schools & Universities,school,Xero Awr / Hero Awr,False,GraduationCap,Dugsiyada & Waxbarashada
wda_machadka_tababarka_xirfadaha_ee__856,Machadka Tababarka Xirfadaha ee Qaybta 856 (Downtown Waheen),"Vocational and technical training college center in Downtown Waheen residential & commercial grid, Hargeisa",9.56564,44.07054,Schools & Universities,university,Downtown Waheen,False,GraduationCap,Jaamacadaha & Kuliyadaha
wda_masjidka_jaamaca_ee_qaybta_857_j_857,Masjidka Jaamaca ee Qaybta 857 (Jigjiga Yar),"Congregational Friday mosque with community prayer hall in Jigjiga Yar residential & commercial grid, Hargeisa",9.58255,44.03818,Mosques (Masaajidda),place_of_worship,Jigjiga Yar,False,Moon,Masaajidda
wda_masjidka_al_imaan_ee_qaybta_858__858,Masjidka Al-Imaan ee Qaybta 858 (Ahmed Dhagax),"Neighborhood community mosque and Quranic learning hub in Ahmed Dhagax residential & commercial grid, Hargeisa",9.56046,44.05381,Mosques (Masaajidda),place_of_worship,Ahmed Dhagax,False,Moon,Masaajidda
wda_suuqa_khdaarta_iyo_ganacsiga_ee__859,Suuqa Khdaarta iyo Ganacsiga ee Qaybta 859 (150 Highway),"Neighborhood open-air fresh market and commercial trade zone in 150 Highway residential & commercial grid, Hargeisa",9.58787,44.05645,Markets & Malls,mall,150 Highway,False,ShoppingBag,Suuqyada & Xarumaha Ganacsiga
wda_xarunta_ganacsiga_supermarket_ee_860,Xarunta Ganacsiga & Supermarket ee Qaybta 860 (Shaab / Institutional District),"Modern multi-store retail grocery and provisions shopping center in Shaab / Institutional District residential & commercial grid, Hargeisa",9.56325,44.06097,Markets & Malls,mall,Shaab / Institutional District,False,ShoppingBag,Suuqyada & Xarumaha Ganacsiga
wda_kaalinta_shidaalka_hass_national_861,Kaalinta Shidaalka Hass / National ee Qaybta 861 (Maxamed Mooge),"Service petrol station, diesel dispenser and tire service in Maxamed Mooge residential & commercial grid, Hargeisa",9.52568,44.10666,Fuel Stations (Kaalmaha Shidaalka),fuel,Maxamed Mooge,False,Fuel,Kaalmaha Shidaalka
wda_kaalinta_shidaalka_gaaska_ee_qay_862,Kaalinta Shidaalka & Gaaska ee Qaybta 862 (New Hargeisa),"Fuel station and LPG domestic gas distribution depot in New Hargeisa residential & commercial grid, Hargeisa",9.55977,44.09903,Fuel Stations (Kaalmaha Shidaalka),fuel,New Hargeisa,False,Fuel,Kaalmaha Shidaalka
wda_istaanka_gaadiidka_dadweynaha_ee_863,Istaanka Gaadiidka Dadweynaha ee Qaybta 863 (Daami),"Minibus terminal and designated passenger pick-and-drop stop in Daami residential & commercial grid, Hargeisa",9.57985,44.08539,Transport & Terminals,transit_station,Daami,False,Navigation,Istaannada & Gaadiidka
wda_isgoyska_weyn_ee_gaadiidka_ee_qa_864,Isgoyska Weyn ee Gaadiidka ee Qaybta 864 (Shiraaqle),"Major road intersection and inter-district transit artery in Shiraaqle residential & commercial grid, Hargeisa",9.56846,44.10581,Transport & Terminals,transit_station,Shiraaqle,False,Navigation,Istaannada & Gaadiidka
wda_huteelka_nasashada_martida_ee_qa_865,Huteelka Nasashada & Martida ee Qaybta 865 (Koodbuur),"Comfortable guest lodging and family dining restaurant in Koodbuur residential & commercial grid, Hargeisa",9.57916,44.0466,Hotels & Hospitality,hotel,Koodbuur,False,Hotel,Huteellada & Martida
wda_laanta_zaad_dahabshiil_ee_qaybta_866,Laanta ZAAD & Dahabshiil ee Qaybta 866 (Airport Zone / Masalaha),"Banking kiosk, e-remittance and ZAAD cash-in center in Airport Zone / Masalaha residential & commercial grid, Hargeisa",9.52959,44.0933,Banks & Financial,bank,Airport Zone / Masalaha,False,Landmark,Bangiyada & Xawaaladaha
wda_laanta_taaj_edahab_express_ee_qa_867,Laanta TAAJ & Edahab Express ee Qaybta 867 (Kilalka / Sheikh Nuur East),"Financial services, money transfer and remittance desk in Kilalka / Sheikh Nuur East residential & commercial grid, Hargeisa",9.57716,44.0991,Banks & Financial,bank,Kilalka / Sheikh Nuur East,False,Landmark,Bangiyada & Xawaaladaha
wda_xafiiska_adeegga_somtel_telesom__868,Xafiiska Adeegga Somtel & Telesom ee Qaybta 868 (Goljano District),"Telecommunications branch, SIM registration and fiber service hub in Goljano District residential & commercial grid, Hargeisa",9.56305,44.08518,Corporate & Utilities,corporate,Goljano District,False,Building2,Shirkadaha & Isgaadhsiinta
wda_xarunta_korontada_sompower_ee_qa_869,Xarunta Korontada Sompower ee Qaybta 869 (Biyo Dhacay Area),"District electrical distribution and bill payment center in Biyo Dhacay Area residential & commercial grid, Hargeisa",9.56025,44.07797,Corporate & Utilities,utility,Biyo Dhacay Area,False,Zap,Korontada & Biyaha
wda_xafiiska_waaxda_dowladda_hoose_e_870,Xafiiska Waaxda Dowladda Hoose ee Qaybta 870 (Xero Awr / Hero Awr),"Municipal sub-office and local civic administration center in Xero Awr / Hero Awr residential & commercial grid, Hargeisa",9.57075,44.05268,Government & Civic,government,Xero Awr / Hero Awr,False,Landmark,Hay'adaha Dowladda
wda_maqaayadda_cuntada_hiddaha_dhaqa_871,Maqaayadda Cuntada Hiddaha & Dhaqanka ee Qaybta 871 (Downtown Waheen),"Traditional Somali dishes and family restaurant in Downtown Waheen residential & commercial grid, Hargeisa",9.561,44.06361,Restaurants & Cafes,restaurant,Downtown Waheen,False,Utensils,Maqaayadaha & Kafateeriyada
wda_kafateeriyada_qahwada_casriga_ah_872,Kafateeriyada & Qahwada Casriga ah ee Qaybta 872 (Jigjiga Yar),"Modern coffee house and light dining lounge in Jigjiga Yar residential & commercial grid, Hargeisa",9.57675,44.02951,Restaurants & Cafes,restaurant,Jigjiga Yar,False,Utensils,Maqaayadaha & Kafateeriyada
wda_xarunta_ngo_yada_iyo_samafalka_e_873,Xarunta NGO-yada iyo Samafalka ee Qaybta 873 (Ahmed Dhagax),"Non-governmental development agency & aid office in Ahmed Dhagax residential & commercial grid, Hargeisa",9.5535,44.04341,NGOs & Humanitarian,ngo,Ahmed Dhagax,False,Globe,Hay'adaha Samafalka (NGOs)
wda_jidka_iyo_wadada_weyn_ee_qaybta__874,Jidka iyo Wadada Weyn ee Qaybta 874 (150 Highway),"Major paved road corridor and arterial avenue in 150 Highway residential & commercial grid, Hargeisa",9.57976,44.04431,Roads & Arterials,arterial_road,150 Highway,False,Navigation,Waddooyinka & Jidadka
wda_xaafada_deganaanshaha_ee_qaybta__875,Xaafada Deganaanshaha ee Qaybta 875 (Shaab / Institutional District),"Quiet residential enclave and community living sector in Shaab / Institutional District residential & commercial grid, Hargeisa",9.55784,44.05288,Xaafadaha (Districts),neighborhood,Shaab / Institutional District,False,Home,Xaafadaha & Degmooyinka
wda_cusbitaalka_gurmadka_caafimaadka_876,Cusbitaalka Gurmadka Caafimaadka ee Qaybta 876 (Maxamed Mooge),"Specialized neighborhood clinic & emergency health post in Maxamed Mooge residential & commercial grid, Hargeisa",9.51717,44.09395,Hospitals & Healthcare,hospital,Maxamed Mooge,False,HeartPulse,Cusbitaallada & Rugaha Caafimaadka
wda_rugta_daryeelka_hooyada_dhallaan_877,Rugta Daryeelka Hooyada & Dhallaanka ee Qaybta 877 (New Hargeisa),"Maternal and child care dispensary center in New Hargeisa residential & commercial grid, Hargeisa",9.55242,44.08804,Hospitals & Healthcare,hospital,New Hargeisa,False,HeartPulse,Cusbitaallada & Rugaha Caafimaadka
wda_farmasiga_shacabka_caafimaadka_e_878,Farmasiga Shacabka & Caafimaadka ee Qaybta 878 (Daami),"24/7 community pharmacy and dispensary outpost in Daami residential & commercial grid, Hargeisa",9.57367,44.07614,Hospitals & Healthcare,hospital,Daami,False,HeartPulse,Cusbitaallada & Rugaha Caafimaadka
wda_dugsiga_hoose_dhexe_ee_waxbarash_879,Dugsiga Hoose/Dhexe ee Waxbarashada Qaybta 879 (Shiraaqle),"Public primary & intermediate school campus in Shiraaqle residential & commercial grid, Hargeisa",9.5615,44.09541,Schools & Universities,school,Shiraaqle,False,GraduationCap,Dugsiyada & Waxbarashada
wda_akadeemiyada_casriga_ah_ee_qaybt_880,Akadeemiyada Casriga ah ee Qaybta 880 (Koodbuur),"Modern high school and STEM educational institute in Koodbuur residential & commercial grid, Hargeisa",9.57259,44.03678,Schools & Universities,school,Koodbuur,False,GraduationCap,Dugsiyada & Waxbarashada
wda_machadka_tababarka_xirfadaha_ee__881,Machadka Tababarka Xirfadaha ee Qaybta 881 (Airport Zone / Masalaha),"Vocational and technical training college center in Airport Zone / Masalaha residential & commercial grid, Hargeisa",9.51992,44.07885,Schools & Universities,university,Airport Zone / Masalaha,False,GraduationCap,Jaamacadaha & Kuliyadaha
wda_masjidka_jaamaca_ee_qaybta_882_k_882,Masjidka Jaamaca ee Qaybta 882 (Kilalka / Sheikh Nuur East),"Congregational Friday mosque with community prayer hall in Kilalka / Sheikh Nuur East residential & commercial grid, Hargeisa",9.57059,44.08928,Mosques (Masaajidda),place_of_worship,Kilalka / Sheikh Nuur East,False,Moon,Masaajidda
wda_masjidka_al_imaan_ee_qaybta_883__883,Masjidka Al-Imaan ee Qaybta 883 (Goljano District),"Neighborhood community mosque and Quranic learning hub in Goljano District residential & commercial grid, Hargeisa",9.55725,44.07651,Mosques (Masaajidda),place_of_worship,Goljano District,False,Moon,Masaajidda
wda_suuqa_khdaarta_iyo_ganacsiga_ee__884,Suuqa Khdaarta iyo Ganacsiga ee Qaybta 884 (Biyo Dhacay Area),"Neighborhood open-air fresh market and commercial trade zone in Biyo Dhacay Area residential & commercial grid, Hargeisa",9.55484,44.06988,Markets & Malls,mall,Biyo Dhacay Area,False,ShoppingBag,Suuqyada & Xarumaha Ganacsiga
wda_xarunta_ganacsiga_supermarket_ee_885,Xarunta Ganacsiga & Supermarket ee Qaybta 885 (Xero Awr / Hero Awr),"Modern multi-store retail grocery and provisions shopping center in Xero Awr / Hero Awr residential & commercial grid, Hargeisa",9.56495,44.04401,Markets & Malls,mall,Xero Awr / Hero Awr,False,ShoppingBag,Suuqyada & Xarumaha Ganacsiga
wda_kaalinta_shidaalka_hass_national_886,Kaalinta Shidaalka Hass / National ee Qaybta 886 (Downtown Waheen),"Service petrol station, diesel dispenser and tire service in Downtown Waheen residential & commercial grid, Hargeisa",9.5598,44.07194,Fuel Stations (Kaalmaha Shidaalka),fuel,Downtown Waheen,False,Fuel,Kaalmaha Shidaalka
wda_kaalinta_shidaalka_gaaska_ee_qay_887,Kaalinta Shidaalka & Gaaska ee Qaybta 887 (Jigjiga Yar),"Fuel station and LPG domestic gas distribution depot in Jigjiga Yar residential & commercial grid, Hargeisa",9.57525,44.03993,Fuel Stations (Kaalmaha Shidaalka),fuel,Jigjiga Yar,False,Fuel,Kaalmaha Shidaalka
wda_istaanka_gaadiidka_dadweynaha_ee_888,Istaanka Gaadiidka Dadweynaha ee Qaybta 888 (Ahmed Dhagax),"Minibus terminal and designated passenger pick-and-drop stop in Ahmed Dhagax residential & commercial grid, Hargeisa",9.5517,44.05591,Transport & Terminals,transit_station,Ahmed Dhagax,False,Navigation,Istaannada & Gaadiidka
wda_isgoyska_weyn_ee_gaadiidka_ee_qa_889,Isgoyska Weyn ee Gaadiidka ee Qaybta 889 (150 Highway),"Major road intersection and inter-district transit artery in 150 Highway residential & commercial grid, Hargeisa",9.57765,44.0589,Transport & Terminals,transit_station,150 Highway,False,Navigation,Istaannada & Gaadiidka
wda_huteelka_nasashada_martida_ee_qa_890,Huteelka Nasashada & Martida ee Qaybta 890 (Shaab / Institutional District),"Comfortable guest lodging and family dining restaurant in Shaab / Institutional District residential & commercial grid, Hargeisa",9.55643,44.0626,Hotels & Hospitality,hotel,Shaab / Institutional District,False,Hotel,Huteellada & Martida
wda_laanta_zaad_dahabshiil_ee_qaybta_891,Laanta ZAAD & Dahabshiil ee Qaybta 891 (Maxamed Mooge),"Banking kiosk, e-remittance and ZAAD cash-in center in Maxamed Mooge residential & commercial grid, Hargeisa",9.51496,44.10923,Banks & Financial,bank,Maxamed Mooge,False,Landmark,Bangiyada & Xawaaladaha
wda_laanta_taaj_edahab_express_ee_qa_892,Laanta TAAJ & Edahab Express ee Qaybta 892 (New Hargeisa),"Financial services, money transfer and remittance desk in New Hargeisa residential & commercial grid, Hargeisa",9.55051,44.10124,Banks & Financial,bank,New Hargeisa,False,Landmark,Bangiyada & Xawaaladaha
wda_xafiiska_adeegga_somtel_telesom__893,Xafiiska Adeegga Somtel & Telesom ee Qaybta 893 (Daami),"Telecommunications branch, SIM registration and fiber service hub in Daami residential & commercial grid, Hargeisa",9.57206,44.08726,Corporate & Utilities,corporate,Daami,False,Building2,Shirkadaha & Isgaadhsiinta
wda_xarunta_korontada_sompower_ee_qa_894,Xarunta Korontada Sompower ee Qaybta 894 (Shiraaqle),"District electrical distribution and bill payment center in Shiraaqle residential & commercial grid, Hargeisa",9.5597,44.10791,Corporate & Utilities,utility,Shiraaqle,False,Zap,Korontada & Biyaha
wda_xafiiska_waaxda_dowladda_hoose_e_895,Xafiiska Waaxda Dowladda Hoose ee Qaybta 895 (Koodbuur),"Municipal sub-office and local civic administration center in Koodbuur residential & commercial grid, Hargeisa",9.57088,44.04859,Government & Civic,government,Koodbuur,False,Landmark,Hay'adaha Dowladda
wda_maqaayadda_cuntada_hiddaha_dhaqa_896,Maqaayadda Cuntada Hiddaha & Dhaqanka ee Qaybta 896 (Airport Zone / Masalaha),"Traditional Somali dishes and family restaurant in Airport Zone / Masalaha residential & commercial grid, Hargeisa",9.51741,44.09621,Restaurants & Cafes,restaurant,Airport Zone / Masalaha,False,Utensils,Maqaayadaha & Kafateeriyada
wda_kafateeriyada_qahwada_casriga_ah_897,Kafateeriyada & Qahwada Casriga ah ee Qaybta 897 (Kilalka / Sheikh Nuur East),"Modern coffee house and light dining lounge in Kilalka / Sheikh Nuur East residential & commercial grid, Hargeisa",9.56888,44.10109,Restaurants & Cafes,restaurant,Kilalka / Sheikh Nuur East,False,Utensils,Maqaayadaha & Kafateeriyada
wda_xarunta_ngo_yada_iyo_samafalka_e_898,Xarunta NGO-yada iyo Samafalka ee Qaybta 898 (Goljano District),"Non-governmental development agency & aid office in Goljano District residential & commercial grid, Hargeisa",9.55575,44.08693,NGOs & Humanitarian,ngo,Goljano District,False,Globe,Hay'adaha Samafalka (NGOs)
wda_jidka_iyo_wadada_weyn_ee_qaybta__899,Jidka iyo Wadada Weyn ee Qaybta 899 (Biyo Dhacay Area),"Major paved road corridor and arterial avenue in Biyo Dhacay Area residential & commercial grid, Hargeisa",9.55343,44.0796,Roads & Arterials,arterial_road,Biyo Dhacay Area,False,Navigation,Waddooyinka & Jidadka
wda_xaafada_deganaanshaha_ee_qaybta__900,Xaafada Deganaanshaha ee Qaybta 900 (Xero Awr / Hero Awr),"Quiet residential enclave and community living sector in Xero Awr / Hero Awr residential & commercial grid, Hargeisa",9.56345,44.05443,Xaafadaha (Districts),neighborhood,Xero Awr / Hero Awr,False,Home,Xaafadaha & Degmooyinka
wda_cusbitaalka_gurmadka_caafimaadka_901,Cusbitaalka Gurmadka Caafimaadka ee Qaybta 901 (Downtown Waheen),"Specialized neighborhood clinic & emergency health post in Downtown Waheen residential & commercial grid, Hargeisa",9.56627,44.06659,Hospitals & Healthcare,hospital,Downtown Waheen,False,HeartPulse,Cusbitaallada & Rugaha Caafimaadka
wda_rugta_daryeelka_hooyada_dhallaan_902,Rugta Daryeelka Hooyada & Dhallaanka ee Qaybta 902 (Jigjiga Yar),"Maternal and child care dispensary center in Jigjiga Yar residential & commercial grid, Hargeisa",9.58334,44.03324,Hospitals & Healthcare,hospital,Jigjiga Yar,False,HeartPulse,Cusbitaallada & Rugaha Caafimaadka
wda_farmasiga_shacabka_caafimaadka_e_903,Farmasiga Shacabka & Caafimaadka ee Qaybta 903 (Ahmed Dhagax),"24/7 community pharmacy and dispensary outpost in Ahmed Dhagax residential & commercial grid, Hargeisa",9.56141,44.04789,Hospitals & Healthcare,hospital,Ahmed Dhagax,False,HeartPulse,Cusbitaallada & Rugaha Caafimaadka
wda_dugsiga_hoose_dhexe_ee_waxbarash_904,Dugsiga Hoose/Dhexe ee Waxbarashada Qaybta 904 (150 Highway),"Public primary & intermediate school campus in 150 Highway residential & commercial grid, Hargeisa",9.58898,44.04954,Schools & Universities,school,150 Highway,False,GraduationCap,Dugsiyada & Waxbarashada
wda_akadeemiyada_casriga_ah_ee_qaybt_905,Akadeemiyada Casriga ah ee Qaybta 905 (Shaab / Institutional District),"Modern high school and STEM educational institute in Shaab / Institutional District residential & commercial grid, Hargeisa",9.56399,44.05636,Schools & Universities,school,Shaab / Institutional District,False,GraduationCap,Dugsiyada & Waxbarashada
wda_machadka_tababarka_xirfadaha_ee__906,Machadka Tababarka Xirfadaha ee Qaybta 906 (Maxamed Mooge),"Vocational and technical training college center in Maxamed Mooge residential & commercial grid, Hargeisa",9.52683,44.09942,Schools & Universities,university,Maxamed Mooge,False,GraduationCap,Jaamacadaha & Kuliyadaha
wda_masjidka_jaamaca_ee_qaybta_907_n_907,Masjidka Jaamaca ee Qaybta 907 (New Hargeisa),"Congregational Friday mosque with community prayer hall in New Hargeisa residential & commercial grid, Hargeisa",9.56077,44.09277,Mosques (Masaajidda),place_of_worship,New Hargeisa,False,Moon,Masaajidda
wda_masjidka_al_imaan_ee_qaybta_908__908,Masjidka Al-Imaan ee Qaybta 908 (Daami),"Neighborhood community mosque and Quranic learning hub in Daami residential & commercial grid, Hargeisa",9.5807,44.08013,Mosques (Masaajidda),place_of_worship,Daami,False,Moon,Masaajidda
wda_suuqa_khdaarta_iyo_ganacsiga_ee__909,Suuqa Khdaarta iyo Ganacsiga ee Qaybta 909 (Shiraaqle),"Neighborhood open-air fresh market and commercial trade zone in Shiraaqle residential & commercial grid, Hargeisa",9.56941,44.09989,Markets & Malls,mall,Shiraaqle,False,ShoppingBag,Suuqyada & Xarumaha Ganacsiga
wda_xarunta_ganacsiga_supermarket_ee_910,Xarunta Ganacsiga & Supermarket ee Qaybta 910 (Koodbuur),"Modern multi-store retail grocery and provisions shopping center in Koodbuur residential & commercial grid, Hargeisa",9.58005,44.04101,Markets & Malls,mall,Koodbuur,False,ShoppingBag,Suuqyada & Xarumaha Ganacsiga
wda_kaalinta_shidaalka_hass_national_911,Kaalinta Shidaalka Hass / National ee Qaybta 911 (Airport Zone / Masalaha),"Service petrol station, diesel dispenser and tire service in Airport Zone / Masalaha residential & commercial grid, Hargeisa",9.5309,44.08507,Fuel Stations (Kaalmaha Shidaalka),fuel,Airport Zone / Masalaha,False,Fuel,Kaalmaha Shidaalka
wda_kaalinta_shidaalka_gaaska_ee_qay_912,Kaalinta Shidaalka & Gaaska ee Qaybta 912 (Kilalka / Sheikh Nuur East),"Fuel station and LPG domestic gas distribution depot in Kilalka / Sheikh Nuur East residential & commercial grid, Hargeisa",9.57805,44.09351,Fuel Stations (Kaalmaha Shidaalka),fuel,Kilalka / Sheikh Nuur East,False,Fuel,Kaalmaha Shidaalka
wda_istaanka_gaadiidka_dadweynaha_ee_913,Istaanka Gaadiidka Dadweynaha ee Qaybta 913 (Goljano District),"Minibus terminal and designated passenger pick-and-drop stop in Goljano District residential & commercial grid, Hargeisa",9.56384,44.08024,Transport & Terminals,transit_station,Goljano District,False,Navigation,Istaannada & Gaadiidka
wda_isgoyska_weyn_ee_gaadiidka_ee_qa_914,Isgoyska Weyn ee Gaadiidka ee Qaybta 914 (Biyo Dhacay Area),"Major road intersection and inter-district transit artery in Biyo Dhacay Area residential & commercial grid, Hargeisa",9.56099,44.07336,Transport & Terminals,transit_station,Biyo Dhacay Area,False,Navigation,Istaannada & Gaadiidka
wda_huteelka_nasashada_martida_ee_qa_915,Huteelka Nasashada & Martida ee Qaybta 915 (Xero Awr / Hero Awr),"Comfortable guest lodging and family dining restaurant in Xero Awr / Hero Awr residential & commercial grid, Hargeisa",9.57154,44.04774,Hotels & Hospitality,hotel,Xero Awr / Hero Awr,False,Hotel,Huteellada & Martida
wda_laanta_zaad_dahabshiil_ee_qaybta_916,Laanta ZAAD & Dahabshiil ee Qaybta 916 (Downtown Waheen),"Banking kiosk, e-remittance and ZAAD cash-in center in Downtown Waheen residential & commercial grid, Hargeisa",9.55789,44.0661,Banks & Financial,bank,Downtown Waheen,False,Landmark,Bangiyada & Xawaaladaha
wda_laanta_taaj_edahab_express_ee_qa_917,Laanta TAAJ & Edahab Express ee Qaybta 917 (Jigjiga Yar),"Financial services, money transfer and remittance desk in Jigjiga Yar residential & commercial grid, Hargeisa",9.57286,44.03262,Banks & Financial,bank,Jigjiga Yar,False,Landmark,Bangiyada & Xawaaladaha
wda_xafiiska_adeegga_somtel_telesom__918,Xafiiska Adeegga Somtel & Telesom ee Qaybta 918 (Ahmed Dhagax),"Telecommunications branch, SIM registration and fiber service hub in Ahmed Dhagax residential & commercial grid, Hargeisa",9.54884,44.04715,Corporate & Utilities,corporate,Ahmed Dhagax,False,Building2,Shirkadaha & Isgaadhsiinta
wda_xarunta_korontada_sompower_ee_qa_919,Xarunta Korontada Sompower ee Qaybta 919 (150 Highway),"District electrical distribution and bill payment center in 150 Highway residential & commercial grid, Hargeisa",9.57431,44.04867,Corporate & Utilities,utility,150 Highway,False,Zap,Korontada & Biyaha
wda_xafiiska_waaxda_dowladda_hoose_e_920,Xafiiska Waaxda Dowladda Hoose ee Qaybta 920 (Shaab / Institutional District),"Municipal sub-office and local civic administration center in Shaab / Institutional District residential & commercial grid, Hargeisa",9.55421,44.05578,Government & Civic,government,Shaab / Institutional District,False,Landmark,Hay'adaha Dowladda
wda_maqaayadda_cuntada_hiddaha_dhaqa_921,Maqaayadda Cuntada Hiddaha & Dhaqanka ee Qaybta 921 (Maxamed Mooge),"Traditional Somali dishes and family restaurant in Maxamed Mooge residential & commercial grid, Hargeisa",9.51147,44.09852,Restaurants & Cafes,restaurant,Maxamed Mooge,False,Utensils,Maqaayadaha & Kafateeriyada
wda_kafateeriyada_qahwada_casriga_ah_922,Kafateeriyada & Qahwada Casriga ah ee Qaybta 922 (New Hargeisa),"Modern coffee house and light dining lounge in New Hargeisa residential & commercial grid, Hargeisa",9.54749,44.09199,Restaurants & Cafes,restaurant,New Hargeisa,False,Utensils,Maqaayadaha & Kafateeriyada
wda_xarunta_ngo_yada_iyo_samafalka_e_923,Xarunta NGO-yada iyo Samafalka ee Qaybta 923 (Daami),"Non-governmental development agency & aid office in Daami residential & commercial grid, Hargeisa",9.56952,44.07947,NGOs & Humanitarian,ngo,Daami,False,Globe,Hay'adaha Samafalka (NGOs)
wda_jidka_iyo_wadada_weyn_ee_qaybta__924,Jidka iyo Wadada Weyn ee Qaybta 924 (Shiraaqle),"Major paved road corridor and arterial avenue in Shiraaqle residential & commercial grid, Hargeisa",9.55684,44.09915,Roads & Arterials,arterial_road,Shiraaqle,False,Navigation,Waddooyinka & Jidadka
wda_xaafada_deganaanshaha_ee_qaybta__925,Xaafada Deganaanshaha ee Qaybta 925 (Koodbuur),"Quiet residential enclave and community living sector in Koodbuur residential & commercial grid, Hargeisa",9.56818,44.04031,Xaafadaha (Districts),neighborhood,Koodbuur,False,Home,Xaafadaha & Degmooyinka
wda_cusbitaalka_gurmadka_caafimaadka_926,Cusbitaalka Gurmadka Caafimaadka ee Qaybta 926 (Airport Zone / Masalaha),"Specialized neighborhood clinic & emergency health post in Airport Zone / Masalaha residential & commercial grid, Hargeisa",9.51344,44.08404,Hospitals & Healthcare,hospital,Airport Zone / Masalaha,False,HeartPulse,Cusbitaallada & Rugaha Caafimaadka
wda_rugta_daryeelka_hooyada_dhallaan_927,Rugta Daryeelka Hooyada & Dhallaanka ee Qaybta 927 (Kilalka / Sheikh Nuur East),"Maternal and child care dispensary center in Kilalka / Sheikh Nuur East residential & commercial grid, Hargeisa",9.56618,44.09281,Hospitals & Healthcare,hospital,Kilalka / Sheikh Nuur East,False,HeartPulse,Cusbitaallada & Rugaha Caafimaadka
wda_farmasiga_shacabka_caafimaadka_e_928,Farmasiga Shacabka & Caafimaadka ee Qaybta 928 (Goljano District),"24/7 community pharmacy and dispensary outpost in Goljano District residential & commercial grid, Hargeisa",9.55336,44.07962,Hospitals & Healthcare,hospital,Goljano District,False,HeartPulse,Cusbitaallada & Rugaha Caafimaadka
wda_dugsiga_hoose_dhexe_ee_waxbarash_929,Dugsiga Hoose/Dhexe ee Waxbarashada Qaybta 929 (Biyo Dhacay Area),"Public primary & intermediate school campus in Biyo Dhacay Area residential & commercial grid, Hargeisa",9.55121,44.07278,Schools & Universities,school,Biyo Dhacay Area,False,GraduationCap,Dugsiyada & Waxbarashada
wda_akadeemiyada_casriga_ah_ee_qaybt_930,Akadeemiyada Casriga ah ee Qaybta 930 (Xero Awr / Hero Awr),"Modern high school and STEM educational institute in Xero Awr / Hero Awr residential & commercial grid, Hargeisa",9.56106,44.04712,Schools & Universities,school,Xero Awr / Hero Awr,False,GraduationCap,Dugsiyada & Waxbarashada
wda_machadka_tababarka_xirfadaha_ee__931,Machadka Tababarka Xirfadaha ee Qaybta 931 (Downtown Waheen),"Vocational and technical training college center in Downtown Waheen residential & commercial grid, Hargeisa",9.56377,44.07224,Schools & Universities,university,Downtown Waheen,False,GraduationCap,Jaamacadaha & Kuliyadaha
wda_masjidka_jaamaca_ee_qaybta_932_j_932,Masjidka Jaamaca ee Qaybta 932 (Jigjiga Yar),"Congregational Friday mosque with community prayer hall in Jigjiga Yar residential & commercial grid, Hargeisa",9.58022,44.0403,Mosques (Masaajidda),place_of_worship,Jigjiga Yar,False,Moon,Masaajidda
wda_masjidka_al_imaan_ee_qaybta_933__933,Masjidka Al-Imaan ee Qaybta 933 (Ahmed Dhagax),"Neighborhood community mosque and Quranic learning hub in Ahmed Dhagax residential & commercial grid, Hargeisa",9.55766,44.05636,Mosques (Masaajidda),place_of_worship,Ahmed Dhagax,False,Moon,Masaajidda
wda_suuqa_khdaarta_iyo_ganacsiga_ee__934,Suuqa Khdaarta iyo Ganacsiga ee Qaybta 934 (150 Highway),"Neighborhood open-air fresh market and commercial trade zone in 150 Highway residential & commercial grid, Hargeisa",9.5846,44.05942,Markets & Malls,mall,150 Highway,False,ShoppingBag,Suuqyada & Xarumaha Ganacsiga
wda_xarunta_ganacsiga_supermarket_ee_935,Xarunta Ganacsiga & Supermarket ee Qaybta 935 (Shaab / Institutional District),"Modern multi-store retail grocery and provisions shopping center in Shaab / Institutional District residential & commercial grid, Hargeisa",9.56107,44.06294,Markets & Malls,mall,Shaab / Institutional District,False,ShoppingBag,Suuqyada & Xarumaha Ganacsiga
wda_kaalinta_shidaalka_hass_national_936,Kaalinta Shidaalka Hass / National ee Qaybta 936 (Maxamed Mooge),"Service petrol station, diesel dispenser and tire service in Maxamed Mooge residential & commercial grid, Hargeisa",9.52225,44.10977,Fuel Stations (Kaalmaha Shidaalka),fuel,Maxamed Mooge,False,Fuel,Kaalmaha Shidaalka
wda_kaalinta_shidaalka_gaaska_ee_qay_937,Kaalinta Shidaalka & Gaaska ee Qaybta 937 (New Hargeisa),"Fuel station and LPG domestic gas distribution depot in New Hargeisa residential & commercial grid, Hargeisa",9.55681,44.10171,Fuel Stations (Kaalmaha Shidaalka),fuel,New Hargeisa,False,Fuel,Kaalmaha Shidaalka
wda_istaanka_gaadiidka_dadweynaha_ee_938,Istaanka Gaadiidka Dadweynaha ee Qaybta 938 (Daami),"Minibus terminal and designated passenger pick-and-drop stop in Daami residential & commercial grid, Hargeisa",9.57736,44.08765,Transport & Terminals,transit_station,Daami,False,Navigation,Istaannada & Gaadiidka
wda_isgoyska_weyn_ee_gaadiidka_ee_qa_939,Isgoyska Weyn ee Gaadiidka ee Qaybta 939 (Shiraaqle),"Major road intersection and inter-district transit artery in Shiraaqle residential & commercial grid, Hargeisa",9.56566,44.10836,Transport & Terminals,transit_station,Shiraaqle,False,Navigation,Istaannada & Gaadiidka
wda_huteelka_nasashada_martida_ee_qa_940,Huteelka Nasashada & Martida ee Qaybta 940 (Koodbuur),"Comfortable guest lodging and family dining restaurant in Koodbuur residential & commercial grid, Hargeisa",9.57651,44.049,Hotels & Hospitality,hotel,Koodbuur,False,Hotel,Huteellada & Martida
wda_laanta_zaad_dahabshiil_ee_qaybta_941,Laanta ZAAD & Dahabshiil ee Qaybta 941 (Airport Zone / Masalaha),"Banking kiosk, e-remittance and ZAAD cash-in center in Airport Zone / Masalaha residential & commercial grid, Hargeisa",9.52569,44.09683,Banks & Financial,bank,Airport Zone / Masalaha,False,Landmark,Bangiyada & Xawaaladaha
wda_laanta_taaj_edahab_express_ee_qa_942,Laanta TAAJ & Edahab Express ee Qaybta 942 (Kilalka / Sheikh Nuur East),"Financial services, money transfer and remittance desk in Kilalka / Sheikh Nuur East residential & commercial grid, Hargeisa",9.57451,44.1015,Banks & Financial,bank,Kilalka / Sheikh Nuur East,False,Landmark,Bangiyada & Xawaaladaha
wda_xafiiska_adeegga_somtel_telesom__943,Xafiiska Adeegga Somtel & Telesom ee Qaybta 943 (Goljano District),"Telecommunications branch, SIM registration and fiber service hub in Goljano District residential & commercial grid, Hargeisa",9.56072,44.0873,Corporate & Utilities,corporate,Goljano District,False,Building2,Shirkadaha & Isgaadhsiinta
wda_xarunta_korontada_sompower_ee_qa_944,Xarunta Korontada Sompower ee Qaybta 944 (Biyo Dhacay Area),"District electrical distribution and bill payment center in Biyo Dhacay Area residential & commercial grid, Hargeisa",9.55807,44.07994,Corporate & Utilities,utility,Biyo Dhacay Area,False,Zap,Korontada & Biyaha
wda_xafiiska_waaxda_dowladda_hoose_e_945,Xafiiska Waaxda Dowladda Hoose ee Qaybta 945 (Xero Awr / Hero Awr),"Municipal sub-office and local civic administration center in Xero Awr / Hero Awr residential & commercial grid, Hargeisa",9.56842,44.0548,Government & Civic,government,Xero Awr / Hero Awr,False,Landmark,Hay'adaha Dowladda
wda_maqaayadda_cuntada_hiddaha_dhaqa_946,Maqaayadda Cuntada Hiddaha & Dhaqanka ee Qaybta 946 (Downtown Waheen),"Traditional Somali dishes and family restaurant in Downtown Waheen residential & commercial grid, Hargeisa",9.56352,44.06364,Restaurants & Cafes,restaurant,Downtown Waheen,False,Utensils,Maqaayadaha & Kafateeriyada
wda_kafateeriyada_qahwada_casriga_ah_947,Kafateeriyada & Qahwada Casriga ah ee Qaybta 947 (Jigjiga Yar),"Modern coffee house and light dining lounge in Jigjiga Yar residential & commercial grid, Hargeisa",9.5799,44.02955,Restaurants & Cafes,restaurant,Jigjiga Yar,False,Utensils,Maqaayadaha & Kafateeriyada
wda_xarunta_ngo_yada_iyo_samafalka_e_948,Xarunta NGO-yada iyo Samafalka ee Qaybta 948 (Ahmed Dhagax),"Non-governmental development agency & aid office in Ahmed Dhagax residential & commercial grid, Hargeisa",9.55728,44.04346,NGOs & Humanitarian,ngo,Ahmed Dhagax,False,Globe,Hay'adaha Samafalka (NGOs)
wda_jidka_iyo_wadada_weyn_ee_qaybta__949,Jidka iyo Wadada Weyn ee Qaybta 949 (150 Highway),"Major paved road corridor and arterial avenue in 150 Highway residential & commercial grid, Hargeisa",9.58417,44.04437,Roads & Arterials,arterial_road,150 Highway,False,Navigation,Waddooyinka & Jidadka
wda_xaafada_deganaanshaha_ee_qaybta__950,Xaafada Deganaanshaha ee Qaybta 950 (Shaab / Institutional District),"Quiet residential enclave and community living sector in Shaab / Institutional District residential & commercial grid, Hargeisa",9.56078,44.05291,Xaafadaha (Districts),neighborhood,Shaab / Institutional District,False,Home,Xaafadaha & Degmooyinka
wda_cusbitaalka_gurmadka_caafimaadka_951,Cusbitaalka Gurmadka Caafimaadka ee Qaybta 951 (Maxamed Mooge),"Specialized neighborhood clinic & emergency health post in Maxamed Mooge residential & commercial grid, Hargeisa",9.52179,44.09401,Hospitals & Healthcare,hospital,Maxamed Mooge,False,HeartPulse,Cusbitaallada & Rugaha Caafimaadka
wda_rugta_daryeelka_hooyada_dhallaan_952,Rugta Daryeelka Hooyada & Dhallaanka ee Qaybta 952 (New Hargeisa),"Maternal and child care dispensary center in New Hargeisa residential & commercial grid, Hargeisa",9.55641,44.0881,Hospitals & Healthcare,hospital,New Hargeisa,False,HeartPulse,Cusbitaallada & Rugaha Caafimaadka
wda_farmasiga_shacabka_caafimaadka_e_953,Farmasiga Shacabka & Caafimaadka ee Qaybta 953 (Daami),"24/7 community pharmacy and dispensary outpost in Daami residential & commercial grid, Hargeisa",9.57703,44.07619,Hospitals & Healthcare,hospital,Daami,False,HeartPulse,Cusbitaallada & Rugaha Caafimaadka
wda_dugsiga_hoose_dhexe_ee_waxbarash_954,Dugsiga Hoose/Dhexe ee Waxbarashada Qaybta 954 (Shiraaqle),"Public primary & intermediate school campus in Shiraaqle residential & commercial grid, Hargeisa",9.56528,44.09546,Schools & Universities,school,Shiraaqle,False,GraduationCap,Dugsiyada & Waxbarashada
wda_akadeemiyada_casriga_ah_ee_qaybt_955,Akadeemiyada Casriga ah ee Qaybta 955 (Koodbuur),"Modern high school and STEM educational institute in Koodbuur residential & commercial grid, Hargeisa",9.57616,44.03682,Schools & Universities,school,Koodbuur,False,GraduationCap,Dugsiyada & Waxbarashada
wda_machadka_tababarka_xirfadaha_ee__956,Machadka Tababarka Xirfadaha ee Qaybta 956 (Airport Zone / Masalaha),"Vocational and technical training college center in Airport Zone / Masalaha residential & commercial grid, Hargeisa",9.52517,44.07892,Schools & Universities,university,Airport Zone / Masalaha,False,GraduationCap,Jaamacadaha & Kuliyadaha
wda_masjidka_jaamaca_ee_qaybta_957_k_957,Masjidka Jaamaca ee Qaybta 957 (Kilalka / Sheikh Nuur East),"Congregational Friday mosque with community prayer hall in Kilalka / Sheikh Nuur East residential & commercial grid, Hargeisa",9.57416,44.08932,Mosques (Masaajidda),place_of_worship,Kilalka / Sheikh Nuur East,False,Moon,Masaajidda
wda_masjidka_al_imaan_ee_qaybta_958__958,Masjidka Al-Imaan ee Qaybta 958 (Goljano District),"Neighborhood community mosque and Quranic learning hub in Goljano District residential & commercial grid, Hargeisa",9.5604,44.07655,Mosques (Masaajidda),place_of_worship,Goljano District,False,Moon,Masaajidda
wda_suuqa_khdaarta_iyo_ganacsiga_ee__959,Suuqa Khdaarta iyo Ganacsiga ee Qaybta 959 (Biyo Dhacay Area),"Neighborhood open-air fresh market and commercial trade zone in Biyo Dhacay Area residential & commercial grid, Hargeisa",9.55778,44.06991,Markets & Malls,mall,Biyo Dhacay Area,False,ShoppingBag,Suuqyada & Xarumaha Ganacsiga
wda_xarunta_ganacsiga_supermarket_ee_960,Xarunta Ganacsiga & Supermarket ee Qaybta 960 (Xero Awr / Hero Awr),"Modern multi-store retail grocery and provisions shopping center in Xero Awr / Hero Awr residential & commercial grid, Hargeisa",9.5681,44.04405,Markets & Malls,mall,Xero Awr / Hero Awr,False,ShoppingBag,Suuqyada & Xarumaha Ganacsiga
wda_kaalinta_shidaalka_hass_national_961,Kaalinta Shidaalka Hass / National ee Qaybta 961 (Downtown Waheen),"Service petrol station, diesel dispenser and tire service in Downtown Waheen residential & commercial grid, Hargeisa",9.55795,44.07018,Fuel Stations (Kaalmaha Shidaalka),fuel,Downtown Waheen,False,Fuel,Kaalmaha Shidaalka
wda_kaalinta_shidaalka_gaaska_ee_qay_962,Kaalinta Shidaalka & Gaaska ee Qaybta 962 (Jigjiga Yar),"Fuel station and LPG domestic gas distribution depot in Jigjiga Yar residential & commercial grid, Hargeisa",9.57294,44.03773,Fuel Stations (Kaalmaha Shidaalka),fuel,Jigjiga Yar,False,Fuel,Kaalmaha Shidaalka
wda_istaanka_gaadiidka_dadweynaha_ee_963,Istaanka Gaadiidka Dadweynaha ee Qaybta 963 (Ahmed Dhagax),"Minibus terminal and designated passenger pick-and-drop stop in Ahmed Dhagax residential & commercial grid, Hargeisa",9.54893,44.05327,Transport & Terminals,transit_station,Ahmed Dhagax,False,Navigation,Istaannada & Gaadiidka
wda_isgoyska_weyn_ee_gaadiidka_ee_qa_964,Isgoyska Weyn ee Gaadiidka ee Qaybta 964 (150 Highway),"Major road intersection and inter-district transit artery in 150 Highway residential & commercial grid, Hargeisa",9.57442,44.05582,Transport & Terminals,transit_station,150 Highway,False,Navigation,Istaannada & Gaadiidka
wda_huteelka_nasashada_martida_ee_qa_965,Huteelka Nasashada & Martida ee Qaybta 965 (Shaab / Institutional District),"Comfortable guest lodging and family dining restaurant in Shaab / Institutional District residential & commercial grid, Hargeisa",9.55428,44.06055,Hotels & Hospitality,hotel,Shaab / Institutional District,False,Hotel,Huteellada & Martida
wda_laanta_zaad_dahabshiil_ee_qaybta_966,Laanta ZAAD & Dahabshiil ee Qaybta 966 (Maxamed Mooge),"Banking kiosk, e-remittance and ZAAD cash-in center in Maxamed Mooge residential & commercial grid, Hargeisa",9.51158,44.106,Banks & Financial,bank,Maxamed Mooge,False,Landmark,Bangiyada & Xawaaladaha
wda_laanta_taaj_edahab_express_ee_qa_967,Laanta TAAJ & Edahab Express ee Qaybta 967 (New Hargeisa),"Financial services, money transfer and remittance desk in New Hargeisa residential & commercial grid, Hargeisa",9.54759,44.09846,Banks & Financial,bank,New Hargeisa,False,Landmark,Bangiyada & Xawaaladaha
wda_xafiiska_adeegga_somtel_telesom__968,Xafiiska Adeegga Somtel & Telesom ee Qaybta 968 (Daami),"Telecommunications branch, SIM registration and fiber service hub in Daami residential & commercial grid, Hargeisa",9.5696,44.08491,Corporate & Utilities,corporate,Daami,False,Building2,Shirkadaha & Isgaadhsiinta
wda_xarunta_korontada_sompower_ee_qa_969,Xarunta Korontada Sompower ee Qaybta 969 (Shiraaqle),"District electrical distribution and bill payment center in Shiraaqle residential & commercial grid, Hargeisa",9.55693,44.10527,Corporate & Utilities,utility,Shiraaqle,False,Zap,Korontada & Biyaha
wda_xafiiska_waaxda_dowladda_hoose_e_970,Xafiiska Waaxda Dowladda Hoose ee Qaybta 970 (Koodbuur),"Municipal sub-office and local civic administration center in Koodbuur residential & commercial grid, Hargeisa",9.56827,44.04609,Government & Civic,government,Koodbuur,False,Landmark,Hay'adaha Dowladda
wda_maqaayadda_cuntada_hiddaha_dhaqa_971,Maqaayadda Cuntada Hiddaha & Dhaqanka ee Qaybta 971 (Airport Zone / Masalaha),"Traditional Somali dishes and family restaurant in Airport Zone / Masalaha residential & commercial grid, Hargeisa",9.51357,44.09255,Restaurants & Cafes,restaurant,Airport Zone / Masalaha,False,Utensils,Maqaayadaha & Kafateeriyada
wda_kafateeriyada_qahwada_casriga_ah_972,Kafateeriyada & Qahwada Casriga ah ee Qaybta 972 (Kilalka / Sheikh Nuur East),"Modern coffee house and light dining lounge in Kilalka / Sheikh Nuur East residential & commercial grid, Hargeisa",9.56627,44.09859,Restaurants & Cafes,restaurant,Kilalka / Sheikh Nuur East,False,Utensils,Maqaayadaha & Kafateeriyada
wda_xarunta_ngo_yada_iyo_samafalka_e_973,Xarunta NGO-yada iyo Samafalka ee Qaybta 973 (Goljano District),"Non-governmental development agency & aid office in Goljano District residential & commercial grid, Hargeisa",9.55344,44.08473,NGOs & Humanitarian,ngo,Goljano District,False,Globe,Hay'adaha Samafalka (NGOs)
wda_jidka_iyo_wadada_weyn_ee_qaybta__974,Jidka iyo Wadada Weyn ee Qaybta 974 (Biyo Dhacay Area),"Major paved road corridor and arterial avenue in Biyo Dhacay Area residential & commercial grid, Hargeisa",9.55128,44.07755,Roads & Arterials,arterial_road,Biyo Dhacay Area,False,Navigation,Waddooyinka & Jidadka
wda_xaafada_deganaanshaha_ee_qaybta__975,Xaafada Deganaanshaha ee Qaybta 975 (Xero Awr / Hero Awr),"Quiet residential enclave and community living sector in Xero Awr / Hero Awr residential & commercial grid, Hargeisa",9.56114,44.05223,Xaafadaha (Districts),neighborhood,Xero Awr / Hero Awr,False,Home,Xaafadaha & Degmooyinka
wda_cusbitaalka_gurmadka_caafimaadka_976,Cusbitaalka Gurmadka Caafimaadka ee Qaybta 976 (Downtown Waheen),"Specialized neighborhood clinic & emergency health post in Downtown Waheen residential & commercial grid, Hargeisa",9.56646,44.06917,Hospitals & Healthcare,hospital,Downtown Waheen,False,HeartPulse,Cusbitaallada & Rugaha Caafimaadka
wda_rugta_daryeelka_hooyada_dhallaan_977,Rugta Daryeelka Hooyada & Dhallaanka ee Qaybta 977 (Jigjiga Yar),"Maternal and child care dispensary center in Jigjiga Yar residential & commercial grid, Hargeisa",9.58358,44.03646,Hospitals & Healthcare,hospital,Jigjiga Yar,False,HeartPulse,Cusbitaallada & Rugaha Caafimaadka
wda_farmasiga_shacabka_caafimaadka_e_978,Farmasiga Shacabka & Caafimaadka ee Qaybta 978 (Ahmed Dhagax),"24/7 community pharmacy and dispensary outpost in Ahmed Dhagax residential & commercial grid, Hargeisa",9.56169,44.05175,Hospitals & Healthcare,hospital,Ahmed Dhagax,False,HeartPulse,Cusbitaallada & Rugaha Caafimaadka
wda_dugsiga_hoose_dhexe_ee_waxbarash_979,Dugsiga Hoose/Dhexe ee Waxbarashada Qaybta 979 (150 Highway),"Public primary & intermediate school campus in 150 Highway residential & commercial grid, Hargeisa",9.58931,44.05405,Schools & Universities,school,150 Highway,False,GraduationCap,Dugsiyada & Waxbarashada
wda_akadeemiyada_casriga_ah_ee_qaybt_980,Akadeemiyada Casriga ah ee Qaybta 980 (Shaab / Institutional District),"Modern high school and STEM educational institute in Shaab / Institutional District residential & commercial grid, Hargeisa",9.5642,44.05936,Schools & Universities,school,Shaab / Institutional District,False,GraduationCap,Dugsiyada & Waxbarashada
wda_machadka_tababarka_xirfadaha_ee__981,Machadka Tababarka Xirfadaha ee Qaybta 981 (Maxamed Mooge),"Vocational and technical training college center in Maxamed Mooge residential & commercial grid, Hargeisa",9.52718,44.10414,Schools & Universities,university,Maxamed Mooge,False,GraduationCap,Jaamacadaha & Kuliyadaha
wda_masjidka_jaamaca_ee_qaybta_982_n_982,Masjidka Jaamaca ee Qaybta 982 (New Hargeisa),"Congregational Friday mosque with community prayer hall in New Hargeisa residential & commercial grid, Hargeisa",9.56106,44.09685,Mosques (Masaajidda),place_of_worship,New Hargeisa,False,Moon,Masaajidda
wda_masjidka_al_imaan_ee_qaybta_983__983,Masjidka Al-Imaan ee Qaybta 983 (Daami),"Neighborhood community mosque and Quranic learning hub in Daami residential & commercial grid, Hargeisa",9.58095,44.08356,Mosques (Masaajidda),place_of_worship,Daami,False,Moon,Masaajidda
wda_suuqa_khdaarta_iyo_ganacsiga_ee__984,Suuqa Khdaarta iyo Ganacsiga ee Qaybta 984 (Shiraaqle),"Neighborhood open-air fresh market and commercial trade zone in Shiraaqle residential & commercial grid, Hargeisa",9.56969,44.10375,Markets & Malls,mall,Shiraaqle,False,ShoppingBag,Suuqyada & Xarumaha Ganacsiga
wda_xarunta_ganacsiga_supermarket_ee_985,Xarunta Ganacsiga & Supermarket ee Qaybta 985 (Koodbuur),"Modern multi-store retail grocery and provisions shopping center in Koodbuur residential & commercial grid, Hargeisa",9.58032,44.04466,Markets & Malls,mall,Koodbuur,False,ShoppingBag,Suuqyada & Xarumaha Ganacsiga
wda_kaalinta_shidaalka_hass_national_986,Kaalinta Shidaalka Hass / National ee Qaybta 986 (Airport Zone / Masalaha),"Service petrol station, diesel dispenser and tire service in Airport Zone / Masalaha residential & commercial grid, Hargeisa",9.53129,44.09044,Fuel Stations (Kaalmaha Shidaalka),fuel,Airport Zone / Masalaha,False,Fuel,Kaalmaha Shidaalka
wda_kaalinta_shidaalka_gaaska_ee_qay_987,Kaalinta Shidaalka & Gaaska ee Qaybta 987 (Kilalka / Sheikh Nuur East),"Fuel station and LPG domestic gas distribution depot in Kilalka / Sheikh Nuur East residential & commercial grid, Hargeisa",9.57832,44.09716,Fuel Stations (Kaalmaha Shidaalka),fuel,Kilalka / Sheikh Nuur East,False,Fuel,Kaalmaha Shidaalka
wda_istaanka_gaadiidka_dadweynaha_ee_988,Istaanka Gaadiidka Dadweynaha ee Qaybta 988 (Goljano District),"Minibus terminal and designated passenger pick-and-drop stop in Goljano District residential & commercial grid, Hargeisa",9.56408,44.08346,Transport & Terminals,transit_station,Goljano District,False,Navigation,Istaannada & Gaadiidka
wda_isgoyska_weyn_ee_gaadiidka_ee_qa_989,Isgoyska Weyn ee Gaadiidka ee Qaybta 989 (Biyo Dhacay Area),"Major road intersection and inter-district transit artery in Biyo Dhacay Area residential & commercial grid, Hargeisa",9.5612,44.07636,Transport & Terminals,transit_station,Biyo Dhacay Area,False,Navigation,Istaannada & Gaadiidka
wda_huteelka_nasashada_martida_ee_qa_990,Huteelka Nasashada & Martida ee Qaybta 990 (Xero Awr / Hero Awr),"Comfortable guest lodging and family dining restaurant in Xero Awr / Hero Awr residential & commercial grid, Hargeisa",9.57178,44.05096,Hotels & Hospitality,hotel,Xero Awr / Hero Awr,False,Hotel,Huteellada & Martida
wda_laanta_zaad_dahabshiil_ee_qaybta_991,Laanta ZAAD & Dahabshiil ee Qaybta 991 (Downtown Waheen),"Banking kiosk, e-remittance and ZAAD cash-in center in Downtown Waheen residential & commercial grid, Hargeisa",9.55948,44.06406,Banks & Financial,bank,Downtown Waheen,False,Landmark,Bangiyada & Xawaaladaha
wda_laanta_taaj_edahab_express_ee_qa_992,Laanta TAAJ & Edahab Express ee Qaybta 992 (Jigjiga Yar),"Financial services, money transfer and remittance desk in Jigjiga Yar residential & commercial grid, Hargeisa",9.57485,44.03008,Banks & Financial,bank,Jigjiga Yar,False,Landmark,Bangiyada & Xawaaladaha
wda_xafiiska_adeegga_somtel_telesom__993,Xafiiska Adeegga Somtel & Telesom ee Qaybta 993 (Ahmed Dhagax),"Telecommunications branch, SIM registration and fiber service hub in Ahmed Dhagax residential & commercial grid, Hargeisa",9.55122,44.04409,Corporate & Utilities,corporate,Ahmed Dhagax,False,Building2,Shirkadaha & Isgaadhsiinta
wda_xarunta_korontada_sompower_ee_qa_994,Xarunta Korontada Sompower ee Qaybta 994 (150 Highway),"District electrical distribution and bill payment center in 150 Highway residential & commercial grid, Hargeisa",9.57708,44.04511,Corporate & Utilities,utility,150 Highway,False,Zap,Korontada & Biyaha
wda_xafiiska_waaxda_dowladda_hoose_e_995,Xafiiska Waaxda Dowladda Hoose ee Qaybta 995 (Shaab / Institutional District),"Municipal sub-office and local civic administration center in Shaab / Institutional District residential & commercial grid, Hargeisa",9.55606,44.05341,Government & Civic,government,Shaab / Institutional District,False,Landmark,Hay'adaha Dowladda
wda_maqaayadda_cuntada_hiddaha_dhaqa_996,Maqaayadda Cuntada Hiddaha & Dhaqanka ee Qaybta 996 (Maxamed Mooge),"Traditional Somali dishes and family restaurant in Maxamed Mooge residential & commercial grid, Hargeisa",9.51437,44.09478,Restaurants & Cafes,restaurant,Maxamed Mooge,False,Utensils,Maqaayadaha & Kafateeriyada
wda_kafateeriyada_qahwada_casriga_ah_997,Kafateeriyada & Qahwada Casriga ah ee Qaybta 997 (New Hargeisa),"Modern coffee house and light dining lounge in New Hargeisa residential & commercial grid, Hargeisa",9.55,44.08877,Restaurants & Cafes,restaurant,New Hargeisa,False,Utensils,Maqaayadaha & Kafateeriyada
wda_xarunta_ngo_yada_iyo_samafalka_e_998,Xarunta NGO-yada iyo Samafalka ee Qaybta 998 (Daami),"Non-governmental development agency & aid office in Daami residential & commercial grid, Hargeisa",9.57164,44.07675,NGOs & Humanitarian,ngo,Daami,False,Globe,Hay'adaha Samafalka (NGOs)
wda_jidka_iyo_wadada_weyn_ee_qaybta__999,Jidka iyo Wadada Weyn ee Qaybta 999 (Shiraaqle),"Major paved road corridor and arterial avenue in Shiraaqle residential & commercial grid, Hargeisa",9.55922,44.09609,Roads & Arterials,arterial_road,Shiraaqle,False,Navigation,Waddooyinka & Jidadka
wda_xaafada_deganaanshaha_ee_qaybta__1000,Xaafada Deganaanshaha ee Qaybta 1000 (Koodbuur),"Quiet residential enclave and community living sector in Koodbuur residential & commercial grid, Hargeisa",9.57043,44.03742,Xaafadaha (Districts),neighborhood,Koodbuur,False,Home,Xaafadaha & Degmooyinka
wda_cusbitaalka_gurmadka_caafimaadka_1001,Cusbitaalka Gurmadka Caafimaadka ee Qaybta 1001 (Airport Zone / Masalaha),"Specialized neighborhood clinic & emergency health post in Airport Zone / Masalaha residential & commercial grid, Hargeisa",9.51674,44.0798,Hospitals & Healthcare,hospital,Airport Zone / Masalaha,False,HeartPulse,Cusbitaallada & Rugaha Caafimaadka
wda_rugta_daryeelka_hooyada_dhallaan_1002,Rugta Daryeelka Hooyada & Dhallaanka ee Qaybta 1002 (Kilalka / Sheikh Nuur East),"Maternal and child care dispensary center in Kilalka / Sheikh Nuur East residential & commercial grid, Hargeisa",9.56843,44.08992,Hospitals & Healthcare,hospital,Kilalka / Sheikh Nuur East,False,HeartPulse,Cusbitaallada & Rugaha Caafimaadka
wda_farmasiga_shacabka_caafimaadka_e_1003,Farmasiga Shacabka & Caafimaadka ee Qaybta 1003 (Goljano District),"24/7 community pharmacy and dispensary outpost in Goljano District residential & commercial grid, Hargeisa",9.55535,44.07708,Hospitals & Healthcare,hospital,Goljano District,False,HeartPulse,Cusbitaallada & Rugaha Caafimaadka
wda_dugsiga_hoose_dhexe_ee_waxbarash_1004,Dugsiga Hoose/Dhexe ee Waxbarashada Qaybta 1004 (Biyo Dhacay Area),"Public primary & intermediate school campus in Biyo Dhacay Area residential & commercial grid, Hargeisa",9.55306,44.07041,Schools & Universities,school,Biyo Dhacay Area,False,GraduationCap,Dugsiyada & Waxbarashada
wda_akadeemiyada_casriga_ah_ee_qaybt_1005,Akadeemiyada Casriga ah ee Qaybta 1005 (Xero Awr / Hero Awr),"Modern high school and STEM educational institute in Xero Awr / Hero Awr residential & commercial grid, Hargeisa",9.56305,44.04458,Schools & Universities,school,Xero Awr / Hero Awr,False,GraduationCap,Dugsiyada & Waxbarashada
wda_machadka_tababarka_xirfadaha_ee__1006,Machadka Tababarka Xirfadaha ee Qaybta 1006 (Downtown Waheen),"Vocational and technical training college center in Downtown Waheen residential & commercial grid, Hargeisa",9.56123,44.07265,Schools & Universities,university,Downtown Waheen,False,GraduationCap,Jaamacadaha & Kuliyadaha
wda_masjidka_jaamaca_ee_qaybta_1007__1007,Masjidka Jaamaca ee Qaybta 1007 (Jigjiga Yar),"Congregational Friday mosque with community prayer hall in Jigjiga Yar residential & commercial grid, Hargeisa",9.57704,44.04082,Mosques (Masaajidda),place_of_worship,Jigjiga Yar,False,Moon,Masaajidda
wda_masjidka_al_imaan_ee_qaybta_1008_1008,Masjidka Al-Imaan ee Qaybta 1008 (Ahmed Dhagax),"Neighborhood community mosque and Quranic learning hub in Ahmed Dhagax residential & commercial grid, Hargeisa",9.55385,44.05698,Mosques (Masaajidda),place_of_worship,Ahmed Dhagax,False,Moon,Masaajidda
wda_suuqa_khdaarta_iyo_ganacsiga_ee__1009,Suuqa Khdaarta iyo Ganacsiga ee Qaybta 1009 (150 Highway),"Neighborhood open-air fresh market and commercial trade zone in 150 Highway residential & commercial grid, Hargeisa",9.58016,44.06014,Markets & Malls,mall,150 Highway,False,ShoppingBag,Suuqyada & Xarumaha Ganacsiga
wda_xarunta_ganacsiga_supermarket_ee_1010,Xarunta Ganacsiga & Supermarket ee Qaybta 1010 (Shaab / Institutional District),"Modern multi-store retail grocery and provisions shopping center in Shaab / Institutional District residential & commercial grid, Hargeisa",9.55811,44.06343,Markets & Malls,mall,Shaab / Institutional District,False,ShoppingBag,Suuqyada & Xarumaha Ganacsiga
wda_kaalinta_shidaalka_hass_national_1011,Kaalinta Shidaalka Hass / National ee Qaybta 1011 (Maxamed Mooge),"Service petrol station, diesel dispenser and tire service in Maxamed Mooge residential & commercial grid, Hargeisa",9.5176,44.11053,Fuel Stations (Kaalmaha Shidaalka),fuel,Maxamed Mooge,False,Fuel,Kaalmaha Shidaalka
wda_kaalinta_shidaalka_gaaska_ee_qay_1012,Kaalinta Shidaalka & Gaaska ee Qaybta 1012 (New Hargeisa),"Fuel station and LPG domestic gas distribution depot in New Hargeisa residential & commercial grid, Hargeisa",9.55279,44.10237,Fuel Stations (Kaalmaha Shidaalka),fuel,New Hargeisa,False,Fuel,Kaalmaha Shidaalka
wda_istaanka_gaadiidka_dadweynaha_ee_1013,Istaanka Gaadiidka Dadweynaha ee Qaybta 1013 (Daami),"Minibus terminal and designated passenger pick-and-drop stop in Daami residential & commercial grid, Hargeisa",9.57398,44.08821,Transport & Terminals,transit_station,Daami,False,Navigation,Istaannada & Gaadiidka
wda_isgoyska_weyn_ee_gaadiidka_ee_qa_1014,Isgoyska Weyn ee Gaadiidka ee Qaybta 1014 (Shiraaqle),"Major road intersection and inter-district transit artery in Shiraaqle residential & commercial grid, Hargeisa",9.56185,44.10898,Transport & Terminals,transit_station,Shiraaqle,False,Navigation,Istaannada & Gaadiidka
wda_huteelka_nasashada_martida_ee_qa_1015,Huteelka Nasashada & Martida ee Qaybta 1015 (Koodbuur),"Comfortable guest lodging and family dining restaurant in Koodbuur residential & commercial grid, Hargeisa",9.57292,44.04959,Hotels & Hospitality,hotel,Koodbuur,False,Hotel,Huteellada & Martida
wda_laanta_zaad_dahabshiil_ee_qaybta_1016,Laanta ZAAD & Dahabshiil ee Qaybta 1016 (Airport Zone / Masalaha),"Banking kiosk, e-remittance and ZAAD cash-in center in Airport Zone / Masalaha residential & commercial grid, Hargeisa",9.5204,44.09769,Banks & Financial,bank,Airport Zone / Masalaha,False,Landmark,Bangiyada & Xawaaladaha
wda_laanta_taaj_edahab_express_ee_qa_1017,Laanta TAAJ & Edahab Express ee Qaybta 1017 (Kilalka / Sheikh Nuur East),"Financial services, money transfer and remittance desk in Kilalka / Sheikh Nuur East residential & commercial grid, Hargeisa",9.57092,44.10209,Banks & Financial,bank,Kilalka / Sheikh Nuur East,False,Landmark,Bangiyada & Xawaaladaha
wda_xafiiska_adeegga_somtel_telesom__1018,Xafiiska Adeegga Somtel & Telesom ee Qaybta 1018 (Goljano District),"Telecommunications branch, SIM registration and fiber service hub in Goljano District residential & commercial grid, Hargeisa",9.55754,44.08782,Corporate & Utilities,corporate,Goljano District,False,Building2,Shirkadaha & Isgaadhsiinta
wda_xarunta_korontada_sompower_ee_qa_1019,Xarunta Korontada Sompower ee Qaybta 1019 (Biyo Dhacay Area),"District electrical distribution and bill payment center in Biyo Dhacay Area residential & commercial grid, Hargeisa",9.55511,44.08043,Corporate & Utilities,utility,Biyo Dhacay Area,False,Zap,Korontada & Biyaha
wda_xafiiska_waaxda_dowladda_hoose_e_1020,Xafiiska Waaxda Dowladda Hoose ee Qaybta 1020 (Xero Awr / Hero Awr),"Municipal sub-office and local civic administration center in Xero Awr / Hero Awr residential & commercial grid, Hargeisa",9.56524,44.05532,Government & Civic,government,Xero Awr / Hero Awr,False,Landmark,Hay'adaha Dowladda
wda_maqaayadda_cuntada_hiddaha_dhaqa_1021,Maqaayadda Cuntada Hiddaha & Dhaqanka ee Qaybta 1021 (Downtown Waheen),"Traditional Somali dishes and family restaurant in Downtown Waheen residential & commercial grid, Hargeisa",9.56568,44.06508,Restaurants & Cafes,restaurant,Downtown Waheen,False,Utensils,Maqaayadaha & Kafateeriyada
wda_kafateeriyada_qahwada_casriga_ah_1022,Kafateeriyada & Qahwada Casriga ah ee Qaybta 1022 (Jigjiga Yar),"Modern coffee house and light dining lounge in Jigjiga Yar residential & commercial grid, Hargeisa",9.5826,44.03135,Restaurants & Cafes,restaurant,Jigjiga Yar,False,Utensils,Maqaayadaha & Kafateeriyada
wda_xarunta_ngo_yada_iyo_samafalka_e_1023,Xarunta NGO-yada iyo Samafalka ee Qaybta 1023 (Ahmed Dhagax),"Non-governmental development agency & aid office in Ahmed Dhagax residential & commercial grid, Hargeisa",9.56052,44.04562,NGOs & Humanitarian,ngo,Ahmed Dhagax,False,Globe,Hay'adaha Samafalka (NGOs)
wda_jidka_iyo_wadada_weyn_ee_qaybta__1024,Jidka iyo Wadada Weyn ee Qaybta 1024 (150 Highway),"Major paved road corridor and arterial avenue in 150 Highway residential & commercial grid, Hargeisa",9.58794,44.04689,Roads & Arterials,arterial_road,150 Highway,False,Navigation,Waddooyinka & Jidadka
wda_xaafada_deganaanshaha_ee_qaybta__1025,Xaafada Deganaanshaha ee Qaybta 1025 (Shaab / Institutional District),"Quiet residential enclave and community living sector in Shaab / Institutional District residential & commercial grid, Hargeisa",9.5633,44.05459,Xaafadaha (Districts),neighborhood,Shaab / Institutional District,False,Home,Xaafadaha & Degmooyinka
wda_cusbitaalka_gurmadka_caafimaadka_1026,Cusbitaalka Gurmadka Caafimaadka ee Qaybta 1026 (Maxamed Mooge),"Specialized neighborhood clinic & emergency health post in Maxamed Mooge residential & commercial grid, Hargeisa",9.52575,44.09665,Hospitals & Healthcare,hospital,Maxamed Mooge,False,HeartPulse,Cusbitaallada & Rugaha Caafimaadka
wda_rugta_daryeelka_hooyada_dhallaan_1027,Rugta Daryeelka Hooyada & Dhallaanka ee Qaybta 1027 (New Hargeisa),"Maternal and child care dispensary center in New Hargeisa residential & commercial grid, Hargeisa",9.55983,44.09038,Hospitals & Healthcare,hospital,New Hargeisa,False,HeartPulse,Cusbitaallada & Rugaha Caafimaadka
wda_farmasiga_shacabka_caafimaadka_e_1028,Farmasiga Shacabka & Caafimaadka ee Qaybta 1028 (Daami),"24/7 community pharmacy and dispensary outpost in Daami residential & commercial grid, Hargeisa",9.57991,44.07811,Hospitals & Healthcare,hospital,Daami,False,HeartPulse,Cusbitaallada & Rugaha Caafimaadka
wda_dugsiga_hoose_dhexe_ee_waxbarash_1029,Dugsiga Hoose/Dhexe ee Waxbarashada Qaybta 1029 (Shiraaqle),"Public primary & intermediate school campus in Shiraaqle residential & commercial grid, Hargeisa",9.56852,44.09762,Schools & Universities,school,Shiraaqle,False,GraduationCap,Dugsiyada & Waxbarashada
wda_akadeemiyada_casriga_ah_ee_qaybt_1030,Akadeemiyada Casriga ah ee Qaybta 1030 (Koodbuur),"Modern high school and STEM educational institute in Koodbuur residential & commercial grid, Hargeisa",9.57922,44.03886,Schools & Universities,school,Koodbuur,False,GraduationCap,Dugsiyada & Waxbarashada
wda_machadka_tababarka_xirfadaha_ee__1031,Machadka Tababarka Xirfadaha ee Qaybta 1031 (Airport Zone / Masalaha),"Vocational and technical training college center in Airport Zone / Masalaha residential & commercial grid, Hargeisa",9.52967,44.08192,Schools & Universities,university,Airport Zone / Masalaha,False,GraduationCap,Jaamacadaha & Kuliyadaha
wda_masjidka_jaamaca_ee_qaybta_1032__1032,Masjidka Jaamaca ee Qaybta 1032 (Kilalka / Sheikh Nuur East),"Congregational Friday mosque with community prayer hall in Kilalka / Sheikh Nuur East residential & commercial grid, Hargeisa",9.57722,44.09136,Mosques (Masaajidda),place_of_worship,Kilalka / Sheikh Nuur East,False,Moon,Masaajidda
wda_masjidka_al_imaan_ee_qaybta_1033_1033,Masjidka Al-Imaan ee Qaybta 1033 (Goljano District),"Neighborhood community mosque and Quranic learning hub in Goljano District residential & commercial grid, Hargeisa",9.5631,44.07835,Mosques (Masaajidda),place_of_worship,Goljano District,False,Moon,Masaajidda
wda_suuqa_khdaarta_iyo_ganacsiga_ee__1034,Suuqa Khdaarta iyo Ganacsiga ee Qaybta 1034 (Biyo Dhacay Area),"Neighborhood open-air fresh market and commercial trade zone in Biyo Dhacay Area residential & commercial grid, Hargeisa",9.5603,44.07159,Markets & Malls,mall,Biyo Dhacay Area,False,ShoppingBag,Suuqyada & Xarumaha Ganacsiga
wda_xarunta_ganacsiga_supermarket_ee_1035,Xarunta Ganacsiga & Supermarket ee Qaybta 1035 (Xero Awr / Hero Awr),"Modern multi-store retail grocery and provisions shopping center in Xero Awr / Hero Awr residential & commercial grid, Hargeisa",9.5708,44.04585,Markets & Malls,mall,Xero Awr / Hero Awr,False,ShoppingBag,Suuqyada & Xarumaha Ganacsiga
wda_kaalinta_shidaalka_hass_national_1036,Kaalinta Shidaalka Hass / National ee Qaybta 1036 (Downtown Waheen),"Service petrol station, diesel dispenser and tire service in Downtown Waheen residential & commercial grid, Hargeisa",9.55732,44.06763,Fuel Stations (Kaalmaha Shidaalka),fuel,Downtown Waheen,False,Fuel,Kaalmaha Shidaalka
wda_kaalinta_shidaalka_gaaska_ee_qay_1037,Kaalinta Shidaalka & Gaaska ee Qaybta 1037 (Jigjiga Yar),"Fuel station and LPG domestic gas distribution depot in Jigjiga Yar residential & commercial grid, Hargeisa",9.57215,44.03454,Fuel Stations (Kaalmaha Shidaalka),fuel,Jigjiga Yar,False,Fuel,Kaalmaha Shidaalka
wda_istaanka_gaadiidka_dadweynaha_ee_1038,Istaanka Gaadiidka Dadweynaha ee Qaybta 1038 (Ahmed Dhagax),"Minibus terminal and designated passenger pick-and-drop stop in Ahmed Dhagax residential & commercial grid, Hargeisa",9.54798,44.04944,Transport & Terminals,transit_station,Ahmed Dhagax,False,Navigation,Istaannada & Gaadiidka
wda_isgoyska_weyn_ee_gaadiidka_ee_qa_1039,Isgoyska Weyn ee Gaadiidka ee Qaybta 1039 (150 Highway),"Major road intersection and inter-district transit artery in 150 Highway residential & commercial grid, Hargeisa",9.57331,44.05135,Transport & Terminals,transit_station,150 Highway,False,Navigation,Istaannada & Gaadiidka
wda_huteelka_nasashada_martida_ee_qa_1040,Huteelka Nasashada & Martida ee Qaybta 1040 (Shaab / Institutional District),"Comfortable guest lodging and family dining restaurant in Shaab / Institutional District residential & commercial grid, Hargeisa",9.55354,44.05757,Hotels & Hospitality,hotel,Shaab / Institutional District,False,Hotel,Huteellada & Martida
wda_laanta_zaad_dahabshiil_ee_qaybta_1041,Laanta ZAAD & Dahabshiil ee Qaybta 1041 (Maxamed Mooge),"Banking kiosk, e-remittance and ZAAD cash-in center in Maxamed Mooge residential & commercial grid, Hargeisa",9.51042,44.10132,Banks & Financial,bank,Maxamed Mooge,False,Landmark,Bangiyada & Xawaaladaha
wda_laanta_taaj_edahab_express_ee_qa_1042,Laanta TAAJ & Edahab Express ee Qaybta 1042 (New Hargeisa),"Financial services, money transfer and remittance desk in New Hargeisa residential & commercial grid, Hargeisa",9.54659,44.09441,Banks & Financial,bank,New Hargeisa,False,Landmark,Bangiyada & Xawaaladaha
wda_xafiiska_adeegga_somtel_telesom__1043,Xafiiska Adeegga Somtel & Telesom ee Qaybta 1043 (Daami),"Telecommunications branch, SIM registration and fiber service hub in Daami residential & commercial grid, Hargeisa",9.56876,44.08151,Corporate & Utilities,corporate,Daami,False,Building2,Shirkadaha & Isgaadhsiinta
wda_xarunta_korontada_sompower_ee_qa_1044,Xarunta Korontada Sompower ee Qaybta 1044 (Shiraaqle),"District electrical distribution and bill payment center in Shiraaqle residential & commercial grid, Hargeisa",9.55598,44.10144,Corporate & Utilities,utility,Shiraaqle,False,Zap,Korontada & Biyaha
wda_xafiiska_waaxda_dowladda_hoose_e_1045,Xafiiska Waaxda Dowladda Hoose ee Qaybta 1045 (Koodbuur),"Municipal sub-office and local civic administration center in Koodbuur residential & commercial grid, Hargeisa",9.56737,44.04248,Government & Civic,government,Koodbuur,False,Landmark,Hay'adaha Dowladda
wda_maqaayadda_cuntada_hiddaha_dhaqa_1046,Maqaayadda Cuntada Hiddaha & Dhaqanka ee Qaybta 1046 (Airport Zone / Masalaha),"Traditional Somali dishes and family restaurant in Airport Zone / Masalaha residential & commercial grid, Hargeisa",9.51224,44.08723,Restaurants & Cafes,restaurant,Airport Zone / Masalaha,False,Utensils,Maqaayadaha & Kafateeriyada
wda_kafateeriyada_qahwada_casriga_ah_1047,Kafateeriyada & Qahwada Casriga ah ee Qaybta 1047 (Kilalka / Sheikh Nuur East),"Modern coffee house and light dining lounge in Kilalka / Sheikh Nuur East residential & commercial grid, Hargeisa",9.56537,44.09498,Restaurants & Cafes,restaurant,Kilalka / Sheikh Nuur East,False,Utensils,Maqaayadaha & Kafateeriyada
wda_xarunta_ngo_yada_iyo_samafalka_e_1048,Xarunta NGO-yada iyo Samafalka ee Qaybta 1048 (Goljano District),"Non-governmental development agency & aid office in Goljano District residential & commercial grid, Hargeisa",9.55265,44.08154,NGOs & Humanitarian,ngo,Goljano District,False,Globe,Hay'adaha Samafalka (NGOs)
wda_jidka_iyo_wadada_weyn_ee_qaybta__1049,Jidka iyo Wadada Weyn ee Qaybta 1049 (Biyo Dhacay Area),"Major paved road corridor and arterial avenue in Biyo Dhacay Area residential & commercial grid, Hargeisa",9.55054,44.07457,Roads & Arterials,arterial_road,Biyo Dhacay Area,False,Navigation,Waddooyinka & Jidadka
wda_xaafada_deganaanshaha_ee_qaybta__1050,Xaafada Deganaanshaha ee Qaybta 1050 (Xero Awr / Hero Awr),"Quiet residential enclave and community living sector in Xero Awr / Hero Awr residential & commercial grid, Hargeisa",9.56035,44.04904,Xaafadaha (Districts),neighborhood,Xero Awr / Hero Awr,False,Home,Xaafadaha & Degmooyinka
wda_cusbitaalka_gurmadka_caafimaadka_1051,Cusbitaalka Gurmadka Caafimaadka ee Qaybta 1051 (Downtown Waheen),"Specialized neighborhood clinic & emergency health post in Downtown Waheen residential & commercial grid, Hargeisa",9.56522,44.0715,Hospitals & Healthcare,hospital,Downtown Waheen,False,HeartPulse,Cusbitaallada & Rugaha Caafimaadka
wda_rugta_daryeelka_hooyada_dhallaan_1052,Rugta Daryeelka Hooyada & Dhallaanka ee Qaybta 1052 (Jigjiga Yar),"Maternal and child care dispensary center in Jigjiga Yar residential & commercial grid, Hargeisa",9.58203,44.03937,Hospitals & Healthcare,hospital,Jigjiga Yar,False,HeartPulse,Cusbitaallada & Rugaha Caafimaadka
wda_farmasiga_shacabka_caafimaadka_e_1053,Farmasiga Shacabka & Caafimaadka ee Qaybta 1053 (Ahmed Dhagax),"24/7 community pharmacy and dispensary outpost in Ahmed Dhagax residential & commercial grid, Hargeisa",9.55983,44.05525,Hospitals & Healthcare,hospital,Ahmed Dhagax,False,HeartPulse,Cusbitaallada & Rugaha Caafimaadka
wda_dugsiga_hoose_dhexe_ee_waxbarash_1054,Dugsiga Hoose/Dhexe ee Waxbarashada Qaybta 1054 (150 Highway),"Public primary & intermediate school campus in 150 Highway residential & commercial grid, Hargeisa",9.58714,44.05812,Schools & Universities,school,150 Highway,False,GraduationCap,Dugsiyada & Waxbarashada
wda_akadeemiyada_casriga_ah_ee_qaybt_1055,Akadeemiyada Casriga ah ee Qaybta 1055 (Shaab / Institutional District),"Modern high school and STEM educational institute in Shaab / Institutional District residential & commercial grid, Hargeisa",9.56276,44.06208,Schools & Universities,school,Shaab / Institutional District,False,GraduationCap,Dugsiyada & Waxbarashada
wda_machadka_tababarka_xirfadaha_ee__1056,Machadka Tababarka Xirfadaha ee Qaybta 1056 (Maxamed Mooge),"Vocational and technical training college center in Maxamed Mooge residential & commercial grid, Hargeisa",9.52491,44.10841,Schools & Universities,university,Maxamed Mooge,False,GraduationCap,Jaamacadaha & Kuliyadaha
wda_masjidka_jaamaca_ee_qaybta_1057__1057,Masjidka Jaamaca ee Qaybta 1057 (New Hargeisa),"Congregational Friday mosque with community prayer hall in New Hargeisa residential & commercial grid, Hargeisa",9.5591,44.10054,Mosques (Masaajidda),place_of_worship,New Hargeisa,False,Moon,Masaajidda
wda_masjidka_al_imaan_ee_qaybta_1058_1058,Masjidka Al-Imaan ee Qaybta 1058 (Daami),"Neighborhood community mosque and Quranic learning hub in Daami residential & commercial grid, Hargeisa",9.5793,44.08666,Mosques (Masaajidda),place_of_worship,Daami,False,Moon,Masaajidda
wda_suuqa_khdaarta_iyo_ganacsiga_ee__1059,Suuqa Khdaarta iyo Ganacsiga ee Qaybta 1059 (Shiraaqle),"Neighborhood open-air fresh market and commercial trade zone in Shiraaqle residential & commercial grid, Hargeisa",9.56783,44.10725,Markets & Malls,mall,Shiraaqle,False,ShoppingBag,Suuqyada & Xarumaha Ganacsiga
wda_xarunta_ganacsiga_supermarket_ee_1060,Xarunta Ganacsiga & Supermarket ee Qaybta 1060 (Koodbuur),"Modern multi-store retail grocery and provisions shopping center in Koodbuur residential & commercial grid, Hargeisa",9.57856,44.04795,Markets & Malls,mall,Koodbuur,False,ShoppingBag,Suuqyada & Xarumaha Ganacsiga
wda_kaalinta_shidaalka_hass_national_1061,Kaalinta Shidaalka Hass / National ee Qaybta 1061 (Airport Zone / Masalaha),"Service petrol station, diesel dispenser and tire service in Airport Zone / Masalaha residential & commercial grid, Hargeisa",9.52871,44.09528,Fuel Stations (Kaalmaha Shidaalka),fuel,Airport Zone / Masalaha,False,Fuel,Kaalmaha Shidaalka
wda_kaalinta_shidaalka_gaaska_ee_qay_1062,Kaalinta Shidaalka & Gaaska ee Qaybta 1062 (Kilalka / Sheikh Nuur East),"Fuel station and LPG domestic gas distribution depot in Kilalka / Sheikh Nuur East residential & commercial grid, Hargeisa",9.57656,44.10045,Fuel Stations (Kaalmaha Shidaalka),fuel,Kilalka / Sheikh Nuur East,False,Fuel,Kaalmaha Shidaalka
wda_istaanka_gaadiidka_dadweynaha_ee_1063,Istaanka Gaadiidka Dadweynaha ee Qaybta 1063 (Goljano District),"Minibus terminal and designated passenger pick-and-drop stop in Goljano District residential & commercial grid, Hargeisa",9.56253,44.08637,Transport & Terminals,transit_station,Goljano District,False,Navigation,Istaannada & Gaadiidka
wda_isgoyska_weyn_ee_gaadiidka_ee_qa_1064,Isgoyska Weyn ee Gaadiidka ee Qaybta 1064 (Biyo Dhacay Area),"Major road intersection and inter-district transit artery in Biyo Dhacay Area residential & commercial grid, Hargeisa",9.55976,44.07908,Transport & Terminals,transit_station,Biyo Dhacay Area,False,Navigation,Istaannada & Gaadiidka
wda_huteelka_nasashada_martida_ee_qa_1065,Huteelka Nasashada & Martida ee Qaybta 1065 (Xero Awr / Hero Awr),"Comfortable guest lodging and family dining restaurant in Xero Awr / Hero Awr residential & commercial grid, Hargeisa",9.57023,44.05387,Hotels & Hospitality,hotel,Xero Awr / Hero Awr,False,Hotel,Huteellada & Martida
wda_laanta_zaad_dahabshiil_ee_qaybta_1066,Laanta ZAAD & Dahabshiil ee Qaybta 1066 (Downtown Waheen),"Banking kiosk, e-remittance and ZAAD cash-in center in Downtown Waheen residential & commercial grid, Hargeisa",9.56195,44.06319,Banks & Financial,bank,Downtown Waheen,False,Landmark,Bangiyada & Xawaaladaha
wda_laanta_taaj_edahab_express_ee_qa_1067,Laanta TAAJ & Edahab Express ee Qaybta 1067 (Jigjiga Yar),"Financial services, money transfer and remittance desk in Jigjiga Yar residential & commercial grid, Hargeisa",9.57794,44.02899,Banks & Financial,bank,Jigjiga Yar,False,Landmark,Bangiyada & Xawaaladaha
wda_xafiiska_adeegga_somtel_telesom__1068,Xafiiska Adeegga Somtel & Telesom ee Qaybta 1068 (Ahmed Dhagax),"Telecommunications branch, SIM registration and fiber service hub in Ahmed Dhagax residential & commercial grid, Hargeisa",9.55493,44.04279,Corporate & Utilities,corporate,Ahmed Dhagax,False,Building2,Shirkadaha & Isgaadhsiinta
wda_xarunta_korontada_sompower_ee_qa_1069,Xarunta Korontada Sompower ee Qaybta 1069 (150 Highway),"District electrical distribution and bill payment center in 150 Highway residential & commercial grid, Hargeisa",9.58142,44.04359,Corporate & Utilities,utility,150 Highway,False,Zap,Korontada & Biyaha
wda_xafiiska_waaxda_dowladda_hoose_e_1070,Xafiiska Waaxda Dowladda Hoose ee Qaybta 1070 (Shaab / Institutional District),"Municipal sub-office and local civic administration center in Shaab / Institutional District residential & commercial grid, Hargeisa",9.55895,44.05239,Government & Civic,government,Shaab / Institutional District,False,Landmark,Hay'adaha Dowladda
wda_maqaayadda_cuntada_hiddaha_dhaqa_1071,Maqaayadda Cuntada Hiddaha & Dhaqanka ee Qaybta 1071 (Maxamed Mooge),"Traditional Somali dishes and family restaurant in Maxamed Mooge residential & commercial grid, Hargeisa",9.51892,44.09319,Restaurants & Cafes,restaurant,Maxamed Mooge,False,Utensils,Maqaayadaha & Kafateeriyada
wda_kafateeriyada_qahwada_casriga_ah_1072,Kafateeriyada & Qahwada Casriga ah ee Qaybta 1072 (New Hargeisa),"Modern coffee house and light dining lounge in New Hargeisa residential & commercial grid, Hargeisa",9.55393,44.08739,Restaurants & Cafes,restaurant,New Hargeisa,False,Utensils,Maqaayadaha & Kafateeriyada
wda_xarunta_ngo_yada_iyo_samafalka_e_1073,Xarunta NGO-yada iyo Samafalka ee Qaybta 1073 (Daami),"Non-governmental development agency & aid office in Daami residential & commercial grid, Hargeisa",9.57494,44.07559,NGOs & Humanitarian,ngo,Daami,False,Globe,Hay'adaha Samafalka (NGOs)
wda_jidka_iyo_wadada_weyn_ee_qaybta__1074,Jidka iyo Wadada Weyn ee Qaybta 1074 (Shiraaqle),"Major paved road corridor and arterial avenue in Shiraaqle residential & commercial grid, Hargeisa",9.56293,44.09479,Roads & Arterials,arterial_road,Shiraaqle,False,Navigation,Waddooyinka & Jidadka
wda_xaafada_deganaanshaha_ee_qaybta__1075,Xaafada Deganaanshaha ee Qaybta 1075 (Koodbuur),"Quiet residential enclave and community living sector in Koodbuur residential & commercial grid, Hargeisa",9.57393,44.03619,Xaafadaha (Districts),neighborhood,Koodbuur,False,Home,Xaafadaha & Degmooyinka
wda_cusbitaalka_gurmadka_caafimaadka_1076,Cusbitaalka Gurmadka Caafimaadka ee Qaybta 1076 (Airport Zone / Masalaha),"Specialized neighborhood clinic & emergency health post in Airport Zone / Masalaha residential & commercial grid, Hargeisa",9.5219,44.07799,Hospitals & Healthcare,hospital,Airport Zone / Masalaha,False,HeartPulse,Cusbitaallada & Rugaha Caafimaadka
wda_rugta_daryeelka_hooyada_dhallaan_1077,Rugta Daryeelka Hooyada & Dhallaanka ee Qaybta 1077 (Kilalka / Sheikh Nuur East),"Maternal and child care dispensary center in Kilalka / Sheikh Nuur East residential & commercial grid, Hargeisa",9.57193,44.08869,Hospitals & Healthcare,hospital,Kilalka / Sheikh Nuur East,False,HeartPulse,Cusbitaallada & Rugaha Caafimaadka
wda_farmasiga_shacabka_caafimaadka_e_1078,Farmasiga Shacabka & Caafimaadka ee Qaybta 1078 (Goljano District),"24/7 community pharmacy and dispensary outpost in Goljano District residential & commercial grid, Hargeisa",9.55844,44.07599,Hospitals & Healthcare,hospital,Goljano District,False,HeartPulse,Cusbitaallada & Rugaha Caafimaadka
wda_dugsiga_hoose_dhexe_ee_waxbarash_1079,Dugsiga Hoose/Dhexe ee Waxbarashada Qaybta 1079 (Biyo Dhacay Area),"Public primary & intermediate school campus in Biyo Dhacay Area residential & commercial grid, Hargeisa",9.55595,44.06939,Schools & Universities,school,Biyo Dhacay Area,False,GraduationCap,Dugsiyada & Waxbarashada
wda_akadeemiyada_casriga_ah_ee_qaybt_1080,Akadeemiyada Casriga ah ee Qaybta 1080 (Xero Awr / Hero Awr),"Modern high school and STEM educational institute in Xero Awr / Hero Awr residential & commercial grid, Hargeisa",9.56614,44.04349,Schools & Universities,school,Xero Awr / Hero Awr,False,GraduationCap,Dugsiyada & Waxbarashada
wda_machadka_tababarka_xirfadaha_ee__1081,Machadka Tababarka Xirfadaha ee Qaybta 1081 (Downtown Waheen),"Vocational and technical training college center in Downtown Waheen residential & commercial grid, Hargeisa",9.55882,44.07159,Schools & Universities,university,Downtown Waheen,False,GraduationCap,Jaamacadaha & Kuliyadaha
wda_masjidka_jaamaca_ee_qaybta_1082__1082,Masjidka Jaamaca ee Qaybta 1082 (Jigjiga Yar),"Congregational Friday mosque with community prayer hall in Jigjiga Yar residential & commercial grid, Hargeisa",9.57402,44.03949,Mosques (Masaajidda),place_of_worship,Jigjiga Yar,False,Moon,Masaajidda
wda_masjidka_al_imaan_ee_qaybta_1083_1083,Masjidka Al-Imaan ee Qaybta 1083 (Ahmed Dhagax),"Neighborhood community mosque and Quranic learning hub in Ahmed Dhagax residential & commercial grid, Hargeisa",9.55023,44.05539,Mosques (Masaajidda),place_of_worship,Ahmed Dhagax,False,Moon,Masaajidda
wda_suuqa_khdaarta_iyo_ganacsiga_ee__1084,Suuqa Khdaarta iyo Ganacsiga ee Qaybta 1084 (150 Highway),"Neighborhood open-air fresh market and commercial trade zone in 150 Highway residential & commercial grid, Hargeisa",9.57593,44.05829,Markets & Malls,mall,150 Highway,False,ShoppingBag,Suuqyada & Xarumaha Ganacsiga
wda_xarunta_ganacsiga_supermarket_ee_1085,Xarunta Ganacsiga & Supermarket ee Qaybta 1085 (Shaab / Institutional District),"Modern multi-store retail grocery and provisions shopping center in Shaab / Institutional District residential & commercial grid, Hargeisa",9.55529,44.06219,Markets & Malls,mall,Shaab / Institutional District,False,ShoppingBag,Suuqyada & Xarumaha Ganacsiga
wda_kaalinta_shidaalka_hass_national_1086,Kaalinta Shidaalka Hass / National ee Qaybta 1086 (Maxamed Mooge),"Service petrol station, diesel dispenser and tire service in Maxamed Mooge residential & commercial grid, Hargeisa",9.51317,44.10859,Fuel Stations (Kaalmaha Shidaalka),fuel,Maxamed Mooge,False,Fuel,Kaalmaha Shidaalka
wda_kaalinta_shidaalka_gaaska_ee_qay_1087,Kaalinta Shidaalka & Gaaska ee Qaybta 1087 (New Hargeisa),"Fuel station and LPG domestic gas distribution depot in New Hargeisa residential & commercial grid, Hargeisa",9.54896,44.10069,Fuel Stations (Kaalmaha Shidaalka),fuel,New Hargeisa,False,Fuel,Kaalmaha Shidaalka
wda_istaanka_gaadiidka_dadweynaha_ee_1088,Istaanka Gaadiidka Dadweynaha ee Qaybta 1088 (Daami),"Minibus terminal and designated passenger pick-and-drop stop in Daami residential & commercial grid, Hargeisa",9.57076,44.08679,Transport & Terminals,transit_station,Daami,False,Navigation,Istaannada & Gaadiidka
wda_isgoyska_weyn_ee_gaadiidka_ee_qa_1089,Isgoyska Weyn ee Gaadiidka ee Qaybta 1089 (Shiraaqle),"Major road intersection and inter-district transit artery in Shiraaqle residential & commercial grid, Hargeisa",9.55823,44.10739,Transport & Terminals,transit_station,Shiraaqle,False,Navigation,Istaannada & Gaadiidka
wda_huteelka_nasashada_martida_ee_qa_1090,Huteelka Nasashada & Martida ee Qaybta 1090 (Koodbuur),"Comfortable guest lodging and family dining restaurant in Koodbuur residential & commercial grid, Hargeisa",9.56949,44.04809,Hotels & Hospitality,hotel,Koodbuur,False,Hotel,Huteellada & Martida
wda_laanta_zaad_dahabshiil_ee_qaybta_1091,Laanta ZAAD & Dahabshiil ee Qaybta 1091 (Airport Zone / Masalaha),"Banking kiosk, e-remittance and ZAAD cash-in center in Airport Zone / Masalaha residential & commercial grid, Hargeisa",9.51537,44.09548,Banks & Financial,bank,Airport Zone / Masalaha,False,Landmark,Bangiyada & Xawaaladaha
wda_laanta_taaj_edahab_express_ee_qa_1092,Laanta TAAJ & Edahab Express ee Qaybta 1092 (Kilalka / Sheikh Nuur East),"Financial services, money transfer and remittance desk in Kilalka / Sheikh Nuur East residential & commercial grid, Hargeisa",9.56749,44.10059,Banks & Financial,bank,Kilalka / Sheikh Nuur East,False,Landmark,Bangiyada & Xawaaladaha
wda_xafiiska_adeegga_somtel_telesom__1093,Xafiiska Adeegga Somtel & Telesom ee Qaybta 1093 (Goljano District),"Telecommunications branch, SIM registration and fiber service hub in Goljano District residential & commercial grid, Hargeisa",9.55452,44.08649,Corporate & Utilities,corporate,Goljano District,False,Building2,Shirkadaha & Isgaadhsiinta
wda_xarunta_korontada_sompower_ee_qa_1094,Xarunta Korontada Sompower ee Qaybta 1094 (Biyo Dhacay Area),"District electrical distribution and bill payment center in Biyo Dhacay Area residential & commercial grid, Hargeisa",9.55229,44.07919,Corporate & Utilities,utility,Biyo Dhacay Area,False,Zap,Korontada & Biyaha
wda_xafiiska_waaxda_dowladda_hoose_e_1095,Xafiiska Waaxda Dowladda Hoose ee Qaybta 1095 (Xero Awr / Hero Awr),"Municipal sub-office and local civic administration center in Xero Awr / Hero Awr residential & commercial grid, Hargeisa",9.56222,44.05399,Government & Civic,government,Xero Awr / Hero Awr,False,Landmark,Hay'adaha Dowladda
wda_maqaayadda_cuntada_hiddaha_dhaqa_1096,Maqaayadda Cuntada Hiddaha & Dhaqanka ee Qaybta 1096 (Downtown Waheen),"Traditional Somali dishes and family restaurant in Downtown Waheen residential & commercial grid, Hargeisa",9.56676,44.06753,Restaurants & Cafes,restaurant,Downtown Waheen,False,Utensils,Maqaayadaha & Kafateeriyada
wda_kafateeriyada_qahwada_casriga_ah_1097,Kafateeriyada & Qahwada Casriga ah ee Qaybta 1097 (Jigjiga Yar),"Modern coffee house and light dining lounge in Jigjiga Yar residential & commercial grid, Hargeisa",9.58395,44.03441,Restaurants & Cafes,restaurant,Jigjiga Yar,False,Utensils,Maqaayadaha & Kafateeriyada
wda_xarunta_ngo_yada_iyo_samafalka_e_1098,Xarunta NGO-yada iyo Samafalka ee Qaybta 1098 (Ahmed Dhagax),"Non-governmental development agency & aid office in Ahmed Dhagax residential & commercial grid, Hargeisa",9.56214,44.04929,NGOs & Humanitarian,ngo,Ahmed Dhagax,False,Globe,Hay'adaha Samafalka (NGOs)
wda_jidka_iyo_wadada_weyn_ee_qaybta__1099,Jidka iyo Wadada Weyn ee Qaybta 1099 (150 Highway),"Major paved road corridor and arterial avenue in 150 Highway residential & commercial grid, Hargeisa",9.58983,44.05118,Roads & Arterials,arterial_road,150 Highway,False,Navigation,Waddooyinka & Jidadka
wda_xaafada_deganaanshaha_ee_qaybta__1100,Xaafada Deganaanshaha ee Qaybta 1100 (Shaab / Institutional District),"Quiet residential enclave and community living sector in Shaab / Institutional District residential & commercial grid, Hargeisa",9.56455,44.05745,Xaafadaha (Districts),neighborhood,Shaab / Institutional District,False,Home,Xaafadaha & Degmooyinka
wda_cusbitaalka_gurmadka_caafimaadka_1101,Cusbitaalka Gurmadka Caafimaadka ee Qaybta 1101 (Maxamed Mooge),"Specialized neighborhood clinic & emergency health post in Maxamed Mooge residential & commercial grid, Hargeisa",9.52773,44.10114,Hospitals & Healthcare,hospital,Maxamed Mooge,False,HeartPulse,Cusbitaallada & Rugaha Caafimaadka
wda_rugta_daryeelka_hooyada_dhallaan_1102,Rugta Daryeelka Hooyada & Dhallaanka ee Qaybta 1102 (New Hargeisa),"Maternal and child care dispensary center in New Hargeisa residential & commercial grid, Hargeisa",9.56154,44.09425,Hospitals & Healthcare,hospital,New Hargeisa,False,HeartPulse,Cusbitaallada & Rugaha Caafimaadka
wda_farmasiga_shacabka_caafimaadka_e_1103,Farmasiga Shacabka & Caafimaadka ee Qaybta 1103 (Daami),"24/7 community pharmacy and dispensary outpost in Daami residential & commercial grid, Hargeisa",9.58135,44.08137,Hospitals & Healthcare,hospital,Daami,False,HeartPulse,Cusbitaallada & Rugaha Caafimaadka
wda_dugsiga_hoose_dhexe_ee_waxbarash_1104,Dugsiga Hoose/Dhexe ee Waxbarashada Qaybta 1104 (Shiraaqle),"Public primary & intermediate school campus in Shiraaqle residential & commercial grid, Hargeisa",9.57014,44.10129,Schools & Universities,school,Shiraaqle,False,GraduationCap,Dugsiyada & Waxbarashada
wda_akadeemiyada_casriga_ah_ee_qaybt_1105,Akadeemiyada Casriga ah ee Qaybta 1105 (Koodbuur),"Modern high school and STEM educational institute in Koodbuur residential & commercial grid, Hargeisa",9.58074,44.04233,Schools & Universities,school,Koodbuur,False,GraduationCap,Dugsiyada & Waxbarashada
wda_machadka_tababarka_xirfadaha_ee__1106,Machadka Tababarka Xirfadaha ee Qaybta 1106 (Airport Zone / Masalaha),"Vocational and technical training college center in Airport Zone / Masalaha residential & commercial grid, Hargeisa",9.53192,44.08702,Schools & Universities,university,Airport Zone / Masalaha,False,GraduationCap,Jaamacadaha & Kuliyadaha
wda_masjidka_jaamaca_ee_qaybta_1107__1107,Masjidka Jaamaca ee Qaybta 1107 (Kilalka / Sheikh Nuur East),"Congregational Friday mosque with community prayer hall in Kilalka / Sheikh Nuur East residential & commercial grid, Hargeisa",9.57874,44.09483,Mosques (Masaajidda),place_of_worship,Kilalka / Sheikh Nuur East,False,Moon,Masaajidda
wda_masjidka_al_imaan_ee_qaybta_1108_1108,Masjidka Al-Imaan ee Qaybta 1108 (Goljano District),"Neighborhood community mosque and Quranic learning hub in Goljano District residential & commercial grid, Hargeisa",9.56445,44.08141,Mosques (Masaajidda),place_of_worship,Goljano District,False,Moon,Masaajidda
wda_suuqa_khdaarta_iyo_ganacsiga_ee__1109,Suuqa Khdaarta iyo Ganacsiga ee Qaybta 1109 (Biyo Dhacay Area),"Neighborhood open-air fresh market and commercial trade zone in Biyo Dhacay Area residential & commercial grid, Hargeisa",9.56155,44.07445,Markets & Malls,mall,Biyo Dhacay Area,False,ShoppingBag,Suuqyada & Xarumaha Ganacsiga
wda_xarunta_ganacsiga_supermarket_ee_1110,Xarunta Ganacsiga & Supermarket ee Qaybta 1110 (Xero Awr / Hero Awr),"Modern multi-store retail grocery and provisions shopping center in Xero Awr / Hero Awr residential & commercial grid, Hargeisa",9.57215,44.04891,Markets & Malls,mall,Xero Awr / Hero Awr,False,ShoppingBag,Suuqyada & Xarumaha Ganacsiga
wda_kaalinta_shidaalka_hass_national_1111,Kaalinta Shidaalka Hass / National ee Qaybta 1111 (Downtown Waheen),"Service petrol station, diesel dispenser and tire service in Downtown Waheen residential & commercial grid, Hargeisa",9.55816,44.06507,Fuel Stations (Kaalmaha Shidaalka),fuel,Downtown Waheen,False,Fuel,Kaalmaha Shidaalka
wda_kaalinta_shidaalka_gaaska_ee_qay_1112,Kaalinta Shidaalka & Gaaska ee Qaybta 1112 (Jigjiga Yar),"Fuel station and LPG domestic gas distribution depot in Jigjiga Yar residential & commercial grid, Hargeisa",9.5732,44.03134,Fuel Stations (Kaalmaha Shidaalka),fuel,Jigjiga Yar,False,Fuel,Kaalmaha Shidaalka
wda_istaanka_gaadiidka_dadweynaha_ee_1113,Istaanka Gaadiidka Dadweynaha ee Qaybta 1113 (Ahmed Dhagax),"Minibus terminal and designated passenger pick-and-drop stop in Ahmed Dhagax residential & commercial grid, Hargeisa",9.54924,44.04561,Transport & Terminals,transit_station,Ahmed Dhagax,False,Navigation,Istaannada & Gaadiidka
wda_isgoyska_weyn_ee_gaadiidka_ee_qa_1114,Isgoyska Weyn ee Gaadiidka ee Qaybta 1114 (150 Highway),"Major road intersection and inter-district transit artery in 150 Highway residential & commercial grid, Hargeisa",9.57478,44.04688,Transport & Terminals,transit_station,150 Highway,False,Navigation,Istaannada & Gaadiidka
wda_huteelka_nasashada_martida_ee_qa_1115,Huteelka Nasashada & Martida ee Qaybta 1115 (Shaab / Institutional District),"Comfortable guest lodging and family dining restaurant in Shaab / Institutional District residential & commercial grid, Hargeisa",9.55452,44.05459,Hotels & Hospitality,hotel,Shaab / Institutional District,False,Hotel,Huteellada & Martida
wda_laanta_zaad_dahabshiil_ee_qaybta_1116,Laanta ZAAD & Dahabshiil ee Qaybta 1116 (Maxamed Mooge),"Banking kiosk, e-remittance and ZAAD cash-in center in Maxamed Mooge residential & commercial grid, Hargeisa",9.51196,44.09663,Banks & Financial,bank,Maxamed Mooge,False,Landmark,Bangiyada & Xawaaladaha
wda_laanta_taaj_edahab_express_ee_qa_1117,Laanta TAAJ & Edahab Express ee Qaybta 1117 (New Hargeisa),"Financial services, money transfer and remittance desk in New Hargeisa residential & commercial grid, Hargeisa",9.54792,44.09037,Banks & Financial,bank,New Hargeisa,False,Landmark,Bangiyada & Xawaaladaha
wda_xafiiska_adeegga_somtel_telesom__1118,Xafiiska Adeegga Somtel & Telesom ee Qaybta 1118 (Daami),"Telecommunications branch, SIM registration and fiber service hub in Daami residential & commercial grid, Hargeisa",9.56988,44.0781,Corporate & Utilities,corporate,Daami,False,Building2,Shirkadaha & Isgaadhsiinta
wda_xarunta_korontada_sompower_ee_qa_1119,Xarunta Korontada Sompower ee Qaybta 1119 (Shiraaqle),"District electrical distribution and bill payment center in Shiraaqle residential & commercial grid, Hargeisa",9.55724,44.09761,Corporate & Utilities,utility,Shiraaqle,False,Zap,Korontada & Biyaha
wda_xafiiska_waaxda_dowladda_hoose_e_1120,Xafiiska Waaxda Dowladda Hoose ee Qaybta 1120 (Koodbuur),"Municipal sub-office and local civic administration center in Koodbuur residential & commercial grid, Hargeisa",9.56856,44.03885,Government & Civic,government,Koodbuur,False,Landmark,Hay'adaha Dowladda
wda_maqaayadda_cuntada_hiddaha_dhaqa_1121,Maqaayadda Cuntada Hiddaha & Dhaqanka ee Qaybta 1121 (Airport Zone / Masalaha),"Traditional Somali dishes and family restaurant in Airport Zone / Masalaha residential & commercial grid, Hargeisa",9.514,44.0819,Restaurants & Cafes,restaurant,Airport Zone / Masalaha,False,Utensils,Maqaayadaha & Kafateeriyada
wda_kafateeriyada_qahwada_casriga_ah_1122,Kafateeriyada & Qahwada Casriga ah ee Qaybta 1122 (Kilalka / Sheikh Nuur East),"Modern coffee house and light dining lounge in Kilalka / Sheikh Nuur East residential & commercial grid, Hargeisa",9.56656,44.09135,Restaurants & Cafes,restaurant,Kilalka / Sheikh Nuur East,False,Utensils,Maqaayadaha & Kafateeriyada
wda_xarunta_ngo_yada_iyo_samafalka_e_1123,Xarunta NGO-yada iyo Samafalka ee Qaybta 1123 (Goljano District),"Non-governmental development agency & aid office in Goljano District residential & commercial grid, Hargeisa",9.5537,44.07834,NGOs & Humanitarian,ngo,Goljano District,False,Globe,Hay'adaha Samafalka (NGOs)
wda_jidka_iyo_wadada_weyn_ee_qaybta__1124,Jidka iyo Wadada Weyn ee Qaybta 1124 (Biyo Dhacay Area),"Major paved road corridor and arterial avenue in Biyo Dhacay Area residential & commercial grid, Hargeisa",9.55152,44.07159,Roads & Arterials,arterial_road,Biyo Dhacay Area,False,Navigation,Waddooyinka & Jidadka
wda_xaafada_deganaanshaha_ee_qaybta__1125,Xaafada Deganaanshaha ee Qaybta 1125 (Xero Awr / Hero Awr),"Quiet residential enclave and community living sector in Xero Awr / Hero Awr residential & commercial grid, Hargeisa",9.5614,44.04584,Xaafadaha (Districts),neighborhood,Xero Awr / Hero Awr,False,Home,Xaafadaha & Degmooyinka
wda_cusbitaalka_gurmadka_caafimaadka_1126,Cusbitaalka Gurmadka Caafimaadka ee Qaybta 1126 (Downtown Waheen),"Specialized neighborhood clinic & emergency health post in Downtown Waheen residential & commercial grid, Hargeisa",9.56289,44.07281,Hospitals & Healthcare,hospital,Downtown Waheen,False,HeartPulse,Cusbitaallada & Rugaha Caafimaadka
wda_rugta_daryeelka_hooyada_dhallaan_1127,Rugta Daryeelka Hooyada & Dhallaanka ee Qaybta 1127 (Jigjiga Yar),"Maternal and child care dispensary center in Jigjiga Yar residential & commercial grid, Hargeisa",9.57911,44.04101,Hospitals & Healthcare,hospital,Jigjiga Yar,False,HeartPulse,Cusbitaallada & Rugaha Caafimaadka
wda_farmasiga_shacabka_caafimaadka_e_1128,Farmasiga Shacabka & Caafimaadka ee Qaybta 1128 (Ahmed Dhagax),"24/7 community pharmacy and dispensary outpost in Ahmed Dhagax residential & commercial grid, Hargeisa",9.55633,44.05722,Hospitals & Healthcare,hospital,Ahmed Dhagax,False,HeartPulse,Cusbitaallada & Rugaha Caafimaadka
wda_dugsiga_hoose_dhexe_ee_waxbarash_1129,Dugsiga Hoose/Dhexe ee Waxbarashada Qaybta 1129 (150 Highway),"Public primary & intermediate school campus in 150 Highway residential & commercial grid, Hargeisa",9.58305,44.06042,Schools & Universities,school,150 Highway,False,GraduationCap,Dugsiyada & Waxbarashada
wda_akadeemiyada_casriga_ah_ee_qaybt_1130,Akadeemiyada Casriga ah ee Qaybta 1130 (Shaab / Institutional District),"Modern high school and STEM educational institute in Shaab / Institutional District residential & commercial grid, Hargeisa",9.56003,44.06361,Schools & Universities,school,Shaab / Institutional District,False,GraduationCap,Dugsiyada & Waxbarashada
wda_machadka_tababarka_xirfadaha_ee__1131,Machadka Tababarka Xirfadaha ee Qaybta 1131 (Maxamed Mooge),"Vocational and technical training college center in Maxamed Mooge residential & commercial grid, Hargeisa",9.52063,44.11082,Schools & Universities,university,Maxamed Mooge,False,GraduationCap,Jaamacadaha & Kuliyadaha
wda_masjidka_jaamaca_ee_qaybta_1132__1132,Masjidka Jaamaca ee Qaybta 1132 (New Hargeisa),"Congregational Friday mosque with community prayer hall in New Hargeisa residential & commercial grid, Hargeisa",9.5554,44.10262,Mosques (Masaajidda),place_of_worship,New Hargeisa,False,Moon,Masaajidda
wda_masjidka_al_imaan_ee_qaybta_1133_1133,Masjidka Al-Imaan ee Qaybta 1133 (Daami),"Neighborhood community mosque and Quranic learning hub in Daami residential & commercial grid, Hargeisa",9.57618,44.08841,Mosques (Masaajidda),place_of_worship,Daami,False,Moon,Masaajidda
wda_suuqa_khdaarta_iyo_ganacsiga_ee__1134,Suuqa Khdaarta iyo Ganacsiga ee Qaybta 1134 (Shiraaqle),"Neighborhood open-air fresh market and commercial trade zone in Shiraaqle residential & commercial grid, Hargeisa",9.56433,44.10922,Markets & Malls,mall,Shiraaqle,False,ShoppingBag,Suuqyada & Xarumaha Ganacsiga
wda_xarunta_ganacsiga_supermarket_ee_1135,Xarunta Ganacsiga & Supermarket ee Qaybta 1135 (Koodbuur),"Modern multi-store retail grocery and provisions shopping center in Koodbuur residential & commercial grid, Hargeisa",9.57526,44.04982,Markets & Malls,mall,Koodbuur,False,ShoppingBag,Suuqyada & Xarumaha Ganacsiga
wda_kaalinta_shidaalka_hass_national_1136,Kaalinta Shidaalka Hass / National ee Qaybta 1136 (Airport Zone / Masalaha),"Service petrol station, diesel dispenser and tire service in Airport Zone / Masalaha residential & commercial grid, Hargeisa",9.52385,44.09802,Fuel Stations (Kaalmaha Shidaalka),fuel,Airport Zone / Masalaha,False,Fuel,Kaalmaha Shidaalka
wda_kaalinta_shidaalka_gaaska_ee_qay_1137,Kaalinta Shidaalka & Gaaska ee Qaybta 1137 (Kilalka / Sheikh Nuur East),"Fuel station and LPG domestic gas distribution depot in Kilalka / Sheikh Nuur East residential & commercial grid, Hargeisa",9.57326,44.10232,Fuel Stations (Kaalmaha Shidaalka),fuel,Kilalka / Sheikh Nuur East,False,Fuel,Kaalmaha Shidaalka
wda_istaanka_gaadiidka_dadweynaha_ee_1138,Istaanka Gaadiidka Dadweynaha ee Qaybta 1138 (Goljano District),"Minibus terminal and designated passenger pick-and-drop stop in Goljano District residential & commercial grid, Hargeisa",9.55961,44.08801,Transport & Terminals,transit_station,Goljano District,False,Navigation,Istaannada & Gaadiidka
wda_isgoyska_weyn_ee_gaadiidka_ee_qa_1139,Isgoyska Weyn ee Gaadiidka ee Qaybta 1139 (Biyo Dhacay Area),"Major road intersection and inter-district transit artery in Biyo Dhacay Area residential & commercial grid, Hargeisa",9.55703,44.08061,Transport & Terminals,transit_station,Biyo Dhacay Area,False,Navigation,Istaannada & Gaadiidka
wda_huteelka_nasashada_martida_ee_qa_1140,Huteelka Nasashada & Martida ee Qaybta 1140 (Xero Awr / Hero Awr),"Comfortable guest lodging and family dining restaurant in Xero Awr / Hero Awr residential & commercial grid, Hargeisa",9.56731,44.05551,Hotels & Hospitality,hotel,Xero Awr / Hero Awr,False,Hotel,Huteellada & Martida
wda_laanta_zaad_dahabshiil_ee_qaybta_1141,Laanta ZAAD & Dahabshiil ee Qaybta 1141 (Downtown Waheen),"Banking kiosk, e-remittance and ZAAD cash-in center in Downtown Waheen residential & commercial grid, Hargeisa",9.56456,44.06383,Banks & Financial,bank,Downtown Waheen,False,Landmark,Bangiyada & Xawaaladaha
wda_laanta_taaj_edahab_express_ee_qa_1142,Laanta TAAJ & Edahab Express ee Qaybta 1142 (Jigjiga Yar),"Financial services, money transfer and remittance desk in Jigjiga Yar residential & commercial grid, Hargeisa",9.5812,44.02978,Banks & Financial,bank,Jigjiga Yar,False,Landmark,Bangiyada & Xawaaladaha
wda_xafiiska_adeegga_somtel_telesom__1143,Xafiiska Adeegga Somtel & Telesom ee Qaybta 1143 (Ahmed Dhagax),"Telecommunications branch, SIM registration and fiber service hub in Ahmed Dhagax residential & commercial grid, Hargeisa",9.55884,44.04374,Corporate & Utilities,corporate,Ahmed Dhagax,False,Building2,Shirkadaha & Isgaadhsiinta
wda_xarunta_korontada_sompower_ee_qa_1144,Xarunta Korontada Sompower ee Qaybta 1144 (150 Highway),"District electrical distribution and bill payment center in 150 Highway residential & commercial grid, Hargeisa",9.58598,44.0447,Corporate & Utilities,utility,150 Highway,False,Zap,Korontada & Biyaha
wda_xafiiska_waaxda_dowladda_hoose_e_1145,Xafiiska Waaxda Dowladda Hoose ee Qaybta 1145 (Shaab / Institutional District),"Municipal sub-office and local civic administration center in Shaab / Institutional District residential & commercial grid, Hargeisa",9.56199,44.05313,Government & Civic,government,Shaab / Institutional District,False,Landmark,Hay'adaha Dowladda
wda_maqaayadda_cuntada_hiddaha_dhaqa_1146,Maqaayadda Cuntada Hiddaha & Dhaqanka ee Qaybta 1146 (Maxamed Mooge),"Traditional Somali dishes and family restaurant in Maxamed Mooge residential & commercial grid, Hargeisa",9.5237,44.09435,Restaurants & Cafes,restaurant,Maxamed Mooge,False,Utensils,Maqaayadaha & Kafateeriyada
wda_kafateeriyada_qahwada_casriga_ah_1147,Kafateeriyada & Qahwada Casriga ah ee Qaybta 1147 (New Hargeisa),"Modern coffee house and light dining lounge in New Hargeisa residential & commercial grid, Hargeisa",9.55806,44.08839,Restaurants & Cafes,restaurant,New Hargeisa,False,Utensils,Maqaayadaha & Kafateeriyada
wda_xarunta_ngo_yada_iyo_samafalka_e_1148,Xarunta NGO-yada iyo Samafalka ee Qaybta 1148 (Daami),"Non-governmental development agency & aid office in Daami residential & commercial grid, Hargeisa",9.57842,44.07644,NGOs & Humanitarian,ngo,Daami,False,Globe,Hay'adaha Samafalka (NGOs)
wda_jidka_iyo_wadada_weyn_ee_qaybta__1149,Jidka iyo Wadada Weyn ee Qaybta 1149 (Shiraaqle),"Major paved road corridor and arterial avenue in Shiraaqle residential & commercial grid, Hargeisa",9.56684,44.09574,Roads & Arterials,arterial_road,Shiraaqle,False,Navigation,Waddooyinka & Jidadka
wda_xaafada_deganaanshaha_ee_qaybta__1150,Xaafada Deganaanshaha ee Qaybta 1150 (Koodbuur),"Quiet residential enclave and community living sector in Koodbuur residential & commercial grid, Hargeisa",9.57763,44.03709,Xaafadaha (Districts),neighborhood,Koodbuur,False,Home,Xaafadaha & Degmooyinka
wda_cusbitaalka_gurmadka_caafimaadka_1151,Cusbitaalka Gurmadka Caafimaadka ee Qaybta 1151 (Airport Zone / Masalaha),"Specialized neighborhood clinic & emergency health post in Airport Zone / Masalaha residential & commercial grid, Hargeisa",9.52734,44.07931,Hospitals & Healthcare,hospital,Airport Zone / Masalaha,False,HeartPulse,Cusbitaallada & Rugaha Caafimaadka
wda_rugta_daryeelka_hooyada_dhallaan_1152,Rugta Daryeelka Hooyada & Dhallaanka ee Qaybta 1152 (Kilalka / Sheikh Nuur East),"Maternal and child care dispensary center in Kilalka / Sheikh Nuur East residential & commercial grid, Hargeisa",9.57563,44.08959,Hospitals & Healthcare,hospital,Kilalka / Sheikh Nuur East,False,HeartPulse,Cusbitaallada & Rugaha Caafimaadka
wda_farmasiga_shacabka_caafimaadka_e_1153,Farmasiga Shacabka & Caafimaadka ee Qaybta 1153 (Goljano District),"24/7 community pharmacy and dispensary outpost in Goljano District residential & commercial grid, Hargeisa",9.5617,44.07678,Hospitals & Healthcare,hospital,Goljano District,False,HeartPulse,Cusbitaallada & Rugaha Caafimaadka
wda_dugsiga_hoose_dhexe_ee_waxbarash_1154,Dugsiga Hoose/Dhexe ee Waxbarashada Qaybta 1154 (Biyo Dhacay Area),"Public primary & intermediate school campus in Biyo Dhacay Area residential & commercial grid, Hargeisa",9.55899,44.07013,Schools & Universities,school,Biyo Dhacay Area,False,GraduationCap,Dugsiyada & Waxbarashada
wda_akadeemiyada_casriga_ah_ee_qaybt_1155,Akadeemiyada Casriga ah ee Qaybta 1155 (Xero Awr / Hero Awr),"Modern high school and STEM educational institute in Xero Awr / Hero Awr residential & commercial grid, Hargeisa",9.5694,44.04428,Schools & Universities,school,Xero Awr / Hero Awr,False,GraduationCap,Dugsiyada & Waxbarashada
wda_machadka_tababarka_xirfadaha_ee__1156,Machadka Tababarka Xirfadaha ee Qaybta 1156 (Downtown Waheen),"Vocational and technical training college center in Downtown Waheen residential & commercial grid, Hargeisa",9.55731,44.06933,Schools & Universities,university,Downtown Waheen,False,GraduationCap,Jaamacadaha & Kuliyadaha
wda_masjidka_jaamaca_ee_qaybta_1157__1157,Masjidka Jaamaca ee Qaybta 1157 (Jigjiga Yar),"Congregational Friday mosque with community prayer hall in Jigjiga Yar residential & commercial grid, Hargeisa",9.57214,44.03666,Mosques (Masaajidda),place_of_worship,Jigjiga Yar,False,Moon,Masaajidda
wda_masjidka_al_imaan_ee_qaybta_1158_1158,Masjidka Al-Imaan ee Qaybta 1158 (Ahmed Dhagax),"Neighborhood community mosque and Quranic learning hub in Ahmed Dhagax residential & commercial grid, Hargeisa",9.54797,44.05199,Mosques (Masaajidda),place_of_worship,Ahmed Dhagax,False,Moon,Masaajidda
wda_suuqa_khdaarta_iyo_ganacsiga_ee__1159,Suuqa Khdaarta iyo Ganacsiga ee Qaybta 1159 (150 Highway),"Neighborhood open-air fresh market and commercial trade zone in 150 Highway residential & commercial grid, Hargeisa",9.5733,44.05432,Markets & Malls,mall,150 Highway,False,ShoppingBag,Suuqyada & Xarumaha Ganacsiga
wda_xarunta_ganacsiga_supermarket_ee_1160,Xarunta Ganacsiga & Supermarket ee Qaybta 1160 (Shaab / Institutional District),"Modern multi-store retail grocery and provisions shopping center in Shaab / Institutional District residential & commercial grid, Hargeisa",9.55353,44.05955,Markets & Malls,mall,Shaab / Institutional District,False,ShoppingBag,Suuqyada & Xarumaha Ganacsiga
wda_kaalinta_shidaalka_hass_national_1161,Kaalinta Shidaalka Hass / National ee Qaybta 1161 (Maxamed Mooge),"Service petrol station, diesel dispenser and tire service in Maxamed Mooge residential & commercial grid, Hargeisa",9.5104,44.10443,Fuel Stations (Kaalmaha Shidaalka),fuel,Maxamed Mooge,False,Fuel,Kaalmaha Shidaalka
wda_kaalinta_shidaalka_gaaska_ee_qay_1162,Kaalinta Shidaalka & Gaaska ee Qaybta 1162 (New Hargeisa),"Fuel station and LPG domestic gas distribution depot in New Hargeisa residential & commercial grid, Hargeisa",9.54658,44.0971,Fuel Stations (Kaalmaha Shidaalka),fuel,New Hargeisa,False,Fuel,Kaalmaha Shidaalka
wda_istaanka_gaadiidka_dadweynaha_ee_1163,Istaanka Gaadiidka Dadweynaha ee Qaybta 1163 (Daami),"Minibus terminal and designated passenger pick-and-drop stop in Daami residential & commercial grid, Hargeisa",9.56875,44.08377,Transport & Terminals,transit_station,Daami,False,Navigation,Istaannada & Gaadiidka
wda_isgoyska_weyn_ee_gaadiidka_ee_qa_1164,Isgoyska Weyn ee Gaadiidka ee Qaybta 1164 (Shiraaqle),"Major road intersection and inter-district transit artery in Shiraaqle residential & commercial grid, Hargeisa",9.55597,44.10399,Transport & Terminals,transit_station,Shiraaqle,False,Navigation,Istaannada & Gaadiidka
wda_huteelka_nasashada_martida_ee_qa_1165,Huteelka Nasashada & Martida ee Qaybta 1165 (Koodbuur),"Comfortable guest lodging and family dining restaurant in Koodbuur residential & commercial grid, Hargeisa",9.56736,44.04488,Hotels & Hospitality,hotel,Koodbuur,False,Hotel,Huteellada & Martida
wda_laanta_zaad_dahabshiil_ee_qaybta_1166,Laanta ZAAD & Dahabshiil ee Qaybta 1166 (Airport Zone / Masalaha),"Banking kiosk, e-remittance and ZAAD cash-in center in Airport Zone / Masalaha residential & commercial grid, Hargeisa",9.51223,44.09077,Banks & Financial,bank,Airport Zone / Masalaha,False,Landmark,Bangiyada & Xawaaladaha
wda_laanta_taaj_edahab_express_ee_qa_1167,Laanta TAAJ & Edahab Express ee Qaybta 1167 (Kilalka / Sheikh Nuur East),"Financial services, money transfer and remittance desk in Kilalka / Sheikh Nuur East residential & commercial grid, Hargeisa",9.56536,44.09738,Banks & Financial,bank,Kilalka / Sheikh Nuur East,False,Landmark,Bangiyada & Xawaaladaha
wda_xafiiska_adeegga_somtel_telesom__1168,Xafiiska Adeegga Somtel & Telesom ee Qaybta 1168 (Goljano District),"Telecommunications branch, SIM registration and fiber service hub in Goljano District residential & commercial grid, Hargeisa",9.55264,44.08366,Corporate & Utilities,corporate,Goljano District,False,Building2,Shirkadaha & Isgaadhsiinta
wda_xarunta_korontada_sompower_ee_qa_1169,Xarunta Korontada Sompower ee Qaybta 1169 (Biyo Dhacay Area),"District electrical distribution and bill payment center in Biyo Dhacay Area residential & commercial grid, Hargeisa",9.55053,44.07655,Corporate & Utilities,utility,Biyo Dhacay Area,False,Zap,Korontada & Biyaha
wda_xafiiska_waaxda_dowladda_hoose_e_1170,Xafiiska Waaxda Dowladda Hoose ee Qaybta 1170 (Xero Awr / Hero Awr),"Municipal sub-office and local civic administration center in Xero Awr / Hero Awr residential & commercial grid, Hargeisa",9.56034,44.05116,Government & Civic,government,Xero Awr / Hero Awr,False,Landmark,Hay'adaha Dowladda
wda_maqaayadda_cuntada_hiddaha_dhaqa_1171,Maqaayadda Cuntada Hiddaha & Dhaqanka ee Qaybta 1171 (Downtown Waheen),"Traditional Somali dishes and family restaurant in Downtown Waheen residential & commercial grid, Hargeisa",9.56636,44.07024,Restaurants & Cafes,restaurant,Downtown Waheen,False,Utensils,Maqaayadaha & Kafateeriyada
wda_kafateeriyada_qahwada_casriga_ah_1172,Kafateeriyada & Qahwada Casriga ah ee Qaybta 1172 (Jigjiga Yar),"Modern coffee house and light dining lounge in Jigjiga Yar residential & commercial grid, Hargeisa",9.58345,44.0378,Restaurants & Cafes,restaurant,Jigjiga Yar,False,Utensils,Maqaayadaha & Kafateeriyada
wda_xarunta_ngo_yada_iyo_samafalka_e_1173,Xarunta NGO-yada iyo Samafalka ee Qaybta 1173 (Ahmed Dhagax),"Non-governmental development agency & aid office in Ahmed Dhagax residential & commercial grid, Hargeisa",9.56154,44.05336,NGOs & Humanitarian,ngo,Ahmed Dhagax,False,Globe,Hay'adaha Samafalka (NGOs)
wda_jidka_iyo_wadada_weyn_ee_qaybta__1174,Jidka iyo Wadada Weyn ee Qaybta 1174 (150 Highway),"Major paved road corridor and arterial avenue in 150 Highway residential & commercial grid, Hargeisa",9.58913,44.05592,Roads & Arterials,arterial_road,150 Highway,False,Navigation,Waddooyinka & Jidadka
wda_xaafada_deganaanshaha_ee_qaybta__1175,Xaafada Deganaanshaha ee Qaybta 1175 (Shaab / Institutional District),"Quiet residential enclave and community living sector in Shaab / Institutional District residential & commercial grid, Hargeisa",9.56409,44.06062,Xaafadaha (Districts),neighborhood,Shaab / Institutional District,False,Home,Xaafadaha & Degmooyinka
wda_cusbitaalka_gurmadka_caafimaadka_1176,Cusbitaalka Gurmadka Caafimaadka ee Qaybta 1176 (Maxamed Mooge),"Specialized neighborhood clinic & emergency health post in Maxamed Mooge residential & commercial grid, Hargeisa",9.52699,44.10611,Hospitals & Healthcare,hospital,Maxamed Mooge,False,HeartPulse,Cusbitaallada & Rugaha Caafimaadka
wda_rugta_daryeelka_hooyada_dhallaan_1177,Rugta Daryeelka Hooyada & Dhallaanka ee Qaybta 1177 (New Hargeisa),"Maternal and child care dispensary center in New Hargeisa residential & commercial grid, Hargeisa",9.5609,44.09855,Hospitals & Healthcare,hospital,New Hargeisa,False,HeartPulse,Cusbitaallada & Rugaha Caafimaadka
wda_farmasiga_shacabka_caafimaadka_e_1178,Farmasiga Shacabka & Caafimaadka ee Qaybta 1178 (Daami),"24/7 community pharmacy and dispensary outpost in Daami residential & commercial grid, Hargeisa",9.58081,44.08499,Hospitals & Healthcare,hospital,Daami,False,HeartPulse,Cusbitaallada & Rugaha Caafimaadka
wda_dugsiga_hoose_dhexe_ee_waxbarash_1179,Dugsiga Hoose/Dhexe ee Waxbarashada Qaybta 1179 (Shiraaqle),"Public primary & intermediate school campus in Shiraaqle residential & commercial grid, Hargeisa",9.56954,44.10536,Schools & Universities,school,Shiraaqle,False,GraduationCap,Dugsiyada & Waxbarashada
wda_akadeemiyada_casriga_ah_ee_qaybt_1180,Akadeemiyada Casriga ah ee Qaybta 1180 (Koodbuur),"Modern high school and STEM educational institute in Koodbuur residential & commercial grid, Hargeisa",9.58018,44.04618,Schools & Universities,school,Koodbuur,False,GraduationCap,Dugsiyada & Waxbarashada
wda_machadka_tababarka_xirfadaha_ee__1181,Machadka Tababarka Xirfadaha ee Qaybta 1181 (Airport Zone / Masalaha),"Vocational and technical training college center in Airport Zone / Masalaha residential & commercial grid, Hargeisa",9.53108,44.09267,Schools & Universities,university,Airport Zone / Masalaha,False,GraduationCap,Jaamacadaha & Kuliyadaha
wda_masjidka_jaamaca_ee_qaybta_1182__1182,Masjidka Jaamaca ee Qaybta 1182 (Kilalka / Sheikh Nuur East),"Congregational Friday mosque with community prayer hall in Kilalka / Sheikh Nuur East residential & commercial grid, Hargeisa",9.57818,44.09868,Mosques (Masaajidda),place_of_worship,Kilalka / Sheikh Nuur East,False,Moon,Masaajidda
wda_masjidka_al_imaan_ee_qaybta_1183_1183,Masjidka Al-Imaan ee Qaybta 1183 (Goljano District),"Neighborhood community mosque and Quranic learning hub in Goljano District residential & commercial grid, Hargeisa",9.56395,44.0848,Mosques (Masaajidda),place_of_worship,Goljano District,False,Moon,Masaajidda
wda_suuqa_khdaarta_iyo_ganacsiga_ee__1184,Suuqa Khdaarta iyo Ganacsiga ee Qaybta 1184 (Biyo Dhacay Area),"Neighborhood open-air fresh market and commercial trade zone in Biyo Dhacay Area residential & commercial grid, Hargeisa",9.56109,44.07762,Markets & Malls,mall,Biyo Dhacay Area,False,ShoppingBag,Suuqyada & Xarumaha Ganacsiga
wda_xarunta_ganacsiga_supermarket_ee_1185,Xarunta Ganacsiga & Supermarket ee Qaybta 1185 (Xero Awr / Hero Awr),"Modern multi-store retail grocery and provisions shopping center in Xero Awr / Hero Awr residential & commercial grid, Hargeisa",9.57165,44.0523,Markets & Malls,mall,Xero Awr / Hero Awr,False,ShoppingBag,Suuqyada & Xarumaha Ganacsiga
wda_kaalinta_shidaalka_hass_national_1186,Kaalinta Shidaalka Hass / National ee Qaybta 1186 (Downtown Waheen),"Service petrol station, diesel dispenser and tire service in Downtown Waheen residential & commercial grid, Hargeisa",9.56027,44.06334,Fuel Stations (Kaalmaha Shidaalka),fuel,Downtown Waheen,False,Fuel,Kaalmaha Shidaalka
wda_kaalinta_shidaalka_gaaska_ee_qay_1187,Kaalinta Shidaalka & Gaaska ee Qaybta 1187 (Jigjiga Yar),"Fuel station and LPG domestic gas distribution depot in Jigjiga Yar residential & commercial grid, Hargeisa",9.57584,44.02918,Fuel Stations (Kaalmaha Shidaalka),fuel,Jigjiga Yar,False,Fuel,Kaalmaha Shidaalka
wda_istaanka_gaadiidka_dadweynaha_ee_1188,Istaanka Gaadiidka Dadweynaha ee Qaybta 1188 (Ahmed Dhagax),"Minibus terminal and designated passenger pick-and-drop stop in Ahmed Dhagax residential & commercial grid, Hargeisa",9.55241,44.04301,Transport & Terminals,transit_station,Ahmed Dhagax,False,Navigation,Istaannada & Gaadiidka
wda_isgoyska_weyn_ee_gaadiidka_ee_qa_1189,Isgoyska Weyn ee Gaadiidka ee Qaybta 1189 (150 Highway),"Major road intersection and inter-district transit artery in 150 Highway residential & commercial grid, Hargeisa",9.57847,44.04385,Transport & Terminals,transit_station,150 Highway,False,Navigation,Istaannada & Gaadiidka
wda_huteelka_nasashada_martida_ee_qa_1190,Huteelka Nasashada & Martida ee Qaybta 1190 (Shaab / Institutional District),"Comfortable guest lodging and family dining restaurant in Shaab / Institutional District residential & commercial grid, Hargeisa",9.55698,44.05256,Hotels & Hospitality,hotel,Shaab / Institutional District,False,Hotel,Huteellada & Martida
wda_laanta_zaad_dahabshiil_ee_qaybta_1191,Laanta ZAAD & Dahabshiil ee Qaybta 1191 (Maxamed Mooge),"Banking kiosk, e-remittance and ZAAD cash-in center in Maxamed Mooge residential & commercial grid, Hargeisa",9.51583,44.09346,Banks & Financial,bank,Maxamed Mooge,False,Landmark,Bangiyada & Xawaaladaha
wda_laanta_taaj_edahab_express_ee_qa_1192,Laanta TAAJ & Edahab Express ee Qaybta 1192 (New Hargeisa),"Financial services, money transfer and remittance desk in New Hargeisa residential & commercial grid, Hargeisa",9.55126,44.08762,Banks & Financial,bank,New Hargeisa,False,Landmark,Bangiyada & Xawaaladaha
wda_xafiiska_adeegga_somtel_telesom__1193,Xafiiska Adeegga Somtel & Telesom ee Qaybta 1193 (Daami),"Telecommunications branch, SIM registration and fiber service hub in Daami residential & commercial grid, Hargeisa",9.57269,44.07579,Corporate & Utilities,corporate,Daami,False,Building2,Shirkadaha & Isgaadhsiinta
wda_xarunta_korontada_sompower_ee_qa_1194,Xarunta Korontada Sompower ee Qaybta 1194 (Shiraaqle),"District electrical distribution and bill payment center in Shiraaqle residential & commercial grid, Hargeisa",9.56041,44.09501,Corporate & Utilities,utility,Shiraaqle,False,Zap,Korontada & Biyaha
wda_xafiiska_waaxda_dowladda_hoose_e_1195,Xafiiska Waaxda Dowladda Hoose ee Qaybta 1195 (Koodbuur),"Municipal sub-office and local civic administration center in Koodbuur residential & commercial grid, Hargeisa",9.57155,44.0364,Government & Civic,government,Koodbuur,False,Landmark,Hay'adaha Dowladda
wda_maqaayadda_cuntada_hiddaha_dhaqa_1196,Maqaayadda Cuntada Hiddaha & Dhaqanka ee Qaybta 1196 (Airport Zone / Masalaha),"Traditional Somali dishes and family restaurant in Airport Zone / Masalaha residential & commercial grid, Hargeisa",9.5184,44.07829,Restaurants & Cafes,restaurant,Airport Zone / Masalaha,False,Utensils,Maqaayadaha & Kafateeriyada
wda_kafateeriyada_qahwada_casriga_ah_1197,Kafateeriyada & Qahwada Casriga ah ee Qaybta 1197 (Kilalka / Sheikh Nuur East),"Modern coffee house and light dining lounge in Kilalka / Sheikh Nuur East residential & commercial grid, Hargeisa",9.56955,44.0889,Restaurants & Cafes,restaurant,Kilalka / Sheikh Nuur East,False,Utensils,Maqaayadaha & Kafateeriyada
wda_xarunta_ngo_yada_iyo_samafalka_e_1198,Xarunta NGO-yada iyo Samafalka ee Qaybta 1198 (Goljano District),"Non-governmental development agency & aid office in Goljano District residential & commercial grid, Hargeisa",9.55634,44.07618,NGOs & Humanitarian,ngo,Goljano District,False,Globe,Hay'adaha Samafalka (NGOs)
wda_jidka_iyo_wadada_weyn_ee_qaybta__1199,Jidka iyo Wadada Weyn ee Qaybta 1199 (Biyo Dhacay Area),"Major paved road corridor and arterial avenue in Biyo Dhacay Area residential & commercial grid, Hargeisa",9.55398,44.06956,Roads & Arterials,arterial_road,Biyo Dhacay Area,False,Navigation,Waddooyinka & Jidadka
wda_xaafada_deganaanshaha_ee_qaybta__1200,Xaafada Deganaanshaha ee Qaybta 1200 (Xero Awr / Hero Awr),"Quiet residential enclave and community living sector in Xero Awr / Hero Awr residential & commercial grid, Hargeisa",9.56404,44.04368,Xaafadaha (Districts),neighborhood,Xero Awr / Hero Awr,False,Home,Xaafadaha & Degmooyinka
wda_cusbitaalka_gurmadka_caafimaadka_1201,Cusbitaalka Gurmadka Caafimaadka ee Qaybta 1201 (Downtown Waheen),"Specialized neighborhood clinic & emergency health post in Downtown Waheen residential & commercial grid, Hargeisa",9.56016,44.07264,Hospitals & Healthcare,hospital,Downtown Waheen,False,HeartPulse,Cusbitaallada & Rugaha Caafimaadka
wda_rugta_daryeelka_hooyada_dhallaan_1202,Rugta Daryeelka Hooyada & Dhallaanka ee Qaybta 1202 (Jigjiga Yar),"Maternal and child care dispensary center in Jigjiga Yar residential & commercial grid, Hargeisa",9.5757,44.0408,Hospitals & Healthcare,hospital,Jigjiga Yar,False,HeartPulse,Cusbitaallada & Rugaha Caafimaadka
wda_farmasiga_shacabka_caafimaadka_e_1203,Farmasiga Shacabka & Caafimaadka ee Qaybta 1203 (Ahmed Dhagax),"24/7 community pharmacy and dispensary outpost in Ahmed Dhagax residential & commercial grid, Hargeisa",9.55225,44.05696,Hospitals & Healthcare,hospital,Ahmed Dhagax,False,HeartPulse,Cusbitaallada & Rugaha Caafimaadka
wda_dugsiga_hoose_dhexe_ee_waxbarash_1204,Dugsiga Hoose/Dhexe ee Waxbarashada Qaybta 1204 (150 Highway),"Public primary & intermediate school campus in 150 Highway residential & commercial grid, Hargeisa",9.57829,44.06012,Schools & Universities,school,150 Highway,False,GraduationCap,Dugsiyada & Waxbarashada
wda_akadeemiyada_casriga_ah_ee_qaybt_1205,Akadeemiyada Casriga ah ee Qaybta 1205 (Shaab / Institutional District),"Modern high school and STEM educational institute in Shaab / Institutional District residential & commercial grid, Hargeisa",9.55686,44.06341,Schools & Universities,school,Shaab / Institutional District,False,GraduationCap,Dugsiyada & Waxbarashada
wda_machadka_tababarka_xirfadaha_ee__1206,Machadka Tababarka Xirfadaha ee Qaybta 1206 (Maxamed Mooge),"Vocational and technical training college center in Maxamed Mooge residential & commercial grid, Hargeisa",9.51563,44.1105,Schools & Universities,university,Maxamed Mooge,False,GraduationCap,Jaamacadaha & Kuliyadaha
wda_masjidka_jaamaca_ee_qaybta_1207__1207,Masjidka Jaamaca ee Qaybta 1207 (New Hargeisa),"Congregational Friday mosque with community prayer hall in New Hargeisa residential & commercial grid, Hargeisa",9.55109,44.10235,Mosques (Masaajidda),place_of_worship,New Hargeisa,False,Moon,Masaajidda
wda_masjidka_al_imaan_ee_qaybta_1208_1208,Masjidka Al-Imaan ee Qaybta 1208 (Daami),"Neighborhood community mosque and Quranic learning hub in Daami residential & commercial grid, Hargeisa",9.57255,44.08819,Mosques (Masaajidda),place_of_worship,Daami,False,Moon,Masaajidda
wda_suuqa_khdaarta_iyo_ganacsiga_ee__1209,Suuqa Khdaarta iyo Ganacsiga ee Qaybta 1209 (Shiraaqle),"Neighborhood open-air fresh market and commercial trade zone in Shiraaqle residential & commercial grid, Hargeisa",9.56025,44.10896,Markets & Malls,mall,Shiraaqle,False,ShoppingBag,Suuqyada & Xarumaha Ganacsiga
wda_xarunta_ganacsiga_supermarket_ee_1210,Xarunta Ganacsiga & Supermarket ee Qaybta 1210 (Koodbuur),"Modern multi-store retail grocery and provisions shopping center in Koodbuur residential & commercial grid, Hargeisa",9.5714,44.04957,Markets & Malls,mall,Koodbuur,False,ShoppingBag,Suuqyada & Xarumaha Ganacsiga
wda_kaalinta_shidaalka_hass_national_1211,Kaalinta Shidaalka Hass / National ee Qaybta 1211 (Airport Zone / Masalaha),"Service petrol station, diesel dispenser and tire service in Airport Zone / Masalaha residential & commercial grid, Hargeisa",9.51817,44.09766,Fuel Stations (Kaalmaha Shidaalka),fuel,Airport Zone / Masalaha,False,Fuel,Kaalmaha Shidaalka
wda_kaalinta_shidaalka_gaaska_ee_qay_1212,Kaalinta Shidaalka & Gaaska ee Qaybta 1212 (Kilalka / Sheikh Nuur East),"Fuel station and LPG domestic gas distribution depot in Kilalka / Sheikh Nuur East residential & commercial grid, Hargeisa",9.5694,44.10207,Fuel Stations (Kaalmaha Shidaalka),fuel,Kilalka / Sheikh Nuur East,False,Fuel,Kaalmaha Shidaalka
wda_istaanka_gaadiidka_dadweynaha_ee_1213,Istaanka Gaadiidka Dadweynaha ee Qaybta 1213 (Goljano District),"Minibus terminal and designated passenger pick-and-drop stop in Goljano District residential & commercial grid, Hargeisa",9.5562,44.0878,Transport & Terminals,transit_station,Goljano District,False,Navigation,Istaannada & Gaadiidka
wda_isgoyska_weyn_ee_gaadiidka_ee_qa_1214,Isgoyska Weyn ee Gaadiidka ee Qaybta 1214 (Biyo Dhacay Area),"Major road intersection and inter-district transit artery in Biyo Dhacay Area residential & commercial grid, Hargeisa",9.55386,44.08041,Transport & Terminals,transit_station,Biyo Dhacay Area,False,Navigation,Istaannada & Gaadiidka
wda_huteelka_nasashada_martida_ee_qa_1215,Huteelka Nasashada & Martida ee Qaybta 1215 (Xero Awr / Hero Awr),"Comfortable guest lodging and family dining restaurant in Xero Awr / Hero Awr residential & commercial grid, Hargeisa",9.5639,44.0553,Hotels & Hospitality,hotel,Xero Awr / Hero Awr,False,Hotel,Huteellada & Martida
wda_laanta_zaad_dahabshiil_ee_qaybta_1216,Laanta ZAAD & Dahabshiil ee Qaybta 1216 (Downtown Waheen),"Banking kiosk, e-remittance and ZAAD cash-in center in Downtown Waheen residential & commercial grid, Hargeisa",9.56646,44.06583,Banks & Financial,bank,Downtown Waheen,False,Landmark,Bangiyada & Xawaaladaha
wda_laanta_taaj_edahab_express_ee_qa_1217,Laanta TAAJ & Edahab Express ee Qaybta 1217 (Jigjiga Yar),"Financial services, money transfer and remittance desk in Jigjiga Yar residential & commercial grid, Hargeisa",9.58358,44.03229,Banks & Financial,bank,Jigjiga Yar,False,Landmark,Bangiyada & Xawaaladaha
wda_xafiiska_adeegga_somtel_telesom__1218,Xafiiska Adeegga Somtel & Telesom ee Qaybta 1218 (Ahmed Dhagax),"Telecommunications branch, SIM registration and fiber service hub in Ahmed Dhagax residential & commercial grid, Hargeisa",9.56169,44.04674,Corporate & Utilities,corporate,Ahmed Dhagax,False,Building2,Shirkadaha & Isgaadhsiinta
wda_xarunta_korontada_sompower_ee_qa_1219,Xarunta Korontada Sompower ee Qaybta 1219 (150 Highway),"District electrical distribution and bill payment center in 150 Highway residential & commercial grid, Hargeisa",9.58931,44.0482,Corporate & Utilities,utility,150 Highway,False,Zap,Korontada & Biyaha
wda_xafiiska_waaxda_dowladda_hoose_e_1220,Xafiiska Waaxda Dowladda Hoose ee Qaybta 1220 (Shaab / Institutional District),"Municipal sub-office and local civic administration center in Shaab / Institutional District residential & commercial grid, Hargeisa",9.56421,44.05547,Government & Civic,government,Shaab / Institutional District,False,Landmark,Hay'adaha Dowladda
wda_maqaayadda_cuntada_hiddaha_dhaqa_1221,Maqaayadda Cuntada Hiddaha & Dhaqanka ee Qaybta 1221 (Maxamed Mooge),"Traditional Somali dishes and family restaurant in Maxamed Mooge residential & commercial grid, Hargeisa",9.52718,44.09802,Restaurants & Cafes,restaurant,Maxamed Mooge,False,Utensils,Maqaayadaha & Kafateeriyada
wda_kafateeriyada_qahwada_casriga_ah_1222,Kafateeriyada & Qahwada Casriga ah ee Qaybta 1222 (New Hargeisa),"Modern coffee house and light dining lounge in New Hargeisa residential & commercial grid, Hargeisa",9.56107,44.09156,Restaurants & Cafes,restaurant,New Hargeisa,False,Utensils,Maqaayadaha & Kafateeriyada
wda_xarunta_ngo_yada_iyo_samafalka_e_1223,Xarunta NGO-yada iyo Samafalka ee Qaybta 1223 (Daami),"Non-governmental development agency & aid office in Daami residential & commercial grid, Hargeisa",9.58095,44.0791,NGOs & Humanitarian,ngo,Daami,False,Globe,Hay'adaha Samafalka (NGOs)
wda_jidka_iyo_wadada_weyn_ee_qaybta__1224,Jidka iyo Wadada Weyn ee Qaybta 1224 (Shiraaqle),"Major paved road corridor and arterial avenue in Shiraaqle residential & commercial grid, Hargeisa",9.56969,44.09874,Roads & Arterials,arterial_road,Shiraaqle,False,Navigation,Waddooyinka & Jidadka
wda_xaafada_deganaanshaha_ee_qaybta__1225,Xaafada Deganaanshaha ee Qaybta 1225 (Koodbuur),"Quiet residential enclave and community living sector in Koodbuur residential & commercial grid, Hargeisa",9.58032,44.03992,Xaafadaha (Districts),neighborhood,Koodbuur,False,Home,Xaafadaha & Degmooyinka
wda_cusbitaalka_gurmadka_caafimaadka_1226,Cusbitaalka Gurmadka Caafimaadka ee Qaybta 1226 (Airport Zone / Masalaha),"Specialized neighborhood clinic & emergency health post in Airport Zone / Masalaha residential & commercial grid, Hargeisa",9.5313,44.08348,Hospitals & Healthcare,hospital,Airport Zone / Masalaha,False,HeartPulse,Cusbitaallada & Rugaha Caafimaadka
wda_rugta_daryeelka_hooyada_dhallaan_1227,Rugta Daryeelka Hooyada & Dhallaanka ee Qaybta 1227 (Kilalka / Sheikh Nuur East),"Maternal and child care dispensary center in Kilalka / Sheikh Nuur East residential & commercial grid, Hargeisa",9.57832,44.09242,Hospitals & Healthcare,hospital,Kilalka / Sheikh Nuur East,False,HeartPulse,Cusbitaallada & Rugaha Caafimaadka
wda_farmasiga_shacabka_caafimaadka_e_1228,Farmasiga Shacabka & Caafimaadka ee Qaybta 1228 (Goljano District),"24/7 community pharmacy and dispensary outpost in Goljano District residential & commercial grid, Hargeisa",9.56408,44.07929,Hospitals & Healthcare,hospital,Goljano District,False,HeartPulse,Cusbitaallada & Rugaha Caafimaadka
wda_dugsiga_hoose_dhexe_ee_waxbarash_1229,Dugsiga Hoose/Dhexe ee Waxbarashada Qaybta 1229 (Biyo Dhacay Area),"Public primary & intermediate school campus in Biyo Dhacay Area residential & commercial grid, Hargeisa",9.56121,44.07247,Schools & Universities,school,Biyo Dhacay Area,False,GraduationCap,Dugsiyada & Waxbarashada
wda_akadeemiyada_casriga_ah_ee_qaybt_1230,Akadeemiyada Casriga ah ee Qaybta 1230 (Xero Awr / Hero Awr),"Modern high school and STEM educational institute in Xero Awr / Hero Awr residential & commercial grid, Hargeisa",9.57178,44.04679,Schools & Universities,school,Xero Awr / Hero Awr,False,GraduationCap,Dugsiyada & Waxbarashada
wda_machadka_tababarka_xirfadaha_ee__1231,Machadka Tababarka Xirfadaha ee Qaybta 1231 (Downtown Waheen),"Vocational and technical training college center in Downtown Waheen residential & commercial grid, Hargeisa",9.55724,44.06654,Schools & Universities,university,Downtown Waheen,False,GraduationCap,Jaamacadaha & Kuliyadaha
wda_masjidka_jaamaca_ee_qaybta_1232__1232,Masjidka Jaamaca ee Qaybta 1232 (Jigjiga Yar),"Congregational Friday mosque with community prayer hall in Jigjiga Yar residential & commercial grid, Hargeisa",9.57205,44.03317,Mosques (Masaajidda),place_of_worship,Jigjiga Yar,False,Moon,Masaajidda
wda_masjidka_al_imaan_ee_qaybta_1233_1233,Masjidka Al-Imaan ee Qaybta 1233 (Ahmed Dhagax),"Neighborhood community mosque and Quranic learning hub in Ahmed Dhagax residential & commercial grid, Hargeisa",9.54786,44.04781,Mosques (Masaajidda),place_of_worship,Ahmed Dhagax,False,Moon,Masaajidda
wda_suuqa_khdaarta_iyo_ganacsiga_ee__1234,Suuqa Khdaarta iyo Ganacsiga ee Qaybta 1234 (150 Highway),"Neighborhood open-air fresh market and commercial trade zone in 150 Highway residential & commercial grid, Hargeisa",9.57318,44.04944,Markets & Malls,mall,150 Highway,False,ShoppingBag,Suuqyada & Xarumaha Ganacsiga
wda_xarunta_ganacsiga_supermarket_ee_1235,Xarunta Ganacsiga & Supermarket ee Qaybta 1235 (Shaab / Institutional District),"Modern multi-store retail grocery and provisions shopping center in Shaab / Institutional District residential & commercial grid, Hargeisa",9.55345,44.05629,Markets & Malls,mall,Shaab / Institutional District,False,ShoppingBag,Suuqyada & Xarumaha Ganacsiga
wda_kaalinta_shidaalka_hass_national_1236,Kaalinta Shidaalka Hass / National ee Qaybta 1236 (Maxamed Mooge),"Service petrol station, diesel dispenser and tire service in Maxamed Mooge residential & commercial grid, Hargeisa",9.51028,44.09932,Fuel Stations (Kaalmaha Shidaalka),fuel,Maxamed Mooge,False,Fuel,Kaalmaha Shidaalka
wda_kaalinta_shidaalka_gaaska_ee_qay_1237,Kaalinta Shidaalka & Gaaska ee Qaybta 1237 (New Hargeisa),"Fuel station and LPG domestic gas distribution depot in New Hargeisa residential & commercial grid, Hargeisa",9.54647,44.09269,Fuel Stations (Kaalmaha Shidaalka),fuel,New Hargeisa,False,Fuel,Kaalmaha Shidaalka
wda_istaanka_gaadiidka_dadweynaha_ee_1238,Istaanka Gaadiidka Dadweynaha ee Qaybta 1238 (Daami),"Minibus terminal and designated passenger pick-and-drop stop in Daami residential & commercial grid, Hargeisa",9.56866,44.08005,Transport & Terminals,transit_station,Daami,False,Navigation,Istaannada & Gaadiidka
wda_isgoyska_weyn_ee_gaadiidka_ee_qa_1239,Isgoyska Weyn ee Gaadiidka ee Qaybta 1239 (Shiraaqle),"Major road intersection and inter-district transit artery in Shiraaqle residential & commercial grid, Hargeisa",9.55586,44.09981,Transport & Terminals,transit_station,Shiraaqle,False,Navigation,Istaannada & Gaadiidka
wda_huteelka_nasashada_martida_ee_qa_1240,Huteelka Nasashada & Martida ee Qaybta 1240 (Koodbuur),"Comfortable guest lodging and family dining restaurant in Koodbuur residential & commercial grid, Hargeisa",9.56726,44.04093,Hotels & Hospitality,hotel,Koodbuur,False,Hotel,Huteellada & Martida
wda_laanta_zaad_dahabshiil_ee_qaybta_1241,Laanta ZAAD & Dahabshiil ee Qaybta 1241 (Airport Zone / Masalaha),"Banking kiosk, e-remittance and ZAAD cash-in center in Airport Zone / Masalaha residential & commercial grid, Hargeisa",9.51209,44.08496,Banks & Financial,bank,Airport Zone / Masalaha,False,Landmark,Bangiyada & Xawaaladaha
wda_laanta_taaj_edahab_express_ee_qa_1242,Laanta TAAJ & Edahab Express ee Qaybta 1242 (Kilalka / Sheikh Nuur East),"Financial services, money transfer and remittance desk in Kilalka / Sheikh Nuur East residential & commercial grid, Hargeisa",9.56526,44.09343,Banks & Financial,bank,Kilalka / Sheikh Nuur East,False,Landmark,Bangiyada & Xawaaladaha
wda_xafiiska_adeegga_somtel_telesom__1243,Xafiiska Adeegga Somtel & Telesom ee Qaybta 1243 (Goljano District),"Telecommunications branch, SIM registration and fiber service hub in Goljano District residential & commercial grid, Hargeisa",9.55255,44.08017,Corporate & Utilities,corporate,Goljano District,False,Building2,Shirkadaha & Isgaadhsiinta
wda_xarunta_korontada_sompower_ee_qa_1244,Xarunta Korontada Sompower ee Qaybta 1244 (Biyo Dhacay Area),"District electrical distribution and bill payment center in Biyo Dhacay Area residential & commercial grid, Hargeisa",9.55045,44.07329,Corporate & Utilities,utility,Biyo Dhacay Area,False,Zap,Korontada & Biyaha
wda_xafiiska_waaxda_dowladda_hoose_e_1245,Xafiiska Waaxda Dowladda Hoose ee Qaybta 1245 (Xero Awr / Hero Awr),"Municipal sub-office and local civic administration center in Xero Awr / Hero Awr residential & commercial grid, Hargeisa",9.56025,44.04767,Government & Civic,government,Xero Awr / Hero Awr,False,Landmark,Hay'adaha Dowladda
wda_maqaayadda_cuntada_hiddaha_dhaqa_1246,Maqaayadda Cuntada Hiddaha & Dhaqanka ee Qaybta 1246 (Downtown Waheen),"Traditional Somali dishes and family restaurant in Downtown Waheen residential & commercial grid, Hargeisa",9.56454,44.07235,Restaurants & Cafes,restaurant,Downtown Waheen,False,Utensils,Maqaayadaha & Kafateeriyada
wda_kafateeriyada_qahwada_casriga_ah_1247,Kafateeriyada & Qahwada Casriga ah ee Qaybta 1247 (Jigjiga Yar),"Modern coffee house and light dining lounge in Jigjiga Yar residential & commercial grid, Hargeisa",9.58118,44.04044,Restaurants & Cafes,restaurant,Jigjiga Yar,False,Utensils,Maqaayadaha & Kafateeriyada
wda_xarunta_ngo_yada_iyo_samafalka_e_1248,Xarunta NGO-yada iyo Samafalka ee Qaybta 1248 (Ahmed Dhagax),"Non-governmental development agency & aid office in Ahmed Dhagax residential & commercial grid, Hargeisa",9.55882,44.05653,NGOs & Humanitarian,ngo,Ahmed Dhagax,False,Globe,Hay'adaha Samafalka (NGOs)
wda_jidka_iyo_wadada_weyn_ee_qaybta__1249,Jidka iyo Wadada Weyn ee Qaybta 1249 (150 Highway),"Major paved road corridor and arterial avenue in 150 Highway residential & commercial grid, Hargeisa",9.58595,44.05962,Roads & Arterials,arterial_road,150 Highway,False,Navigation,Waddooyinka & Jidadka
wda_xaafada_deganaanshaha_ee_qaybta__1250,Xaafada Deganaanshaha ee Qaybta 1250 (Shaab / Institutional District),"Quiet residential enclave and community living sector in Shaab / Institutional District residential & commercial grid, Hargeisa",9.56197,44.06308,Xaafadaha (Districts),neighborhood,Shaab / Institutional District,False,Home,Xaafadaha & Degmooyinka
wda_cusbitaalka_gurmadka_caafimaadka_1251,Cusbitaalka Gurmadka Caafimaadka ee Qaybta 1251 (Maxamed Mooge),"Specialized neighborhood clinic & emergency health post in Maxamed Mooge residential & commercial grid, Hargeisa",9.52366,44.10998,Hospitals & Healthcare,hospital,Maxamed Mooge,False,HeartPulse,Cusbitaallada & Rugaha Caafimaadka
wda_rugta_daryeelka_hooyada_dhallaan_1252,Rugta Daryeelka Hooyada & Dhallaanka ee Qaybta 1252 (New Hargeisa),"Maternal and child care dispensary center in New Hargeisa residential & commercial grid, Hargeisa",9.55803,44.10189,Hospitals & Healthcare,hospital,New Hargeisa,False,HeartPulse,Cusbitaallada & Rugaha Caafimaadka
wda_farmasiga_shacabka_caafimaadka_e_1253,Farmasiga Shacabka & Caafimaadka ee Qaybta 1253 (Daami),"24/7 community pharmacy and dispensary outpost in Daami residential & commercial grid, Hargeisa",9.57839,44.08781,Hospitals & Healthcare,hospital,Daami,False,HeartPulse,Cusbitaallada & Rugaha Caafimaadka
wda_dugsiga_hoose_dhexe_ee_waxbarash_1254,Dugsiga Hoose/Dhexe ee Waxbarashada Qaybta 1254 (Shiraaqle),"Public primary & intermediate school campus in Shiraaqle residential & commercial grid, Hargeisa",9.56682,44.10853,Schools & Universities,school,Shiraaqle,False,GraduationCap,Dugsiyada & Waxbarashada
wda_akadeemiyada_casriga_ah_ee_qaybt_1255,Akadeemiyada Casriga ah ee Qaybta 1255 (Koodbuur),"Modern high school and STEM educational institute in Koodbuur residential & commercial grid, Hargeisa",9.5776,44.04917,Schools & Universities,school,Koodbuur,False,GraduationCap,Dugsiyada & Waxbarashada
wda_machadka_tababarka_xirfadaha_ee__1256,Machadka Tababarka Xirfadaha ee Qaybta 1256 (Airport Zone / Masalaha),"Vocational and technical training college center in Airport Zone / Masalaha residential & commercial grid, Hargeisa",9.5273,44.09707,Schools & Universities,university,Airport Zone / Masalaha,False,GraduationCap,Jaamacadaha & Kuliyadaha
wda_masjidka_jaamaca_ee_qaybta_1257__1257,Masjidka Jaamaca ee Qaybta 1257 (Kilalka / Sheikh Nuur East),"Congregational Friday mosque with community prayer hall in Kilalka / Sheikh Nuur East residential & commercial grid, Hargeisa",9.5756,44.10167,Mosques (Masaajidda),place_of_worship,Kilalka / Sheikh Nuur East,False,Moon,Masaajidda
wda_masjidka_al_imaan_ee_qaybta_1258_1258,Masjidka Al-Imaan ee Qaybta 1258 (Goljano District),"Neighborhood community mosque and Quranic learning hub in Goljano District residential & commercial grid, Hargeisa",9.56168,44.08744,Mosques (Masaajidda),place_of_worship,Goljano District,False,Moon,Masaajidda
wda_suuqa_khdaarta_iyo_ganacsiga_ee__1259,Suuqa Khdaarta iyo Ganacsiga ee Qaybta 1259 (Biyo Dhacay Area),"Neighborhood open-air fresh market and commercial trade zone in Biyo Dhacay Area residential & commercial grid, Hargeisa",9.55897,44.08008,Markets & Malls,mall,Biyo Dhacay Area,False,ShoppingBag,Suuqyada & Xarumaha Ganacsiga
wda_xarunta_ganacsiga_supermarket_ee_1260,Xarunta Ganacsiga & Supermarket ee Qaybta 1260 (Xero Awr / Hero Awr),"Modern multi-store retail grocery and provisions shopping center in Xero Awr / Hero Awr residential & commercial grid, Hargeisa",9.56938,44.05494,Markets & Malls,mall,Xero Awr / Hero Awr,False,ShoppingBag,Suuqyada & Xarumaha Ganacsiga
wda_kaalinta_shidaalka_hass_national_1261,Kaalinta Shidaalka Hass / National ee Qaybta 1261 (Downtown Waheen),"Service petrol station, diesel dispenser and tire service in Downtown Waheen residential & commercial grid, Hargeisa",9.56303,44.06303,Fuel Stations (Kaalmaha Shidaalka),fuel,Downtown Waheen,False,Fuel,Kaalmaha Shidaalka
wda_kaalinta_shidaalka_gaaska_ee_qay_1262,Kaalinta Shidaalka & Gaaska ee Qaybta 1262 (Jigjiga Yar),"Fuel station and LPG domestic gas distribution depot in Jigjiga Yar residential & commercial grid, Hargeisa",9.57929,44.02878,Fuel Stations (Kaalmaha Shidaalka),fuel,Jigjiga Yar,False,Fuel,Kaalmaha Shidaalka
wda_istaanka_gaadiidka_dadweynaha_ee_1263,Istaanka Gaadiidka Dadweynaha ee Qaybta 1263 (Ahmed Dhagax),"Minibus terminal and designated passenger pick-and-drop stop in Ahmed Dhagax residential & commercial grid, Hargeisa",9.55654,44.04254,Transport & Terminals,transit_station,Ahmed Dhagax,False,Navigation,Istaannada & Gaadiidka
wda_isgoyska_weyn_ee_gaadiidka_ee_qa_1264,Isgoyska Weyn ee Gaadiidka ee Qaybta 1264 (150 Highway),"Major road intersection and inter-district transit artery in 150 Highway residential & commercial grid, Hargeisa",9.5833,44.0433,Transport & Terminals,transit_station,150 Highway,False,Navigation,Istaannada & Gaadiidka
wda_huteelka_nasashada_martida_ee_qa_1265,Huteelka Nasashada & Martida ee Qaybta 1265 (Shaab / Institutional District),"Comfortable guest lodging and family dining restaurant in Shaab / Institutional District residential & commercial grid, Hargeisa",9.5602,44.0522,Hotels & Hospitality,hotel,Shaab / Institutional District,False,Hotel,Huteellada & Martida
wda_laanta_zaad_dahabshiil_ee_qaybta_1266,Laanta ZAAD & Dahabshiil ee Qaybta 1266 (Maxamed Mooge),"Banking kiosk, e-remittance and ZAAD cash-in center in Maxamed Mooge residential & commercial grid, Hargeisa",9.52088,44.09288,Banks & Financial,bank,Maxamed Mooge,False,Landmark,Bangiyada & Xawaaladaha
wda_laanta_taaj_edahab_express_ee_qa_1267,Laanta TAAJ & Edahab Express ee Qaybta 1267 (New Hargeisa),"Financial services, money transfer and remittance desk in New Hargeisa residential & commercial grid, Hargeisa",9.55563,44.08713,Banks & Financial,bank,New Hargeisa,False,Landmark,Bangiyada & Xawaaladaha
wda_xafiiska_adeegga_somtel_telesom__1268,Xafiiska Adeegga Somtel & Telesom ee Qaybta 1268 (Daami),"Telecommunications branch, SIM registration and fiber service hub in Daami residential & commercial grid, Hargeisa",9.57637,44.07537,Corporate & Utilities,corporate,Daami,False,Building2,Shirkadaha & Isgaadhsiinta
wda_xarunta_korontada_sompower_ee_qa_1269,Xarunta Korontada Sompower ee Qaybta 1269 (Shiraaqle),"District electrical distribution and bill payment center in Shiraaqle residential & commercial grid, Hargeisa",9.56454,44.09454,Corporate & Utilities,utility,Shiraaqle,False,Zap,Korontada & Biyaha
wda_xafiiska_waaxda_dowladda_hoose_e_1270,Xafiiska Waaxda Dowladda Hoose ee Qaybta 1270 (Koodbuur),"Municipal sub-office and local civic administration center in Koodbuur residential & commercial grid, Hargeisa",9.57546,44.03595,Government & Civic,government,Koodbuur,False,Landmark,Hay'adaha Dowladda
wda_maqaayadda_cuntada_hiddaha_dhaqa_1271,Maqaayadda Cuntada Hiddaha & Dhaqanka ee Qaybta 1271 (Airport Zone / Masalaha),"Traditional Somali dishes and family restaurant in Airport Zone / Masalaha residential & commercial grid, Hargeisa",9.52414,44.07764,Restaurants & Cafes,restaurant,Airport Zone / Masalaha,False,Utensils,Maqaayadaha & Kafateeriyada
wda_kafateeriyada_qahwada_casriga_ah_1272,Kafateeriyada & Qahwada Casriga ah ee Qaybta 1272 (Kilalka / Sheikh Nuur East),"Modern coffee house and light dining lounge in Kilalka / Sheikh Nuur East residential & commercial grid, Hargeisa",9.57346,44.08845,Restaurants & Cafes,restaurant,Kilalka / Sheikh Nuur East,False,Utensils,Maqaayadaha & Kafateeriyada
wda_xarunta_ngo_yada_iyo_samafalka_e_1273,Xarunta NGO-yada iyo Samafalka ee Qaybta 1273 (Goljano District),"Non-governmental development agency & aid office in Goljano District residential & commercial grid, Hargeisa",9.55979,44.07578,NGOs & Humanitarian,ngo,Goljano District,False,Globe,Hay'adaha Samafalka (NGOs)
wda_jidka_iyo_wadada_weyn_ee_qaybta__1274,Jidka iyo Wadada Weyn ee Qaybta 1274 (Biyo Dhacay Area),"Major paved road corridor and arterial avenue in Biyo Dhacay Area residential & commercial grid, Hargeisa",9.5572,44.0692,Roads & Arterials,arterial_road,Biyo Dhacay Area,False,Navigation,Waddooyinka & Jidadka
wda_xaafada_deganaanshaha_ee_qaybta__1275,Xaafada Deganaanshaha ee Qaybta 1275 (Xero Awr / Hero Awr),"Quiet residential enclave and community living sector in Xero Awr / Hero Awr residential & commercial grid, Hargeisa",9.56749,44.04328,Xaafadaha (Districts),neighborhood,Xero Awr / Hero Awr,False,Home,Xaafadaha & Degmooyinka
wda_cusbitaalka_gurmadka_caafimaadka_1276,Cusbitaalka Gurmadka Caafimaadka ee Qaybta 1276 (Downtown Waheen),"Specialized neighborhood clinic & emergency health post in Downtown Waheen residential & commercial grid, Hargeisa",9.55791,44.07097,Hospitals & Healthcare,hospital,Downtown Waheen,False,HeartPulse,Cusbitaallada & Rugaha Caafimaadka
wda_rugta_daryeelka_hooyada_dhallaan_1277,Rugta Daryeelka Hooyada & Dhallaanka ee Qaybta 1277 (Jigjiga Yar),"Maternal and child care dispensary center in Jigjiga Yar residential & commercial grid, Hargeisa",9.57289,44.03872,Hospitals & Healthcare,hospital,Jigjiga Yar,False,HeartPulse,Cusbitaallada & Rugaha Caafimaadka
wda_farmasiga_shacabka_caafimaadka_e_1278,Farmasiga Shacabka & Caafimaadka ee Qaybta 1278 (Ahmed Dhagax),"24/7 community pharmacy and dispensary outpost in Ahmed Dhagax residential & commercial grid, Hargeisa",9.54887,44.05446,Hospitals & Healthcare,hospital,Ahmed Dhagax,False,HeartPulse,Cusbitaallada & Rugaha Caafimaadka
wda_dugsiga_hoose_dhexe_ee_waxbarash_1279,Dugsiga Hoose/Dhexe ee Waxbarashada Qaybta 1279 (150 Highway),"Public primary & intermediate school campus in 150 Highway residential & commercial grid, Hargeisa",9.57435,44.05721,Schools & Universities,school,150 Highway,False,GraduationCap,Dugsiyada & Waxbarashada
wda_akadeemiyada_casriga_ah_ee_qaybt_1280,Akadeemiyada Casriga ah ee Qaybta 1280 (Shaab / Institutional District),"Modern high school and STEM educational institute in Shaab / Institutional District residential & commercial grid, Hargeisa",9.55423,44.06147,Schools & Universities,school,Shaab / Institutional District,False,GraduationCap,Dugsiyada & Waxbarashada
wda_machadka_tababarka_xirfadaha_ee__1281,Machadka Tababarka Xirfadaha ee Qaybta 1281 (Maxamed Mooge),"Vocational and technical training college center in Maxamed Mooge residential & commercial grid, Hargeisa",9.51151,44.10745,Schools & Universities,university,Maxamed Mooge,False,GraduationCap,Jaamacadaha & Kuliyadaha
wda_masjidka_jaamaca_ee_qaybta_1282__1282,Masjidka Jaamaca ee Qaybta 1282 (New Hargeisa),"Congregational Friday mosque with community prayer hall in New Hargeisa residential & commercial grid, Hargeisa",9.54753,44.09971,Mosques (Masaajidda),place_of_worship,New Hargeisa,False,Moon,Masaajidda
wda_masjidka_al_imaan_ee_qaybta_1283_1283,Masjidka Al-Imaan ee Qaybta 1283 (Daami),"Neighborhood community mosque and Quranic learning hub in Daami residential & commercial grid, Hargeisa",9.56955,44.08597,Mosques (Masaajidda),place_of_worship,Daami,False,Moon,Masaajidda
wda_suuqa_khdaarta_iyo_ganacsiga_ee__1284,Suuqa Khdaarta iyo Ganacsiga ee Qaybta 1284 (Shiraaqle),"Neighborhood open-air fresh market and commercial trade zone in Shiraaqle residential & commercial grid, Hargeisa",9.55687,44.10646,Markets & Malls,mall,Shiraaqle,False,ShoppingBag,Suuqyada & Xarumaha Ganacsiga
wda_xarunta_ganacsiga_supermarket_ee_1285,Xarunta Ganacsiga & Supermarket ee Qaybta 1285 (Koodbuur),"Modern multi-store retail grocery and provisions shopping center in Koodbuur residential & commercial grid, Hargeisa",9.56821,44.04721,Markets & Malls,mall,Koodbuur,False,ShoppingBag,Suuqyada & Xarumaha Ganacsiga
wda_kaalinta_shidaalka_hass_national_1286,Kaalinta Shidaalka Hass / National ee Qaybta 1286 (Airport Zone / Masalaha),"Service petrol station, diesel dispenser and tire service in Airport Zone / Masalaha residential & commercial grid, Hargeisa",9.51349,44.0942,Fuel Stations (Kaalmaha Shidaalka),fuel,Airport Zone / Masalaha,False,Fuel,Kaalmaha Shidaalka
wda_kaalinta_shidaalka_gaaska_ee_qay_1287,Kaalinta Shidaalka & Gaaska ee Qaybta 1287 (Kilalka / Sheikh Nuur East),"Fuel station and LPG domestic gas distribution depot in Kilalka / Sheikh Nuur East residential & commercial grid, Hargeisa",9.56621,44.09971,Fuel Stations (Kaalmaha Shidaalka),fuel,Kilalka / Sheikh Nuur East,False,Fuel,Kaalmaha Shidaalka
wda_istaanka_gaadiidka_dadweynaha_ee_1288,Istaanka Gaadiidka Dadweynaha ee Qaybta 1288 (Goljano District),"Minibus terminal and designated passenger pick-and-drop stop in Goljano District residential & commercial grid, Hargeisa",9.55339,44.08572,Transport & Terminals,transit_station,Goljano District,False,Navigation,Istaannada & Gaadiidka
wda_isgoyska_weyn_ee_gaadiidka_ee_qa_1289,Isgoyska Weyn ee Gaadiidka ee Qaybta 1289 (Biyo Dhacay Area),"Major road intersection and inter-district transit artery in Biyo Dhacay Area residential & commercial grid, Hargeisa",9.55123,44.07847,Transport & Terminals,transit_station,Biyo Dhacay Area,False,Navigation,Istaannada & Gaadiidka
wda_huteelka_nasashada_martida_ee_qa_1290,Huteelka Nasashada & Martida ee Qaybta 1290 (Xero Awr / Hero Awr),"Comfortable guest lodging and family dining restaurant in Xero Awr / Hero Awr residential & commercial grid, Hargeisa",9.56109,44.05322,Hotels & Hospitality,hotel,Xero Awr / Hero Awr,False,Hotel,Huteellada & Martida
wda_laanta_zaad_dahabshiil_ee_qaybta_1291,Laanta ZAAD & Dahabshiil ee Qaybta 1291 (Downtown Waheen),"Banking kiosk, e-remittance and ZAAD cash-in center in Downtown Waheen residential & commercial grid, Hargeisa",9.56701,44.06861,Banks & Financial,bank,Downtown Waheen,False,Landmark,Bangiyada & Xawaaladaha
wda_laanta_taaj_edahab_express_ee_qa_1292,Laanta TAAJ & Edahab Express ee Qaybta 1292 (Jigjiga Yar),"Financial services, money transfer and remittance desk in Jigjiga Yar residential & commercial grid, Hargeisa",9.58427,44.03576,Banks & Financial,bank,Jigjiga Yar,False,Landmark,Bangiyada & Xawaaladaha
wda_xafiiska_adeegga_somtel_telesom__1293,Xafiiska Adeegga Somtel & Telesom ee Qaybta 1293 (Ahmed Dhagax),"Telecommunications branch, SIM registration and fiber service hub in Ahmed Dhagax residential & commercial grid, Hargeisa",9.56252,44.05091,Corporate & Utilities,corporate,Ahmed Dhagax,False,Building2,Shirkadaha & Isgaadhsiinta
wda_xarunta_korontada_sompower_ee_qa_1294,Xarunta Korontada Sompower ee Qaybta 1294 (150 Highway),"District electrical distribution and bill payment center in 150 Highway residential & commercial grid, Hargeisa",9.59027,44.05307,Corporate & Utilities,utility,150 Highway,False,Zap,Korontada & Biyaha
wda_xafiiska_waaxda_dowladda_hoose_e_1295,Xafiiska Waaxda Dowladda Hoose ee Qaybta 1295 (Shaab / Institutional District),"Municipal sub-office and local civic administration center in Shaab / Institutional District residential & commercial grid, Hargeisa",9.56485,44.05871,Government & Civic,government,Shaab / Institutional District,False,Landmark,Hay'adaha Dowladda
wda_maqaayadda_cuntada_hiddaha_dhaqa_1296,Maqaayadda Cuntada Hiddaha & Dhaqanka ee Qaybta 1296 (Maxamed Mooge),"Traditional Somali dishes and family restaurant in Maxamed Mooge residential & commercial grid, Hargeisa",9.52819,44.10312,Restaurants & Cafes,restaurant,Maxamed Mooge,False,Utensils,Maqaayadaha & Kafateeriyada
wda_kafateeriyada_qahwada_casriga_ah_1297,Kafateeriyada & Qahwada Casriga ah ee Qaybta 1297 (New Hargeisa),"Modern coffee house and light dining lounge in New Hargeisa residential & commercial grid, Hargeisa",9.56194,44.09596,Restaurants & Cafes,restaurant,New Hargeisa,False,Utensils,Maqaayadaha & Kafateeriyada
wda_xarunta_ngo_yada_iyo_samafalka_e_1298,Xarunta NGO-yada iyo Samafalka ee Qaybta 1298 (Daami),"Non-governmental development agency & aid office in Daami residential & commercial grid, Hargeisa",9.58169,44.08281,NGOs & Humanitarian,ngo,Daami,False,Globe,Hay'adaha Samafalka (NGOs)
wda_jidka_iyo_wadada_weyn_ee_qaybta__1299,Jidka iyo Wadada Weyn ee Qaybta 1299 (Shiraaqle),"Major paved road corridor and arterial avenue in Shiraaqle residential & commercial grid, Hargeisa",9.57052,44.10291,Roads & Arterials,arterial_road,Shiraaqle,False,Navigation,Waddooyinka & Jidadka
wda_xaafada_deganaanshaha_ee_qaybta__1300,Xaafada Deganaanshaha ee Qaybta 1300 (Koodbuur),"Quiet residential enclave and community living sector in Koodbuur residential & commercial grid, Hargeisa",9.5811,44.04386,Xaafadaha (Districts),neighborhood,Koodbuur,False,Home,Xaafadaha & Degmooyinka
wda_cusbitaalka_gurmadka_caafimaadka_1301,Cusbitaalka Gurmadka Caafimaadka ee Qaybta 1301 (Airport Zone / Masalaha),"Specialized neighborhood clinic & emergency health post in Airport Zone / Masalaha residential & commercial grid, Hargeisa",9.53245,44.08927,Hospitals & Healthcare,hospital,Airport Zone / Masalaha,False,HeartPulse,Cusbitaallada & Rugaha Caafimaadka
wda_rugta_daryeelka_hooyada_dhallaan_1302,Rugta Daryeelka Hooyada & Dhallaanka ee Qaybta 1302 (Kilalka / Sheikh Nuur East),"Maternal and child care dispensary center in Kilalka / Sheikh Nuur East residential & commercial grid, Hargeisa",9.5791,44.09636,Hospitals & Healthcare,hospital,Kilalka / Sheikh Nuur East,False,HeartPulse,Cusbitaallada & Rugaha Caafimaadka
wda_farmasiga_shacabka_caafimaadka_e_1303,Farmasiga Shacabka & Caafimaadka ee Qaybta 1303 (Goljano District),"24/7 community pharmacy and dispensary outpost in Goljano District residential & commercial grid, Hargeisa",9.56477,44.08276,Hospitals & Healthcare,hospital,Goljano District,False,HeartPulse,Cusbitaallada & Rugaha Caafimaadka
wda_dugsiga_hoose_dhexe_ee_waxbarash_1304,Dugsiga Hoose/Dhexe ee Waxbarashada Qaybta 1304 (Biyo Dhacay Area),"Public primary & intermediate school campus in Biyo Dhacay Area residential & commercial grid, Hargeisa",9.56185,44.07571,Schools & Universities,school,Biyo Dhacay Area,False,GraduationCap,Dugsiyada & Waxbarashada
wda_akadeemiyada_casriga_ah_ee_qaybt_1305,Akadeemiyada Casriga ah ee Qaybta 1305 (Xero Awr / Hero Awr),"Modern high school and STEM educational institute in Xero Awr / Hero Awr residential & commercial grid, Hargeisa",9.57247,44.05026,Schools & Universities,school,Xero Awr / Hero Awr,False,GraduationCap,Dugsiyada & Waxbarashada
wda_machadka_tababarka_xirfadaha_ee__1306,Machadka Tababarka Xirfadaha ee Qaybta 1306 (Downtown Waheen),"Vocational and technical training college center in Downtown Waheen residential & commercial grid, Hargeisa",9.5587,44.0641,Schools & Universities,university,Downtown Waheen,False,GraduationCap,Jaamacadaha & Kuliyadaha
wda_masjidka_jaamaca_ee_qaybta_1307__1307,Masjidka Jaamaca ee Qaybta 1307 (Jigjiga Yar),"Congregational Friday mosque with community prayer hall in Jigjiga Yar residential & commercial grid, Hargeisa",9.57387,44.03013,Mosques (Masaajidda),place_of_worship,Jigjiga Yar,False,Moon,Masaajidda
wda_masjidka_al_imaan_ee_qaybta_1308_1308,Masjidka Al-Imaan ee Qaybta 1308 (Ahmed Dhagax),"Neighborhood community mosque and Quranic learning hub in Ahmed Dhagax residential & commercial grid, Hargeisa",9.55004,44.04415,Mosques (Masaajidda),place_of_worship,Ahmed Dhagax,False,Moon,Masaajidda
wda_suuqa_khdaarta_iyo_ganacsiga_ee__1309,Suuqa Khdaarta iyo Ganacsiga ee Qaybta 1309 (150 Highway),"Neighborhood open-air fresh market and commercial trade zone in 150 Highway residential & commercial grid, Hargeisa",9.57572,44.04518,Markets & Malls,mall,150 Highway,False,ShoppingBag,Suuqyada & Xarumaha Ganacsiga
wda_xarunta_ganacsiga_supermarket_ee_1310,Xarunta Ganacsiga & Supermarket ee Qaybta 1310 (Shaab / Institutional District),"Modern multi-store retail grocery and provisions shopping center in Shaab / Institutional District residential & commercial grid, Hargeisa",9.55514,44.05345,Markets & Malls,mall,Shaab / Institutional District,False,ShoppingBag,Suuqyada & Xarumaha Ganacsiga
wda_kaalinta_shidaalka_hass_national_1311,Kaalinta Shidaalka Hass / National ee Qaybta 1311 (Maxamed Mooge),"Service petrol station, diesel dispenser and tire service in Maxamed Mooge residential & commercial grid, Hargeisa",9.51294,44.09485,Fuel Stations (Kaalmaha Shidaalka),fuel,Maxamed Mooge,False,Fuel,Kaalmaha Shidaalka
wda_kaalinta_shidaalka_gaaska_ee_qay_1312,Kaalinta Shidaalka & Gaaska ee Qaybta 1312 (New Hargeisa),"Fuel station and LPG domestic gas distribution depot in New Hargeisa residential & commercial grid, Hargeisa",9.54877,44.08883,Fuel Stations (Kaalmaha Shidaalka),fuel,New Hargeisa,False,Fuel,Kaalmaha Shidaalka
wda_istaanka_gaadiidka_dadweynaha_ee_1313,Istaanka Gaadiidka Dadweynaha ee Qaybta 1313 (Daami),"Minibus terminal and designated passenger pick-and-drop stop in Daami residential & commercial grid, Hargeisa",9.57059,44.0768,Transport & Terminals,transit_station,Daami,False,Navigation,Istaannada & Gaadiidka
wda_isgoyska_weyn_ee_gaadiidka_ee_qa_1314,Isgoyska Weyn ee Gaadiidka ee Qaybta 1314 (Shiraaqle),"Major road intersection and inter-district transit artery in Shiraaqle residential & commercial grid, Hargeisa",9.55804,44.09615,Transport & Terminals,transit_station,Shiraaqle,False,Navigation,Istaannada & Gaadiidka
wda_huteelka_nasashada_martida_ee_qa_1315,Huteelka Nasashada & Martida ee Qaybta 1315 (Koodbuur),"Comfortable guest lodging and family dining restaurant in Koodbuur residential & commercial grid, Hargeisa",9.56932,44.03748,Hotels & Hospitality,hotel,Koodbuur,False,Hotel,Huteellada & Martida
wda_laanta_zaad_dahabshiil_ee_qaybta_1316,Laanta ZAAD & Dahabshiil ee Qaybta 1316 (Airport Zone / Masalaha),"Banking kiosk, e-remittance and ZAAD cash-in center in Airport Zone / Masalaha residential & commercial grid, Hargeisa",9.51511,44.07988,Banks & Financial,bank,Airport Zone / Masalaha,False,Landmark,Bangiyada & Xawaaladaha
wda_laanta_taaj_edahab_express_ee_qa_1317,Laanta TAAJ & Edahab Express ee Qaybta 1317 (Kilalka / Sheikh Nuur East),"Financial services, money transfer and remittance desk in Kilalka / Sheikh Nuur East residential & commercial grid, Hargeisa",9.56732,44.08998,Banks & Financial,bank,Kilalka / Sheikh Nuur East,False,Landmark,Bangiyada & Xawaaladaha
wda_xafiiska_adeegga_somtel_telesom__1318,Xafiiska Adeegga Somtel & Telesom ee Qaybta 1318 (Goljano District),"Telecommunications branch, SIM registration and fiber service hub in Goljano District residential & commercial grid, Hargeisa",9.55437,44.07713,Corporate & Utilities,corporate,Goljano District,False,Building2,Shirkadaha & Isgaadhsiinta
wda_xarunta_korontada_sompower_ee_qa_1319,Xarunta Korontada Sompower ee Qaybta 1319 (Biyo Dhacay Area),"District electrical distribution and bill payment center in Biyo Dhacay Area residential & commercial grid, Hargeisa",9.55214,44.07045,Corporate & Utilities,utility,Biyo Dhacay Area,False,Zap,Korontada & Biyaha
wda_xafiiska_waaxda_dowladda_hoose_e_1320,Xafiiska Waaxda Dowladda Hoose ee Qaybta 1320 (Xero Awr / Hero Awr),"Municipal sub-office and local civic administration center in Xero Awr / Hero Awr residential & commercial grid, Hargeisa",9.56207,44.04463,Government & Civic,government,Xero Awr / Hero Awr,False,Landmark,Hay'adaha Dowladda
wda_maqaayadda_cuntada_hiddaha_dhaqa_1321,Maqaayadda Cuntada Hiddaha & Dhaqanka ee Qaybta 1321 (Downtown Waheen),"Traditional Somali dishes and family restaurant in Downtown Waheen residential & commercial grid, Hargeisa",9.56184,44.07316,Restaurants & Cafes,restaurant,Downtown Waheen,False,Utensils,Maqaayadaha & Kafateeriyada
wda_kafateeriyada_qahwada_casriga_ah_1322,Kafateeriyada & Qahwada Casriga ah ee Qaybta 1322 (Jigjiga Yar),"Modern coffee house and light dining lounge in Jigjiga Yar residential & commercial grid, Hargeisa",9.5778,44.04145,Restaurants & Cafes,restaurant,Jigjiga Yar,False,Utensils,Maqaayadaha & Kafateeriyada
wda_xarunta_ngo_yada_iyo_samafalka_e_1323,Xarunta NGO-yada iyo Samafalka ee Qaybta 1323 (Ahmed Dhagax),"Non-governmental development agency & aid office in Ahmed Dhagax residential & commercial grid, Hargeisa",9.55476,44.05774,NGOs & Humanitarian,ngo,Ahmed Dhagax,False,Globe,Hay'adaha Samafalka (NGOs)
wda_jidka_iyo_wadada_weyn_ee_qaybta__1324,Jidka iyo Wadada Weyn ee Qaybta 1324 (150 Highway),"Major paved road corridor and arterial avenue in 150 Highway residential & commercial grid, Hargeisa",9.58122,44.06103,Roads & Arterials,arterial_road,150 Highway,False,Navigation,Waddooyinka & Jidadka
wda_xaafada_deganaanshaha_ee_qaybta__1325,Xaafada Deganaanshaha ee Qaybta 1325 (Shaab / Institutional District),"Quiet residential enclave and community living sector in Shaab / Institutional District residential & commercial grid, Hargeisa",9.55881,44.06402,Xaafadaha (Districts),neighborhood,Shaab / Institutional District,False,Home,Xaafadaha & Degmooyinka
wda_cusbitaalka_gurmadka_caafimaadka_1326,Cusbitaalka Gurmadka Caafimaadka ee Qaybta 1326 (Maxamed Mooge),"Specialized neighborhood clinic & emergency health post in Maxamed Mooge residential & commercial grid, Hargeisa",9.51871,44.11146,Hospitals & Healthcare,hospital,Maxamed Mooge,False,HeartPulse,Cusbitaallada & Rugaha Caafimaadka
wda_rugta_daryeelka_hooyada_dhallaan_1327,Rugta Daryeelka Hooyada & Dhallaanka ee Qaybta 1327 (New Hargeisa),"Maternal and child care dispensary center in New Hargeisa residential & commercial grid, Hargeisa",9.55375,44.10317,Hospitals & Healthcare,hospital,New Hargeisa,False,HeartPulse,Cusbitaallada & Rugaha Caafimaadka
wda_farmasiga_shacabka_caafimaadka_e_1328,Farmasiga Shacabka & Caafimaadka ee Qaybta 1328 (Daami),"24/7 community pharmacy and dispensary outpost in Daami residential & commercial grid, Hargeisa",9.57479,44.08888,Hospitals & Healthcare,hospital,Daami,False,HeartPulse,Cusbitaallada & Rugaha Caafimaadka
wda_dugsiga_hoose_dhexe_ee_waxbarash_1329,Dugsiga Hoose/Dhexe ee Waxbarashada Qaybta 1329 (Shiraaqle),"Public primary & intermediate school campus in Shiraaqle residential & commercial grid, Hargeisa",9.56276,44.10974,Schools & Universities,school,Shiraaqle,False,GraduationCap,Dugsiyada & Waxbarashada
wda_akadeemiyada_casriga_ah_ee_qaybt_1330,Akadeemiyada Casriga ah ee Qaybta 1330 (Koodbuur),"Modern high school and STEM educational institute in Koodbuur residential & commercial grid, Hargeisa",9.57377,44.05031,Schools & Universities,school,Koodbuur,False,GraduationCap,Dugsiyada & Waxbarashada
wda_machadka_tababarka_xirfadaha_ee__1331,Machadka Tababarka Xirfadaha ee Qaybta 1331 (Airport Zone / Masalaha),"Vocational and technical training college center in Airport Zone / Masalaha residential & commercial grid, Hargeisa",9.52167,44.09875,Schools & Universities,university,Airport Zone / Masalaha,False,GraduationCap,Jaamacadaha & Kuliyadaha
wda_masjidka_jaamaca_ee_qaybta_1332__1332,Masjidka Jaamaca ee Qaybta 1332 (Kilalka / Sheikh Nuur East),"Congregational Friday mosque with community prayer hall in Kilalka / Sheikh Nuur East residential & commercial grid, Hargeisa",9.57177,44.10281,Mosques (Masaajidda),place_of_worship,Kilalka / Sheikh Nuur East,False,Moon,Masaajidda
wda_masjidka_al_imaan_ee_qaybta_1333_1333,Masjidka Al-Imaan ee Qaybta 1333 (Goljano District),"Neighborhood community mosque and Quranic learning hub in Goljano District residential & commercial grid, Hargeisa",9.5583,44.08845,Mosques (Masaajidda),place_of_worship,Goljano District,False,Moon,Masaajidda
wda_suuqa_khdaarta_iyo_ganacsiga_ee__1334,Suuqa Khdaarta iyo Ganacsiga ee Qaybta 1334 (Biyo Dhacay Area),"Neighborhood open-air fresh market and commercial trade zone in Biyo Dhacay Area residential & commercial grid, Hargeisa",9.55581,44.08102,Markets & Malls,mall,Biyo Dhacay Area,False,ShoppingBag,Suuqyada & Xarumaha Ganacsiga
wda_xarunta_ganacsiga_supermarket_ee_1335,Xarunta Ganacsiga & Supermarket ee Qaybta 1335 (Xero Awr / Hero Awr),"Modern multi-store retail grocery and provisions shopping center in Xero Awr / Hero Awr residential & commercial grid, Hargeisa",9.566,44.05595,Markets & Malls,mall,Xero Awr / Hero Awr,False,ShoppingBag,Suuqyada & Xarumaha Ganacsiga
wda_kaalinta_shidaalka_hass_national_1336,Kaalinta Shidaalka Hass / National ee Qaybta 1336 (Downtown Waheen),"Service petrol station, diesel dispenser and tire service in Downtown Waheen residential & commercial grid, Hargeisa",9.56557,44.06429,Fuel Stations (Kaalmaha Shidaalka),fuel,Downtown Waheen,False,Fuel,Kaalmaha Shidaalka
wda_kaalinta_shidaalka_gaaska_ee_qay_1337,Kaalinta Shidaalka & Gaaska ee Qaybta 1337 (Jigjiga Yar),"Fuel station and LPG domestic gas distribution depot in Jigjiga Yar residential & commercial grid, Hargeisa",9.58246,44.03037,Fuel Stations (Kaalmaha Shidaalka),fuel,Jigjiga Yar,False,Fuel,Kaalmaha Shidaalka
wda_istaanka_gaadiidka_dadweynaha_ee_1338,Istaanka Gaadiidka Dadweynaha ee Qaybta 1338 (Ahmed Dhagax),"Minibus terminal and designated passenger pick-and-drop stop in Ahmed Dhagax residential & commercial grid, Hargeisa",9.56035,44.04444,Transport & Terminals,transit_station,Ahmed Dhagax,False,Navigation,Istaannada & Gaadiidka
wda_isgoyska_weyn_ee_gaadiidka_ee_qa_1339,Isgoyska Weyn ee Gaadiidka ee Qaybta 1339 (150 Highway),"Major road intersection and inter-district transit artery in 150 Highway residential & commercial grid, Hargeisa",9.58774,44.04551,Transport & Terminals,transit_station,150 Highway,False,Navigation,Istaannada & Gaadiidka
wda_huteelka_nasashada_martida_ee_qa_1340,Huteelka Nasashada & Martida ee Qaybta 1340 (Shaab / Institutional District),"Comfortable guest lodging and family dining restaurant in Shaab / Institutional District residential & commercial grid, Hargeisa",9.56316,44.05367,Hotels & Hospitality,hotel,Shaab / Institutional District,False,Hotel,Huteellada & Martida
wda_laanta_zaad_dahabshiil_ee_qaybta_1341,Laanta ZAAD & Dahabshiil ee Qaybta 1341 (Maxamed Mooge),"Banking kiosk, e-remittance and ZAAD cash-in center in Maxamed Mooge residential & commercial grid, Hargeisa",9.52554,44.0952,Banks & Financial,bank,Maxamed Mooge,False,Landmark,Bangiyada & Xawaaladaha
wda_laanta_taaj_edahab_express_ee_qa_1342,Laanta TAAJ & Edahab Express ee Qaybta 1342 (New Hargeisa),"Financial services, money transfer and remittance desk in New Hargeisa residential & commercial grid, Hargeisa",9.55965,44.08913,Banks & Financial,bank,New Hargeisa,False,Landmark,Bangiyada & Xawaaladaha
wda_xafiiska_adeegga_somtel_telesom__1343,Xafiiska Adeegga Somtel & Telesom ee Qaybta 1343 (Daami),"Telecommunications branch, SIM registration and fiber service hub in Daami residential & commercial grid, Hargeisa",9.57976,44.07706,Corporate & Utilities,corporate,Daami,False,Building2,Shirkadaha & Isgaadhsiinta
wda_xarunta_korontada_sompower_ee_qa_1344,Xarunta Korontada Sompower ee Qaybta 1344 (Shiraaqle),"District electrical distribution and bill payment center in Shiraaqle residential & commercial grid, Hargeisa",9.56835,44.09644,Corporate & Utilities,utility,Shiraaqle,False,Zap,Korontada & Biyaha
wda_xafiiska_waaxda_dowladda_hoose_e_1345,Xafiiska Waaxda Dowladda Hoose ee Qaybta 1345 (Koodbuur),"Municipal sub-office and local civic administration center in Koodbuur residential & commercial grid, Hargeisa",9.57905,44.03775,Government & Civic,government,Koodbuur,False,Landmark,Hay'adaha Dowladda
wda_maqaayadda_cuntada_hiddaha_dhaqa_1346,Maqaayadda Cuntada Hiddaha & Dhaqanka ee Qaybta 1346 (Airport Zone / Masalaha),"Traditional Somali dishes and family restaurant in Airport Zone / Masalaha residential & commercial grid, Hargeisa",9.52943,44.08028,Restaurants & Cafes,restaurant,Airport Zone / Masalaha,False,Utensils,Maqaayadaha & Kafateeriyada
wda_kafateeriyada_qahwada_casriga_ah_1347,Kafateeriyada & Qahwada Casriga ah ee Qaybta 1347 (Kilalka / Sheikh Nuur East),"Modern coffee house and light dining lounge in Kilalka / Sheikh Nuur East residential & commercial grid, Hargeisa",9.57705,44.09025,Restaurants & Cafes,restaurant,Kilalka / Sheikh Nuur East,False,Utensils,Maqaayadaha & Kafateeriyada
wda_xarunta_ngo_yada_iyo_samafalka_e_1348,Xarunta NGO-yada iyo Samafalka ee Qaybta 1348 (Goljano District),"Non-governmental development agency & aid office in Goljano District residential & commercial grid, Hargeisa",9.56296,44.07737,NGOs & Humanitarian,ngo,Goljano District,False,Globe,Hay'adaha Samafalka (NGOs)
wda_jidka_iyo_wadada_weyn_ee_qaybta__1349,Jidka iyo Wadada Weyn ee Qaybta 1349 (Biyo Dhacay Area),"Major paved road corridor and arterial avenue in Biyo Dhacay Area residential & commercial grid, Hargeisa",9.56016,44.07067,Roads & Arterials,arterial_road,Biyo Dhacay Area,False,Navigation,Waddooyinka & Jidadka
wda_xaafada_deganaanshaha_ee_qaybta__1350,Xaafada Deganaanshaha ee Qaybta 1350 (Xero Awr / Hero Awr),"Quiet residential enclave and community living sector in Xero Awr / Hero Awr residential & commercial grid, Hargeisa",9.57066,44.04487,Xaafadaha (Districts),neighborhood,Xero Awr / Hero Awr,False,Home,Xaafadaha & Degmooyinka
wda_cusbitaalka_gurmadka_caafimaadka_1351,Cusbitaalka Gurmadka Caafimaadka ee Qaybta 1351 (Downtown Waheen),"Specialized neighborhood clinic & emergency health post in Downtown Waheen residential & commercial grid, Hargeisa",9.55688,44.06829,Hospitals & Healthcare,hospital,Downtown Waheen,False,HeartPulse,Cusbitaallada & Rugaha Caafimaadka
wda_rugta_daryeelka_hooyada_dhallaan_1352,Rugta Daryeelka Hooyada & Dhallaanka ee Qaybta 1352 (Jigjiga Yar),"Maternal and child care dispensary center in Jigjiga Yar residential & commercial grid, Hargeisa",9.5716,44.03536,Hospitals & Healthcare,hospital,Jigjiga Yar,False,HeartPulse,Cusbitaallada & Rugaha Caafimaadka
wda_farmasiga_shacabka_caafimaadka_e_1353,Farmasiga Shacabka & Caafimaadka ee Qaybta 1353 (Ahmed Dhagax),"24/7 community pharmacy and dispensary outpost in Ahmed Dhagax residential & commercial grid, Hargeisa",9.54732,44.05044,Hospitals & Healthcare,hospital,Ahmed Dhagax,False,HeartPulse,Cusbitaallada & Rugaha Caafimaadka
wda_dugsiga_hoose_dhexe_ee_waxbarash_1354,Dugsiga Hoose/Dhexe ee Waxbarashada Qaybta 1354 (150 Highway),"Public primary & intermediate school campus in 150 Highway residential & commercial grid, Hargeisa",9.57254,44.05251,Schools & Universities,school,150 Highway,False,GraduationCap,Dugsiyada & Waxbarashada
wda_akadeemiyada_casriga_ah_ee_qaybt_1355,Akadeemiyada Casriga ah ee Qaybta 1355 (Shaab / Institutional District),"Modern high school and STEM educational institute in Shaab / Institutional District residential & commercial grid, Hargeisa",9.55303,44.05834,Schools & Universities,school,Shaab / Institutional District,False,GraduationCap,Dugsiyada & Waxbarashada
wda_machadka_tababarka_xirfadaha_ee__1356,Machadka Tababarka Xirfadaha ee Qaybta 1356 (Maxamed Mooge),"Vocational and technical training college center in Maxamed Mooge residential & commercial grid, Hargeisa",9.50961,44.10253,Schools & Universities,university,Maxamed Mooge,False,GraduationCap,Jaamacadaha & Kuliyadaha
wda_masjidka_jaamaca_ee_qaybta_1357__1357,Masjidka Jaamaca ee Qaybta 1357 (New Hargeisa),"Congregational Friday mosque with community prayer hall in New Hargeisa residential & commercial grid, Hargeisa",9.54589,44.09546,Mosques (Masaajidda),place_of_worship,New Hargeisa,False,Moon,Masaajidda
wda_masjidka_al_imaan_ee_qaybta_1358_1358,Masjidka Al-Imaan ee Qaybta 1358 (Daami),"Neighborhood community mosque and Quranic learning hub in Daami residential & commercial grid, Hargeisa",9.56817,44.08239,Mosques (Masaajidda),place_of_worship,Daami,False,Moon,Masaajidda
wda_suuqa_khdaarta_iyo_ganacsiga_ee__1359,Suuqa Khdaarta iyo Ganacsiga ee Qaybta 1359 (Shiraaqle),"Neighborhood open-air fresh market and commercial trade zone in Shiraaqle residential & commercial grid, Hargeisa",9.55532,44.10244,Markets & Malls,mall,Shiraaqle,False,ShoppingBag,Suuqyada & Xarumaha Ganacsiga
wda_xarunta_ganacsiga_supermarket_ee_1360,Xarunta Ganacsiga & Supermarket ee Qaybta 1360 (Koodbuur),"Modern multi-store retail grocery and provisions shopping center in Koodbuur residential & commercial grid, Hargeisa",9.56675,44.04341,Markets & Malls,mall,Koodbuur,False,ShoppingBag,Suuqyada & Xarumaha Ganacsiga
wda_kaalinta_shidaalka_hass_national_1361,Kaalinta Shidaalka Hass / National ee Qaybta 1361 (Airport Zone / Masalaha),"Service petrol station, diesel dispenser and tire service in Airport Zone / Masalaha residential & commercial grid, Hargeisa",9.51133,44.08861,Fuel Stations (Kaalmaha Shidaalka),fuel,Airport Zone / Masalaha,False,Fuel,Kaalmaha Shidaalka
wda_kaalinta_shidaalka_gaaska_ee_qay_1362,Kaalinta Shidaalka & Gaaska ee Qaybta 1362 (Kilalka / Sheikh Nuur East),"Fuel station and LPG domestic gas distribution depot in Kilalka / Sheikh Nuur East residential & commercial grid, Hargeisa",9.56475,44.09591,Fuel Stations (Kaalmaha Shidaalka),fuel,Kilalka / Sheikh Nuur East,False,Fuel,Kaalmaha Shidaalka
wda_istaanka_gaadiidka_dadweynaha_ee_1363,Istaanka Gaadiidka Dadweynaha ee Qaybta 1363 (Goljano District),"Minibus terminal and designated passenger pick-and-drop stop in Goljano District residential & commercial grid, Hargeisa",9.5521,44.08236,Transport & Terminals,transit_station,Goljano District,False,Navigation,Istaannada & Gaadiidka
wda_isgoyska_weyn_ee_gaadiidka_ee_qa_1364,Isgoyska Weyn ee Gaadiidka ee Qaybta 1364 (Biyo Dhacay Area),"Major road intersection and inter-district transit artery in Biyo Dhacay Area residential & commercial grid, Hargeisa",9.55003,44.07534,Transport & Terminals,transit_station,Biyo Dhacay Area,False,Navigation,Istaannada & Gaadiidka
wda_huteelka_nasashada_martida_ee_qa_1365,Huteelka Nasashada & Martida ee Qaybta 1365 (Xero Awr / Hero Awr),"Comfortable guest lodging and family dining restaurant in Xero Awr / Hero Awr residential & commercial grid, Hargeisa",9.5598,44.04986,Hotels & Hospitality,hotel,Xero Awr / Hero Awr,False,Hotel,Huteellada & Martida
wda_laanta_zaad_dahabshiil_ee_qaybta_1366,Laanta ZAAD & Dahabshiil ee Qaybta 1366 (Downtown Waheen),"Banking kiosk, e-remittance and ZAAD cash-in center in Downtown Waheen residential & commercial grid, Hargeisa",9.56598,44.07131,Banks & Financial,bank,Downtown Waheen,False,Landmark,Bangiyada & Xawaaladaha
wda_laanta_taaj_edahab_express_ee_qa_1367,Laanta TAAJ & Edahab Express ee Qaybta 1367 (Jigjiga Yar),"Financial services, money transfer and remittance desk in Jigjiga Yar residential & commercial grid, Hargeisa",9.58298,44.03913,Banks & Financial,bank,Jigjiga Yar,False,Landmark,Bangiyada & Xawaaladaha
wda_xafiiska_adeegga_somtel_telesom__1368,Xafiiska Adeegga Somtel & Telesom ee Qaybta 1368 (Ahmed Dhagax),"Telecommunications branch, SIM registration and fiber service hub in Ahmed Dhagax residential & commercial grid, Hargeisa",9.56098,44.05496,Corporate & Utilities,corporate,Ahmed Dhagax,False,Building2,Shirkadaha & Isgaadhsiinta
wda_xarunta_korontada_sompower_ee_qa_1369,Xarunta Korontada Sompower ee Qaybta 1369 (150 Highway),"District electrical distribution and bill payment center in 150 Highway residential & commercial grid, Hargeisa",9.58847,44.05778,Corporate & Utilities,utility,150 Highway,False,Zap,Korontada & Biyaha
wda_xafiiska_waaxda_dowladda_hoose_e_1370,Xafiiska Waaxda Dowladda Hoose ee Qaybta 1370 (Shaab / Institutional District),"Municipal sub-office and local civic administration center in Shaab / Institutional District residential & commercial grid, Hargeisa",9.56365,44.06186,Government & Civic,government,Shaab / Institutional District,False,Landmark,Hay'adaha Dowladda
wda_maqaayadda_cuntada_hiddaha_dhaqa_1371,Maqaayadda Cuntada Hiddaha & Dhaqanka ee Qaybta 1371 (Maxamed Mooge),"Traditional Somali dishes and family restaurant in Maxamed Mooge residential & commercial grid, Hargeisa",9.5263,44.10806,Restaurants & Cafes,restaurant,Maxamed Mooge,False,Utensils,Maqaayadaha & Kafateeriyada
wda_kafateeriyada_qahwada_casriga_ah_1372,Kafateeriyada & Qahwada Casriga ah ee Qaybta 1372 (New Hargeisa),"Modern coffee house and light dining lounge in New Hargeisa residential & commercial grid, Hargeisa",9.56031,44.10023,Restaurants & Cafes,restaurant,New Hargeisa,False,Utensils,Maqaayadaha & Kafateeriyada
wda_xarunta_ngo_yada_iyo_samafalka_e_1373,Xarunta NGO-yada iyo Samafalka ee Qaybta 1373 (Daami),"Non-governmental development agency & aid office in Daami residential & commercial grid, Hargeisa",9.58031,44.08641,NGOs & Humanitarian,ngo,Daami,False,Globe,Hay'adaha Samafalka (NGOs)
wda_jidka_iyo_wadada_weyn_ee_qaybta__1374,Jidka iyo Wadada Weyn ee Qaybta 1374 (Shiraaqle),"Major paved road corridor and arterial avenue in Shiraaqle residential & commercial grid, Hargeisa",9.56898,44.10696,Roads & Arterials,arterial_road,Shiraaqle,False,Navigation,Waddooyinka & Jidadka
wda_xaafada_deganaanshaha_ee_qaybta__1375,Xaafada Deganaanshaha ee Qaybta 1375 (Koodbuur),"Quiet residential enclave and community living sector in Koodbuur residential & commercial grid, Hargeisa",9.57964,44.04768,Xaafadaha (Districts),neighborhood,Koodbuur,False,Home,Xaafadaha & Degmooyinka
wda_cusbitaalka_gurmadka_caafimaadka_1376,Cusbitaalka Gurmadka Caafimaadka ee Qaybta 1376 (Airport Zone / Masalaha),"Specialized neighborhood clinic & emergency health post in Airport Zone / Masalaha residential & commercial grid, Hargeisa",9.5303,44.09488,Hospitals & Healthcare,hospital,Airport Zone / Masalaha,False,HeartPulse,Cusbitaallada & Rugaha Caafimaadka
wda_rugta_daryeelka_hooyada_dhallaan_1377,Rugta Daryeelka Hooyada & Dhallaanka ee Qaybta 1377 (Kilalka / Sheikh Nuur East),"Maternal and child care dispensary center in Kilalka / Sheikh Nuur East residential & commercial grid, Hargeisa",9.57764,44.10018,Hospitals & Healthcare,hospital,Kilalka / Sheikh Nuur East,False,HeartPulse,Cusbitaallada & Rugaha Caafimaadka
wda_farmasiga_shacabka_caafimaadka_e_1378,Farmasiga Shacabka & Caafimaadka ee Qaybta 1378 (Goljano District),"24/7 community pharmacy and dispensary outpost in Goljano District residential & commercial grid, Hargeisa",9.56348,44.08613,Hospitals & Healthcare,hospital,Goljano District,False,HeartPulse,Cusbitaallada & Rugaha Caafimaadka
wda_dugsiga_hoose_dhexe_ee_waxbarash_1379,Dugsiga Hoose/Dhexe ee Waxbarashada Qaybta 1379 (Biyo Dhacay Area),"Public primary & intermediate school campus in Biyo Dhacay Area residential & commercial grid, Hargeisa",9.56065,44.07886,Schools & Universities,school,Biyo Dhacay Area,False,GraduationCap,Dugsiyada & Waxbarashada
wda_akadeemiyada_casriga_ah_ee_qaybt_1380,Akadeemiyada Casriga ah ee Qaybta 1380 (Xero Awr / Hero Awr),"Modern high school and STEM educational institute in Xero Awr / Hero Awr residential & commercial grid, Hargeisa",9.57118,44.05363,Schools & Universities,school,Xero Awr / Hero Awr,False,GraduationCap,Dugsiyada & Waxbarashada
wda_machadka_tababarka_xirfadaha_ee__1381,Machadka Tababarka Xirfadaha ee Qaybta 1381 (Downtown Waheen),"Vocational and technical training college center in Downtown Waheen residential & commercial grid, Hargeisa",9.56126,44.06281,Schools & Universities,university,Downtown Waheen,False,GraduationCap,Jaamacadaha & Kuliyadaha
wda_masjidka_jaamaca_ee_qaybta_1382__1382,Masjidka Jaamaca ee Qaybta 1382 (Jigjiga Yar),"Congregational Friday mosque with community prayer hall in Jigjiga Yar residential & commercial grid, Hargeisa",9.57708,44.02852,Mosques (Masaajidda),place_of_worship,Jigjiga Yar,False,Moon,Masaajidda
wda_masjidka_al_imaan_ee_qaybta_1383_1383,Masjidka Al-Imaan ee Qaybta 1383 (Ahmed Dhagax),"Neighborhood community mosque and Quranic learning hub in Ahmed Dhagax residential & commercial grid, Hargeisa",9.55389,44.04222,Mosques (Masaajidda),place_of_worship,Ahmed Dhagax,False,Moon,Masaajidda
wda_suuqa_khdaarta_iyo_ganacsiga_ee__1384,Suuqa Khdaarta iyo Ganacsiga ee Qaybta 1384 (150 Highway),"Neighborhood open-air fresh market and commercial trade zone in 150 Highway residential & commercial grid, Hargeisa",9.58021,44.04293,Markets & Malls,mall,150 Highway,False,ShoppingBag,Suuqyada & Xarumaha Ganacsiga
wda_xarunta_ganacsiga_supermarket_ee_1385,Xarunta Ganacsiga & Supermarket ee Qaybta 1385 (Shaab / Institutional District),"Modern multi-store retail grocery and provisions shopping center in Shaab / Institutional District residential & commercial grid, Hargeisa",9.55814,44.05195,Markets & Malls,mall,Shaab / Institutional District,False,ShoppingBag,Suuqyada & Xarumaha Ganacsiga
wda_kaalinta_shidaalka_hass_national_1386,Kaalinta Shidaalka Hass / National ee Qaybta 1386 (Maxamed Mooge),"Service petrol station, diesel dispenser and tire service in Maxamed Mooge residential & commercial grid, Hargeisa",9.51765,44.09249,Fuel Stations (Kaalmaha Shidaalka),fuel,Maxamed Mooge,False,Fuel,Kaalmaha Shidaalka
wda_kaalinta_shidaalka_gaaska_ee_qay_1387,Kaalinta Shidaalka & Gaaska ee Qaybta 1387 (New Hargeisa),"Fuel station and LPG domestic gas distribution depot in New Hargeisa residential & commercial grid, Hargeisa",9.55283,44.08679,Fuel Stations (Kaalmaha Shidaalka),fuel,New Hargeisa,False,Fuel,Kaalmaha Shidaalka
wda_istaanka_gaadiidka_dadweynaha_ee_1388,Istaanka Gaadiidka Dadweynaha ee Qaybta 1388 (Daami),"Minibus terminal and designated passenger pick-and-drop stop in Daami residential & commercial grid, Hargeisa",9.57401,44.07509,Transport & Terminals,transit_station,Daami,False,Navigation,Istaannada & Gaadiidka
wda_isgoyska_weyn_ee_gaadiidka_ee_qa_1389,Isgoyska Weyn ee Gaadiidka ee Qaybta 1389 (Shiraaqle),"Major road intersection and inter-district transit artery in Shiraaqle residential & commercial grid, Hargeisa",9.56189,44.09422,Transport & Terminals,transit_station,Shiraaqle,False,Navigation,Istaannada & Gaadiidka
wda_huteelka_nasashada_martida_ee_qa_1390,Huteelka Nasashada & Martida ee Qaybta 1390 (Koodbuur),"Comfortable guest lodging and family dining restaurant in Koodbuur residential & commercial grid, Hargeisa",9.57295,44.03565,Hotels & Hospitality,hotel,Koodbuur,False,Hotel,Huteellada & Martida
wda_laanta_zaad_dahabshiil_ee_qaybta_1391,Laanta ZAAD & Dahabshiil ee Qaybta 1391 (Airport Zone / Masalaha),"Banking kiosk, e-remittance and ZAAD cash-in center in Airport Zone / Masalaha residential & commercial grid, Hargeisa",9.52046,44.0772,Banks & Financial,bank,Airport Zone / Masalaha,False,Landmark,Bangiyada & Xawaaladaha
wda_laanta_taaj_edahab_express_ee_qa_1392,Laanta TAAJ & Edahab Express ee Qaybta 1392 (Kilalka / Sheikh Nuur East),"Financial services, money transfer and remittance desk in Kilalka / Sheikh Nuur East residential & commercial grid, Hargeisa",9.57095,44.08815,Banks & Financial,bank,Kilalka / Sheikh Nuur East,False,Landmark,Bangiyada & Xawaaladaha
wda_xafiiska_adeegga_somtel_telesom__1393,Xafiiska Adeegga Somtel & Telesom ee Qaybta 1393 (Goljano District),"Telecommunications branch, SIM registration and fiber service hub in Goljano District residential & commercial grid, Hargeisa",9.55758,44.07552,Corporate & Utilities,corporate,Goljano District,False,Building2,Shirkadaha & Isgaadhsiinta
wda_xarunta_korontada_sompower_ee_qa_1394,Xarunta Korontada Sompower ee Qaybta 1394 (Biyo Dhacay Area),"District electrical distribution and bill payment center in Biyo Dhacay Area residential & commercial grid, Hargeisa",9.55514,44.06895,Corporate & Utilities,utility,Biyo Dhacay Area,False,Zap,Korontada & Biyaha
wda_xafiiska_waaxda_dowladda_hoose_e_1395,Xafiiska Waaxda Dowladda Hoose ee Qaybta 1395 (Xero Awr / Hero Awr),"Municipal sub-office and local civic administration center in Xero Awr / Hero Awr residential & commercial grid, Hargeisa",9.56528,44.04302,Government & Civic,government,Xero Awr / Hero Awr,False,Landmark,Hay'adaha Dowladda
wda_maqaayadda_cuntada_hiddaha_dhaqa_1396,Maqaayadda Cuntada Hiddaha & Dhaqanka ee Qaybta 1396 (Downtown Waheen),"Traditional Somali dishes and family restaurant in Downtown Waheen residential & commercial grid, Hargeisa",9.55908,44.07235,Restaurants & Cafes,restaurant,Downtown Waheen,False,Utensils,Maqaayadaha & Kafateeriyada
wda_kafateeriyada_qahwada_casriga_ah_1397,Kafateeriyada & Qahwada Casriga ah ee Qaybta 1397 (Jigjiga Yar),"Modern coffee house and light dining lounge in Jigjiga Yar residential & commercial grid, Hargeisa",9.57435,44.04043,Restaurants & Cafes,restaurant,Jigjiga Yar,False,Utensils,Maqaayadaha & Kafateeriyada
wda_xarunta_ngo_yada_iyo_samafalka_e_1398,Xarunta NGO-yada iyo Samafalka ee Qaybta 1398 (Ahmed Dhagax),"Non-governmental development agency & aid office in Ahmed Dhagax residential & commercial grid, Hargeisa",9.55062,44.05652,NGOs & Humanitarian,ngo,Ahmed Dhagax,False,Globe,Hay'adaha Samafalka (NGOs)
wda_jidka_iyo_wadada_weyn_ee_qaybta__1399,Jidka iyo Wadada Weyn ee Qaybta 1399 (150 Highway),"Major paved road corridor and arterial avenue in 150 Highway residential & commercial grid, Hargeisa",9.57639,44.05961,Roads & Arterials,arterial_road,150 Highway,False,Navigation,Waddooyinka & Jidadka
wda_xaafada_deganaanshaha_ee_qaybta__1400,Xaafada Deganaanshaha ee Qaybta 1400 (Shaab / Institutional District),"Quiet residential enclave and community living sector in Shaab / Institutional District residential & commercial grid, Hargeisa",9.55559,44.06307,Xaafadaha (Districts),neighborhood,Shaab / Institutional District,False,Home,Xaafadaha & Degmooyinka
wda_cusbitaalka_gurmadka_caafimaadka_1401,Cusbitaalka Gurmadka Caafimaadka ee Qaybta 1401 (Maxamed Mooge),"Specialized neighborhood clinic & emergency health post in Maxamed Mooge residential & commercial grid, Hargeisa",9.51365,44.10997,Hospitals & Healthcare,hospital,Maxamed Mooge,False,HeartPulse,Cusbitaallada & Rugaha Caafimaadka
wda_rugta_daryeelka_hooyada_dhallaan_1402,Rugta Daryeelka Hooyada & Dhallaanka ee Qaybta 1402 (New Hargeisa),"Maternal and child care dispensary center in New Hargeisa residential & commercial grid, Hargeisa",9.54938,44.10188,Hospitals & Healthcare,hospital,New Hargeisa,False,HeartPulse,Cusbitaallada & Rugaha Caafimaadka
wda_farmasiga_shacabka_caafimaadka_e_1403,Farmasiga Shacabka & Caafimaadka ee Qaybta 1403 (Daami),"24/7 community pharmacy and dispensary outpost in Daami residential & commercial grid, Hargeisa",9.57111,44.08779,Hospitals & Healthcare,hospital,Daami,False,HeartPulse,Cusbitaallada & Rugaha Caafimaadka
wda_dugsiga_hoose_dhexe_ee_waxbarash_1404,Dugsiga Hoose/Dhexe ee Waxbarashada Qaybta 1404 (Shiraaqle),"Public primary & intermediate school campus in Shiraaqle residential & commercial grid, Hargeisa",9.55862,44.10852,Schools & Universities,school,Shiraaqle,False,GraduationCap,Dugsiyada & Waxbarashada
wda_akadeemiyada_casriga_ah_ee_qaybt_1405,Akadeemiyada Casriga ah ee Qaybta 1405 (Koodbuur),"Modern high school and STEM educational institute in Koodbuur residential & commercial grid, Hargeisa",9.56986,44.04916,Schools & Universities,school,Koodbuur,False,GraduationCap,Dugsiyada & Waxbarashada
wda_machadka_tababarka_xirfadaha_ee__1406,Machadka Tababarka Xirfadaha ee Qaybta 1406 (Airport Zone / Masalaha),"Vocational and technical training college center in Airport Zone / Masalaha residential & commercial grid, Hargeisa",9.51592,44.09705,Schools & Universities,university,Airport Zone / Masalaha,False,GraduationCap,Jaamacadaha & Kuliyadaha
wda_masjidka_jaamaca_ee_qaybta_1407__1407,Masjidka Jaamaca ee Qaybta 1407 (Kilalka / Sheikh Nuur East),"Congregational Friday mosque with community prayer hall in Kilalka / Sheikh Nuur East residential & commercial grid, Hargeisa",9.56786,44.10166,Mosques (Masaajidda),place_of_worship,Kilalka / Sheikh Nuur East,False,Moon,Masaajidda
wda_masjidka_al_imaan_ee_qaybta_1408_1408,Masjidka Al-Imaan ee Qaybta 1408 (Goljano District),"Neighborhood community mosque and Quranic learning hub in Goljano District residential & commercial grid, Hargeisa",9.55485,44.08743,Mosques (Masaajidda),place_of_worship,Goljano District,False,Moon,Masaajidda
wda_suuqa_khdaarta_iyo_ganacsiga_ee__1409,Suuqa Khdaarta iyo Ganacsiga ee Qaybta 1409 (Biyo Dhacay Area),"Neighborhood open-air fresh market and commercial trade zone in Biyo Dhacay Area residential & commercial grid, Hargeisa",9.55259,44.08007,Markets & Malls,mall,Biyo Dhacay Area,False,ShoppingBag,Suuqyada & Xarumaha Ganacsiga
wda_xarunta_ganacsiga_supermarket_ee_1410,Xarunta Ganacsiga & Supermarket ee Qaybta 1410 (Xero Awr / Hero Awr),"Modern multi-store retail grocery and provisions shopping center in Xero Awr / Hero Awr residential & commercial grid, Hargeisa",9.56255,44.05493,Markets & Malls,mall,Xero Awr / Hero Awr,False,ShoppingBag,Suuqyada & Xarumaha Ganacsiga
wda_kaalinta_shidaalka_hass_national_1411,Kaalinta Shidaalka Hass / National ee Qaybta 1411 (Downtown Waheen),"Service petrol station, diesel dispenser and tire service in Downtown Waheen residential & commercial grid, Hargeisa",9.56707,44.06679,Fuel Stations (Kaalmaha Shidaalka),fuel,Downtown Waheen,False,Fuel,Kaalmaha Shidaalka
wda_kaalinta_shidaalka_gaaska_ee_qay_1412,Kaalinta Shidaalka & Gaaska ee Qaybta 1412 (Jigjiga Yar),"Fuel station and LPG domestic gas distribution depot in Jigjiga Yar residential & commercial grid, Hargeisa",9.58433,44.03349,Fuel Stations (Kaalmaha Shidaalka),fuel,Jigjiga Yar,False,Fuel,Kaalmaha Shidaalka
wda_istaanka_gaadiidka_dadweynaha_ee_1413,Istaanka Gaadiidka Dadweynaha ee Qaybta 1413 (Ahmed Dhagax),"Minibus terminal and designated passenger pick-and-drop stop in Ahmed Dhagax residential & commercial grid, Hargeisa",9.5626,44.04819,Transport & Terminals,transit_station,Ahmed Dhagax,False,Navigation,Istaannada & Gaadiidka
wda_isgoyska_weyn_ee_gaadiidka_ee_qa_1414,Isgoyska Weyn ee Gaadiidka ee Qaybta 1414 (150 Highway),"Major road intersection and inter-district transit artery in 150 Highway residential & commercial grid, Hargeisa",9.59037,44.04988,Transport & Terminals,transit_station,150 Highway,False,Navigation,Istaannada & Gaadiidka
wda_huteelka_nasashada_martida_ee_qa_1415,Huteelka Nasashada & Martida ee Qaybta 1415 (Shaab / Institutional District),"Comfortable guest lodging and family dining restaurant in Shaab / Institutional District residential & commercial grid, Hargeisa",9.56491,44.05659,Hotels & Hospitality,hotel,Shaab / Institutional District,False,Hotel,Huteellada & Martida
wda_laanta_zaad_dahabshiil_ee_qaybta_1416,Laanta ZAAD & Dahabshiil ee Qaybta 1416 (Maxamed Mooge),"Banking kiosk, e-remittance and ZAAD cash-in center in Maxamed Mooge residential & commercial grid, Hargeisa",9.52829,44.09978,Banks & Financial,bank,Maxamed Mooge,False,Landmark,Bangiyada & Xawaaladaha
wda_laanta_taaj_edahab_express_ee_qa_1417,Laanta TAAJ & Edahab Express ee Qaybta 1417 (New Hargeisa),"Financial services, money transfer and remittance desk in New Hargeisa residential & commercial grid, Hargeisa",9.56202,44.09309,Banks & Financial,bank,New Hargeisa,False,Landmark,Bangiyada & Xawaaladaha
wda_xafiiska_adeegga_somtel_telesom__1418,Xafiiska Adeegga Somtel & Telesom ee Qaybta 1418 (Daami),"Telecommunications branch, SIM registration and fiber service hub in Daami residential & commercial grid, Hargeisa",9.58175,44.08039,Corporate & Utilities,corporate,Daami,False,Building2,Shirkadaha & Isgaadhsiinta
wda_xarunta_korontada_sompower_ee_qa_1419,Xarunta Korontada Sompower ee Qaybta 1419 (Shiraaqle),"District electrical distribution and bill payment center in Shiraaqle residential & commercial grid, Hargeisa",9.5706,44.10019,Corporate & Utilities,utility,Shiraaqle,False,Zap,Korontada & Biyaha
wda_xafiiska_waaxda_dowladda_hoose_e_1420,Xafiiska Waaxda Dowladda Hoose ee Qaybta 1420 (Koodbuur),"Municipal sub-office and local civic administration center in Koodbuur residential & commercial grid, Hargeisa",9.58118,44.04129,Government & Civic,government,Koodbuur,False,Landmark,Hay'adaha Dowladda
wda_maqaayadda_cuntada_hiddaha_dhaqa_1421,Maqaayadda Cuntada Hiddaha & Dhaqanka ee Qaybta 1421 (Airport Zone / Masalaha),"Traditional Somali dishes and family restaurant in Airport Zone / Masalaha residential & commercial grid, Hargeisa",9.53255,44.08548,Restaurants & Cafes,restaurant,Airport Zone / Masalaha,False,Utensils,Maqaayadaha & Kafateeriyada
wda_kafateeriyada_qahwada_casriga_ah_1422,Kafateeriyada & Qahwada Casriga ah ee Qaybta 1422 (Kilalka / Sheikh Nuur East),"Modern coffee house and light dining lounge in Kilalka / Sheikh Nuur East residential & commercial grid, Hargeisa",9.57918,44.09379,Restaurants & Cafes,restaurant,Kilalka / Sheikh Nuur East,False,Utensils,Maqaayadaha & Kafateeriyada
wda_xarunta_ngo_yada_iyo_samafalka_e_1423,Xarunta NGO-yada iyo Samafalka ee Qaybta 1423 (Goljano District),"Non-governmental development agency & aid office in Goljano District residential & commercial grid, Hargeisa",9.56483,44.08049,NGOs & Humanitarian,ngo,Goljano District,False,Globe,Hay'adaha Samafalka (NGOs)
wda_jidka_iyo_wadada_weyn_ee_qaybta__1424,Jidka iyo Wadada Weyn ee Qaybta 1424 (Biyo Dhacay Area),"Major paved road corridor and arterial avenue in Biyo Dhacay Area residential & commercial grid, Hargeisa",9.56191,44.07359,Roads & Arterials,arterial_road,Biyo Dhacay Area,False,Navigation,Waddooyinka & Jidadka
wda_xaafada_deganaanshaha_ee_qaybta__1425,Xaafada Deganaanshaha ee Qaybta 1425 (Xero Awr / Hero Awr),"Quiet residential enclave and community living sector in Xero Awr / Hero Awr residential & commercial grid, Hargeisa",9.57253,44.04799,Xaafadaha (Districts),neighborhood,Xero Awr / Hero Awr,False,Home,Xaafadaha & Degmooyinka
wda_cusbitaalka_gurmadka_caafimaadka_1426,Cusbitaalka Gurmadka Caafimaadka ee Qaybta 1426 (Downtown Waheen),"Specialized neighborhood clinic & emergency health post in Downtown Waheen residential & commercial grid, Hargeisa",9.55744,44.06541,Hospitals & Healthcare,hospital,Downtown Waheen,False,HeartPulse,Cusbitaallada & Rugaha Caafimaadka
wda_rugta_daryeelka_hooyada_dhallaan_1427,Rugta Daryeelka Hooyada & Dhallaanka ee Qaybta 1427 (Jigjiga Yar),"Maternal and child care dispensary center in Jigjiga Yar residential & commercial grid, Hargeisa",9.5723,44.03176,Hospitals & Healthcare,hospital,Jigjiga Yar,False,HeartPulse,Cusbitaallada & Rugaha Caafimaadka
wda_farmasiga_shacabka_caafimaadka_e_1428,Farmasiga Shacabka & Caafimaadka ee Qaybta 1428 (Ahmed Dhagax),"24/7 community pharmacy and dispensary outpost in Ahmed Dhagax residential & commercial grid, Hargeisa",9.54816,44.04612,Hospitals & Healthcare,hospital,Ahmed Dhagax,False,HeartPulse,Cusbitaallada & Rugaha Caafimaadka
wda_dugsiga_hoose_dhexe_ee_waxbarash_1429,Dugsiga Hoose/Dhexe ee Waxbarashada Qaybta 1429 (150 Highway),"Public primary & intermediate school campus in 150 Highway residential & commercial grid, Hargeisa",9.57353,44.04747,Schools & Universities,school,150 Highway,False,GraduationCap,Dugsiyada & Waxbarashada
wda_akadeemiyada_casriga_ah_ee_qaybt_1430,Akadeemiyada Casriga ah ee Qaybta 1430 (Shaab / Institutional District),"Modern high school and STEM educational institute in Shaab / Institutional District residential & commercial grid, Hargeisa",9.55368,44.05498,Schools & Universities,school,Shaab / Institutional District,False,GraduationCap,Dugsiyada & Waxbarashada
wda_machadka_tababarka_xirfadaha_ee__1431,Machadka Tababarka Xirfadaha ee Qaybta 1431 (Maxamed Mooge),"Vocational and technical training college center in Maxamed Mooge residential & commercial grid, Hargeisa",9.51065,44.09726,Schools & Universities,university,Maxamed Mooge,False,GraduationCap,Jaamacadaha & Kuliyadaha
wda_masjidka_jaamaca_ee_qaybta_1432__1432,Masjidka Jaamaca ee Qaybta 1432 (New Hargeisa),"Congregational Friday mosque with community prayer hall in New Hargeisa residential & commercial grid, Hargeisa",9.54678,44.0909,Mosques (Masaajidda),place_of_worship,New Hargeisa,False,Moon,Masaajidda
wda_masjidka_al_imaan_ee_qaybta_1433_1433,Masjidka Al-Imaan ee Qaybta 1433 (Daami),"Neighborhood community mosque and Quranic learning hub in Daami residential & commercial grid, Hargeisa",9.56892,44.07855,Mosques (Masaajidda),place_of_worship,Daami,False,Moon,Masaajidda
wda_suuqa_khdaarta_iyo_ganacsiga_ee__1434,Suuqa Khdaarta iyo Ganacsiga ee Qaybta 1434 (Shiraaqle),"Neighborhood open-air fresh market and commercial trade zone in Shiraaqle residential & commercial grid, Hargeisa",9.55616,44.09812,Markets & Malls,mall,Shiraaqle,False,ShoppingBag,Suuqyada & Xarumaha Ganacsiga
wda_xarunta_ganacsiga_supermarket_ee_1435,Xarunta Ganacsiga & Supermarket ee Qaybta 1435 (Koodbuur),"Modern multi-store retail grocery and provisions shopping center in Koodbuur residential & commercial grid, Hargeisa",9.56754,44.03933,Markets & Malls,mall,Koodbuur,False,ShoppingBag,Suuqyada & Xarumaha Ganacsiga
wda_kaalinta_shidaalka_hass_national_1436,Kaalinta Shidaalka Hass / National ee Qaybta 1436 (Airport Zone / Masalaha),"Service petrol station, diesel dispenser and tire service in Airport Zone / Masalaha residential & commercial grid, Hargeisa",9.51251,44.08261,Fuel Stations (Kaalmaha Shidaalka),fuel,Airport Zone / Masalaha,False,Fuel,Kaalmaha Shidaalka
wda_kaalinta_shidaalka_gaaska_ee_qay_1437,Kaalinta Shidaalka & Gaaska ee Qaybta 1437 (Kilalka / Sheikh Nuur East),"Fuel station and LPG domestic gas distribution depot in Kilalka / Sheikh Nuur East residential & commercial grid, Hargeisa",9.56554,44.09183,Fuel Stations (Kaalmaha Shidaalka),fuel,Kilalka / Sheikh Nuur East,False,Fuel,Kaalmaha Shidaalka
wda_istaanka_gaadiidka_dadweynaha_ee_1438,Istaanka Gaadiidka Dadweynaha ee Qaybta 1438 (Goljano District),"Minibus terminal and designated passenger pick-and-drop stop in Goljano District residential & commercial grid, Hargeisa",9.5528,44.07876,Transport & Terminals,transit_station,Goljano District,False,Navigation,Istaannada & Gaadiidka
wda_isgoyska_weyn_ee_gaadiidka_ee_qa_1439,Isgoyska Weyn ee Gaadiidka ee Qaybta 1439 (Biyo Dhacay Area),"Major road intersection and inter-district transit artery in Biyo Dhacay Area residential & commercial grid, Hargeisa",9.55068,44.07198,Transport & Terminals,transit_station,Biyo Dhacay Area,False,Navigation,Istaannada & Gaadiidka
wda_huteelka_nasashada_martida_ee_qa_1440,Huteelka Nasashada & Martida ee Qaybta 1440 (Xero Awr / Hero Awr),"Comfortable guest lodging and family dining restaurant in Xero Awr / Hero Awr residential & commercial grid, Hargeisa",9.5605,44.04626,Hotels & Hospitality,hotel,Xero Awr / Hero Awr,False,Hotel,Huteellada & Martida
wda_laanta_zaad_dahabshiil_ee_qaybta_1441,Laanta ZAAD & Dahabshiil ee Qaybta 1441 (Downtown Waheen),"Banking kiosk, e-remittance and ZAAD cash-in center in Downtown Waheen residential & commercial grid, Hargeisa",9.56364,44.07305,Banks & Financial,bank,Downtown Waheen,False,Landmark,Bangiyada & Xawaaladaha
wda_laanta_taaj_edahab_express_ee_qa_1442,Laanta TAAJ & Edahab Express ee Qaybta 1442 (Jigjiga Yar),"Financial services, money transfer and remittance desk in Jigjiga Yar residential & commercial grid, Hargeisa",9.58005,44.04131,Banks & Financial,bank,Jigjiga Yar,False,Landmark,Bangiyada & Xawaaladaha
wda_xafiiska_adeegga_somtel_telesom__1443,Xafiiska Adeegga Somtel & Telesom ee Qaybta 1443 (Ahmed Dhagax),"Telecommunications branch, SIM registration and fiber service hub in Ahmed Dhagax residential & commercial grid, Hargeisa",9.55746,44.05757,Corporate & Utilities,corporate,Ahmed Dhagax,False,Building2,Shirkadaha & Isgaadhsiinta
wda_xarunta_korontada_sompower_ee_qa_1444,Xarunta Korontada Sompower ee Qaybta 1444 (150 Highway),"District electrical distribution and bill payment center in 150 Highway residential & commercial grid, Hargeisa",9.58437,44.06083,Corporate & Utilities,utility,150 Highway,False,Zap,Korontada & Biyaha
wda_xafiiska_waaxda_dowladda_hoose_e_1445,Xafiiska Waaxda Dowladda Hoose ee Qaybta 1445 (Shaab / Institutional District),"Municipal sub-office and local civic administration center in Shaab / Institutional District residential & commercial grid, Hargeisa",9.56092,44.06389,Government & Civic,government,Shaab / Institutional District,False,Landmark,Hay'adaha Dowladda
wda_maqaayadda_cuntada_hiddaha_dhaqa_1446,Maqaayadda Cuntada Hiddaha & Dhaqanka ee Qaybta 1446 (Maxamed Mooge),"Traditional Somali dishes and family restaurant in Maxamed Mooge residential & commercial grid, Hargeisa",9.52201,44.11125,Restaurants & Cafes,restaurant,Maxamed Mooge,False,Utensils,Maqaayadaha & Kafateeriyada
wda_kafateeriyada_qahwada_casriga_ah_1447,Kafateeriyada & Qahwada Casriga ah ee Qaybta 1447 (New Hargeisa),"Modern coffee house and light dining lounge in New Hargeisa residential & commercial grid, Hargeisa",9.5566,44.10299,Restaurants & Cafes,restaurant,New Hargeisa,False,Utensils,Maqaayadaha & Kafateeriyada
wda_xarunta_ngo_yada_iyo_samafalka_e_1448,Xarunta NGO-yada iyo Samafalka ee Qaybta 1448 (Daami),"Non-governmental development agency & aid office in Daami residential & commercial grid, Hargeisa",9.57719,44.08873,NGOs & Humanitarian,ngo,Daami,False,Globe,Hay'adaha Samafalka (NGOs)
wda_jidka_iyo_wadada_weyn_ee_qaybta__1449,Jidka iyo Wadada Weyn ee Qaybta 1449 (Shiraaqle),"Major paved road corridor and arterial avenue in Shiraaqle residential & commercial grid, Hargeisa",9.56546,44.10957,Roads & Arterials,arterial_road,Shiraaqle,False,Navigation,Waddooyinka & Jidadka
wda_xaafada_deganaanshaha_ee_qaybta__1450,Xaafada Deganaanshaha ee Qaybta 1450 (Koodbuur),"Quiet residential enclave and community living sector in Koodbuur residential & commercial grid, Hargeisa",9.57633,44.05015,Xaafadaha (Districts),neighborhood,Koodbuur,False,Home,Xaafadaha & Degmooyinka
wda_cusbitaalka_gurmadka_caafimaadka_1451,Cusbitaalka Gurmadka Caafimaadka ee Qaybta 1451 (Airport Zone / Masalaha),"Specialized neighborhood clinic & emergency health post in Airport Zone / Masalaha residential & commercial grid, Hargeisa",9.52542,44.09852,Hospitals & Healthcare,hospital,Airport Zone / Masalaha,False,HeartPulse,Cusbitaallada & Rugaha Caafimaadka
wda_rugta_daryeelka_hooyada_dhallaan_1452,Rugta Daryeelka Hooyada & Dhallaanka ee Qaybta 1452 (Kilalka / Sheikh Nuur East),"Maternal and child care dispensary center in Kilalka / Sheikh Nuur East residential & commercial grid, Hargeisa",9.57433,44.10265,Hospitals & Healthcare,hospital,Kilalka / Sheikh Nuur East,False,HeartPulse,Cusbitaallada & Rugaha Caafimaadka
wda_farmasiga_shacabka_caafimaadka_e_1453,Farmasiga Shacabka & Caafimaadka ee Qaybta 1453 (Goljano District),"24/7 community pharmacy and dispensary outpost in Goljano District residential & commercial grid, Hargeisa",9.56055,44.08831,Hospitals & Healthcare,hospital,Goljano District,False,HeartPulse,Cusbitaallada & Rugaha Caafimaadka
wda_dugsiga_hoose_dhexe_ee_waxbarash_1454,Dugsiga Hoose/Dhexe ee Waxbarashada Qaybta 1454 (Biyo Dhacay Area),"Public primary & intermediate school campus in Biyo Dhacay Area residential & commercial grid, Hargeisa",9.55792,44.08089,Schools & Universities,school,Biyo Dhacay Area,False,GraduationCap,Dugsiyada & Waxbarashada
wda_akadeemiyada_casriga_ah_ee_qaybt_1455,Akadeemiyada Casriga ah ee Qaybta 1455 (Xero Awr / Hero Awr),"Modern high school and STEM educational institute in Xero Awr / Hero Awr residential & commercial grid, Hargeisa",9.56825,44.05581,Schools & Universities,school,Xero Awr / Hero Awr,False,GraduationCap,Dugsiyada & Waxbarashada
wda_machadka_tababarka_xirfadaha_ee__1456,Machadka Tababarka Xirfadaha ee Qaybta 1456 (Downtown Waheen),"Vocational and technical training college center in Downtown Waheen residential & commercial grid, Hargeisa",9.56416,44.06314,Schools & Universities,university,Downtown Waheen,False,GraduationCap,Jaamacadaha & Kuliyadaha
wda_masjidka_jaamaca_ee_qaybta_1457__1457,Masjidka Jaamaca ee Qaybta 1457 (Jigjiga Yar),"Congregational Friday mosque with community prayer hall in Jigjiga Yar residential & commercial grid, Hargeisa",9.5807,44.02892,Mosques (Masaajidda),place_of_worship,Jigjiga Yar,False,Moon,Masaajidda
wda_masjidka_al_imaan_ee_qaybta_1458_1458,Masjidka Al-Imaan ee Qaybta 1458 (Ahmed Dhagax),"Neighborhood community mosque and Quranic learning hub in Ahmed Dhagax residential & commercial grid, Hargeisa",9.55824,44.0427,Mosques (Masaajidda),place_of_worship,Ahmed Dhagax,False,Moon,Masaajidda
wda_suuqa_khdaarta_iyo_ganacsiga_ee__1459,Suuqa Khdaarta iyo Ganacsiga ee Qaybta 1459 (150 Highway),"Neighborhood open-air fresh market and commercial trade zone in 150 Highway residential & commercial grid, Hargeisa",9.58528,44.04349,Markets & Malls,mall,150 Highway,False,ShoppingBag,Suuqyada & Xarumaha Ganacsiga
wda_xarunta_ganacsiga_supermarket_ee_1460,Xarunta Ganacsiga & Supermarket ee Qaybta 1460 (Shaab / Institutional District),"Modern multi-store retail grocery and provisions shopping center in Shaab / Institutional District residential & commercial grid, Hargeisa",9.56152,44.05233,Markets & Malls,mall,Shaab / Institutional District,False,ShoppingBag,Suuqyada & Xarumaha Ganacsiga
wda_kaalinta_shidaalka_hass_national_1461,Kaalinta Shidaalka Hass / National ee Qaybta 1461 (Maxamed Mooge),"Service petrol station, diesel dispenser and tire service in Maxamed Mooge residential & commercial grid, Hargeisa",9.52296,44.09308,Fuel Stations (Kaalmaha Shidaalka),fuel,Maxamed Mooge,False,Fuel,Kaalmaha Shidaalka
wda_kaalinta_shidaalka_gaaska_ee_qay_1462,Kaalinta Shidaalka & Gaaska ee Qaybta 1462 (New Hargeisa),"Fuel station and LPG domestic gas distribution depot in New Hargeisa residential & commercial grid, Hargeisa",9.55742,44.0873,Fuel Stations (Kaalmaha Shidaalka),fuel,New Hargeisa,False,Fuel,Kaalmaha Shidaalka
wda_istaanka_gaadiidka_dadweynaha_ee_1463,Istaanka Gaadiidka Dadweynaha ee Qaybta 1463 (Daami),"Minibus terminal and designated passenger pick-and-drop stop in Daami residential & commercial grid, Hargeisa",9.57788,44.07551,Transport & Terminals,transit_station,Daami,False,Navigation,Istaannada & Gaadiidka
wda_isgoyska_weyn_ee_gaadiidka_ee_qa_1464,Isgoyska Weyn ee Gaadiidka ee Qaybta 1464 (Shiraaqle),"Major road intersection and inter-district transit artery in Shiraaqle residential & commercial grid, Hargeisa",9.56624,44.0947,Transport & Terminals,transit_station,Shiraaqle,False,Navigation,Istaannada & Gaadiidka
wda_huteelka_nasashada_martida_ee_qa_1465,Huteelka Nasashada & Martida ee Qaybta 1465 (Koodbuur),"Comfortable guest lodging and family dining restaurant in Koodbuur residential & commercial grid, Hargeisa",9.57706,44.03611,Hotels & Hospitality,hotel,Koodbuur,False,Hotel,Huteellada & Martida
wda_laanta_zaad_dahabshiil_ee_qaybta_1466,Laanta ZAAD & Dahabshiil ee Qaybta 1466 (Airport Zone / Masalaha),"Banking kiosk, e-remittance and ZAAD cash-in center in Airport Zone / Masalaha residential & commercial grid, Hargeisa",9.5265,44.07787,Banks & Financial,bank,Airport Zone / Masalaha,False,Landmark,Bangiyada & Xawaaladaha
wda_laanta_taaj_edahab_express_ee_qa_1467,Laanta TAAJ & Edahab Express ee Qaybta 1467 (Kilalka / Sheikh Nuur East),"Financial services, money transfer and remittance desk in Kilalka / Sheikh Nuur East residential & commercial grid, Hargeisa",9.57506,44.08861,Banks & Financial,bank,Kilalka / Sheikh Nuur East,False,Landmark,Bangiyada & Xawaaladaha
wda_xafiiska_adeegga_somtel_telesom__1468,Xafiiska Adeegga Somtel & Telesom ee Qaybta 1468 (Goljano District),"Telecommunications branch, SIM registration and fiber service hub in Goljano District residential & commercial grid, Hargeisa",9.5612,44.07592,Corporate & Utilities,corporate,Goljano District,False,Building2,Shirkadaha & Isgaadhsiinta
wda_xarunta_korontada_sompower_ee_qa_1469,Xarunta Korontada Sompower ee Qaybta 1469 (Biyo Dhacay Area),"District electrical distribution and bill payment center in Biyo Dhacay Area residential & commercial grid, Hargeisa",9.55852,44.06933,Corporate & Utilities,utility,Biyo Dhacay Area,False,Zap,Korontada & Biyaha
wda_xafiiska_waaxda_dowladda_hoose_e_1470,Xafiiska Waaxda Dowladda Hoose ee Qaybta 1470 (Xero Awr / Hero Awr),"Municipal sub-office and local civic administration center in Xero Awr / Hero Awr residential & commercial grid, Hargeisa",9.5689,44.04342,Government & Civic,government,Xero Awr / Hero Awr,False,Landmark,Hay'adaha Dowladda
wda_maqaayadda_cuntada_hiddaha_dhaqa_1471,Maqaayadda Cuntada Hiddaha & Dhaqanka ee Qaybta 1471 (Downtown Waheen),"Traditional Somali dishes and family restaurant in Downtown Waheen residential & commercial grid, Hargeisa",9.55715,44.07011,Restaurants & Cafes,restaurant,Downtown Waheen,False,Utensils,Maqaayadaha & Kafateeriyada
wda_kafateeriyada_qahwada_casriga_ah_1472,Kafateeriyada & Qahwada Casriga ah ee Qaybta 1472 (Jigjiga Yar),"Modern coffee house and light dining lounge in Jigjiga Yar residential & commercial grid, Hargeisa",9.57194,44.03764,Restaurants & Cafes,restaurant,Jigjiga Yar,False,Utensils,Maqaayadaha & Kafateeriyada
wda_xarunta_ngo_yada_iyo_samafalka_e_1473,Xarunta NGO-yada iyo Samafalka ee Qaybta 1473 (Ahmed Dhagax),"Non-governmental development agency & aid office in Ahmed Dhagax residential & commercial grid, Hargeisa",9.54773,44.05317,NGOs & Humanitarian,ngo,Ahmed Dhagax,False,Globe,Hay'adaha Samafalka (NGOs)
wda_jidka_iyo_wadada_weyn_ee_qaybta__1474,Jidka iyo Wadada Weyn ee Qaybta 1474 (150 Highway),"Major paved road corridor and arterial avenue in 150 Highway residential & commercial grid, Hargeisa",9.57301,44.0557,Roads & Arterials,arterial_road,150 Highway,False,Navigation,Waddooyinka & Jidadka
wda_xaafada_deganaanshaha_ee_qaybta__1475,Xaafada Deganaanshaha ee Qaybta 1475 (Shaab / Institutional District),"Quiet residential enclave and community living sector in Shaab / Institutional District residential & commercial grid, Hargeisa",9.55334,44.06047,Xaafadaha (Districts),neighborhood,Shaab / Institutional District,False,Home,Xaafadaha & Degmooyinka
wda_cusbitaalka_gurmadka_caafimaadka_1476,Cusbitaalka Gurmadka Caafimaadka ee Qaybta 1476 (Maxamed Mooge),"Specialized neighborhood clinic & emergency health post in Maxamed Mooge residential & commercial grid, Hargeisa",9.51011,44.10588,Hospitals & Healthcare,hospital,Maxamed Mooge,False,HeartPulse,Cusbitaallada & Rugaha Caafimaadka
wda_rugta_daryeelka_hooyada_dhallaan_1477,Rugta Daryeelka Hooyada & Dhallaanka ee Qaybta 1477 (New Hargeisa),"Maternal and child care dispensary center in New Hargeisa residential & commercial grid, Hargeisa",9.54632,44.09835,Hospitals & Healthcare,hospital,New Hargeisa,False,HeartPulse,Cusbitaallada & Rugaha Caafimaadka
wda_farmasiga_shacabka_caafimaadka_e_1478,Farmasiga Shacabka & Caafimaadka ee Qaybta 1478 (Daami),"24/7 community pharmacy and dispensary outpost in Daami residential & commercial grid, Hargeisa",9.56853,44.08482,Hospitals & Healthcare,hospital,Daami,False,HeartPulse,Cusbitaallada & Rugaha Caafimaadka
wda_dugsiga_hoose_dhexe_ee_waxbarash_1479,Dugsiga Hoose/Dhexe ee Waxbarashada Qaybta 1479 (Shiraaqle),"Public primary & intermediate school campus in Shiraaqle residential & commercial grid, Hargeisa",9.55573,44.10517,Schools & Universities,school,Shiraaqle,False,GraduationCap,Dugsiyada & Waxbarashada
wda_akadeemiyada_casriga_ah_ee_qaybt_1480,Akadeemiyada Casriga ah ee Qaybta 1480 (Koodbuur),"Modern high school and STEM educational institute in Koodbuur residential & commercial grid, Hargeisa",9.56713,44.046,Schools & Universities,school,Koodbuur,False,GraduationCap,Dugsiyada & Waxbarashada
wda_machadka_tababarka_xirfadaha_ee__1481,Machadka Tababarka Xirfadaha ee Qaybta 1481 (Airport Zone / Masalaha),"Vocational and technical training college center in Airport Zone / Masalaha residential & commercial grid, Hargeisa",9.5119,44.09241,Schools & Universities,university,Airport Zone / Masalaha,False,GraduationCap,Jaamacadaha & Kuliyadaha
wda_masjidka_jaamaca_ee_qaybta_1482__1482,Masjidka Jaamaca ee Qaybta 1482 (Kilalka / Sheikh Nuur East),"Congregational Friday mosque with community prayer hall in Kilalka / Sheikh Nuur East residential & commercial grid, Hargeisa",9.56513,44.0985,Mosques (Masaajidda),place_of_worship,Kilalka / Sheikh Nuur East,False,Moon,Masaajidda
wda_masjidka_al_imaan_ee_qaybta_1483_1483,Masjidka Al-Imaan ee Qaybta 1483 (Goljano District),"Neighborhood community mosque and Quranic learning hub in Goljano District residential & commercial grid, Hargeisa",9.55244,44.08464,Mosques (Masaajidda),place_of_worship,Goljano District,False,Moon,Masaajidda
wda_suuqa_khdaarta_iyo_ganacsiga_ee__1484,Suuqa Khdaarta iyo Ganacsiga ee Qaybta 1484 (Biyo Dhacay Area),"Neighborhood open-air fresh market and commercial trade zone in Biyo Dhacay Area residential & commercial grid, Hargeisa",9.55034,44.07747,Markets & Malls,mall,Biyo Dhacay Area,False,ShoppingBag,Suuqyada & Xarumaha Ganacsiga
wda_xarunta_ganacsiga_supermarket_ee_1485,Xarunta Ganacsiga & Supermarket ee Qaybta 1485 (Xero Awr / Hero Awr),"Modern multi-store retail grocery and provisions shopping center in Xero Awr / Hero Awr residential & commercial grid, Hargeisa",9.56014,44.05214,Markets & Malls,mall,Xero Awr / Hero Awr,False,ShoppingBag,Suuqyada & Xarumaha Ganacsiga
wda_kaalinta_shidaalka_hass_national_1486,Kaalinta Shidaalka Hass / National ee Qaybta 1486 (Downtown Waheen),"Service petrol station, diesel dispenser and tire service in Downtown Waheen residential & commercial grid, Hargeisa",9.567,44.06977,Fuel Stations (Kaalmaha Shidaalka),fuel,Downtown Waheen,False,Fuel,Kaalmaha Shidaalka
wda_kaalinta_shidaalka_gaaska_ee_qay_1487,Kaalinta Shidaalka & Gaaska ee Qaybta 1487 (Jigjiga Yar),"Fuel station and LPG domestic gas distribution depot in Jigjiga Yar residential & commercial grid, Hargeisa",9.58425,44.03721,Fuel Stations (Kaalmaha Shidaalka),fuel,Jigjiga Yar,False,Fuel,Kaalmaha Shidaalka
wda_istaanka_gaadiidka_dadweynaha_ee_1488,Istaanka Gaadiidka Dadweynaha ee Qaybta 1488 (Ahmed Dhagax),"Minibus terminal and designated passenger pick-and-drop stop in Ahmed Dhagax residential & commercial grid, Hargeisa",9.5625,44.05265,Transport & Terminals,transit_station,Ahmed Dhagax,False,Navigation,Istaannada & Gaadiidka
wda_isgoyska_weyn_ee_gaadiidka_ee_qa_1489,Isgoyska Weyn ee Gaadiidka ee Qaybta 1489 (150 Highway),"Major road intersection and inter-district transit artery in 150 Highway residential & commercial grid, Hargeisa",9.59025,44.0551,Transport & Terminals,transit_station,150 Highway,False,Navigation,Istaannada & Gaadiidka
wda_huteelka_nasashada_martida_ee_qa_1490,Huteelka Nasashada & Martida ee Qaybta 1490 (Shaab / Institutional District),"Comfortable guest lodging and family dining restaurant in Shaab / Institutional District residential & commercial grid, Hargeisa",9.56484,44.06006,Hotels & Hospitality,hotel,Shaab / Institutional District,False,Hotel,Huteellada & Martida
wda_laanta_zaad_dahabshiil_ee_qaybta_1491,Laanta ZAAD & Dahabshiil ee Qaybta 1491 (Maxamed Mooge),"Banking kiosk, e-remittance and ZAAD cash-in center in Maxamed Mooge residential & commercial grid, Hargeisa",9.52817,44.10524,Banks & Financial,bank,Maxamed Mooge,False,Landmark,Bangiyada & Xawaaladaha
wda_laanta_taaj_edahab_express_ee_qa_1492,Laanta TAAJ & Edahab Express ee Qaybta 1492 (New Hargeisa),"Financial services, money transfer and remittance desk in New Hargeisa residential & commercial grid, Hargeisa",9.56192,44.0978,Banks & Financial,bank,New Hargeisa,False,Landmark,Bangiyada & Xawaaladaha
wda_xafiiska_adeegga_somtel_telesom__1493,Xafiiska Adeegga Somtel & Telesom ee Qaybta 1493 (Daami),"Telecommunications branch, SIM registration and fiber service hub in Daami residential & commercial grid, Hargeisa",9.58167,44.08436,Corporate & Utilities,corporate,Daami,False,Building2,Shirkadaha & Isgaadhsiinta
wda_xarunta_korontada_sompower_ee_qa_1494,Xarunta Korontada Sompower ee Qaybta 1494 (Shiraaqle),"District electrical distribution and bill payment center in Shiraaqle residential & commercial grid, Hargeisa",9.5705,44.10465,Corporate & Utilities,utility,Shiraaqle,False,Zap,Korontada & Biyaha
wda_xafiiska_waaxda_dowladda_hoose_e_1495,Xafiiska Waaxda Dowladda Hoose ee Qaybta 1495 (Koodbuur),"Municipal sub-office and local civic administration center in Koodbuur residential & commercial grid, Hargeisa",9.58109,44.04551,Government & Civic,government,Koodbuur,False,Landmark,Hay'adaha Dowladda
wda_maqaayadda_cuntada_hiddaha_dhaqa_1496,Maqaayadda Cuntada Hiddaha & Dhaqanka ee Qaybta 1496 (Airport Zone / Masalaha),"Traditional Somali dishes and family restaurant in Airport Zone / Masalaha residential & commercial grid, Hargeisa",9.53242,44.09168,Restaurants & Cafes,restaurant,Airport Zone / Masalaha,False,Utensils,Maqaayadaha & Kafateeriyada
wda_kafateeriyada_qahwada_casriga_ah_1497,Kafateeriyada & Qahwada Casriga ah ee Qaybta 1497 (Kilalka / Sheikh Nuur East),"Modern coffee house and light dining lounge in Kilalka / Sheikh Nuur East residential & commercial grid, Hargeisa",9.57909,44.09801,Restaurants & Cafes,restaurant,Kilalka / Sheikh Nuur East,False,Utensils,Maqaayadaha & Kafateeriyada
wda_xarunta_ngo_yada_iyo_samafalka_e_1498,Xarunta NGO-yada iyo Samafalka ee Qaybta 1498 (Goljano District),"Non-governmental development agency & aid office in Goljano District residential & commercial grid, Hargeisa",9.56475,44.08421,NGOs & Humanitarian,ngo,Goljano District,False,Globe,Hay'adaha Samafalka (NGOs)
wda_jidka_iyo_wadada_weyn_ee_qaybta__1499,Jidka iyo Wadada Weyn ee Qaybta 1499 (Biyo Dhacay Area),"Major paved road corridor and arterial avenue in Biyo Dhacay Area residential & commercial grid, Hargeisa",9.56184,44.07706,Roads & Arterials,arterial_road,Biyo Dhacay Area,False,Navigation,Waddooyinka & Jidadka
wda_xaafada_deganaanshaha_ee_qaybta__1500,Xaafada Deganaanshaha ee Qaybta 1500 (Xero Awr / Hero Awr),"Quiet residential enclave and community living sector in Xero Awr / Hero Awr residential & commercial grid, Hargeisa",9.57245,44.05171,Xaafadaha (Districts),neighborhood,Xero Awr / Hero Awr,False,Home,Xaafadaha & Degmooyinka
wda_cusbitaalka_gurmadka_caafimaadka_1501,Cusbitaalka Gurmadka Caafimaadka ee Qaybta 1501 (Downtown Waheen),"Specialized neighborhood clinic & emergency health post in Downtown Waheen residential & commercial grid, Hargeisa",9.55948,44.06325,Hospitals & Healthcare,hospital,Downtown Waheen,False,HeartPulse,Cusbitaallada & Rugaha Caafimaadka
wda_rugta_daryeelka_hooyada_dhallaan_1502,Rugta Daryeelka Hooyada & Dhallaanka ee Qaybta 1502 (Jigjiga Yar),"Maternal and child care dispensary center in Jigjiga Yar residential & commercial grid, Hargeisa",9.57485,44.02907,Hospitals & Healthcare,hospital,Jigjiga Yar,False,HeartPulse,Cusbitaallada & Rugaha Caafimaadka
wda_farmasiga_shacabka_caafimaadka_e_1503,Farmasiga Shacabka & Caafimaadka ee Qaybta 1503 (Ahmed Dhagax),"24/7 community pharmacy and dispensary outpost in Ahmed Dhagax residential & commercial grid, Hargeisa",9.55122,44.04288,Hospitals & Healthcare,hospital,Ahmed Dhagax,False,HeartPulse,Cusbitaallada & Rugaha Caafimaadka
wda_dugsiga_hoose_dhexe_ee_waxbarash_1504,Dugsiga Hoose/Dhexe ee Waxbarashada Qaybta 1504 (150 Highway),"Public primary & intermediate school campus in 150 Highway residential & commercial grid, Hargeisa",9.57709,44.04369,Schools & Universities,school,150 Highway,False,GraduationCap,Dugsiyada & Waxbarashada
wda_akadeemiyada_casriga_ah_ee_qaybt_1505,Akadeemiyada Casriga ah ee Qaybta 1505 (Shaab / Institutional District),"Modern high school and STEM educational institute in Shaab / Institutional District residential & commercial grid, Hargeisa",9.55606,44.05246,Schools & Universities,school,Shaab / Institutional District,False,GraduationCap,Dugsiyada & Waxbarashada
wda_machadka_tababarka_xirfadaha_ee__1506,Machadka Tababarka Xirfadaha ee Qaybta 1506 (Maxamed Mooge),"Vocational and technical training college center in Maxamed Mooge residential & commercial grid, Hargeisa",9.51438,44.0933,Schools & Universities,university,Maxamed Mooge,False,GraduationCap,Jaamacadaha & Kuliyadaha
wda_masjidka_jaamaca_ee_qaybta_1507__1507,Masjidka Jaamaca ee Qaybta 1507 (New Hargeisa),"Congregational Friday mosque with community prayer hall in New Hargeisa residential & commercial grid, Hargeisa",9.55001,44.08748,Mosques (Masaajidda),place_of_worship,New Hargeisa,False,Moon,Masaajidda
wda_masjidka_al_imaan_ee_qaybta_1508_1508,Masjidka Al-Imaan ee Qaybta 1508 (Daami),"Neighborhood community mosque and Quranic learning hub in Daami residential & commercial grid, Hargeisa",9.57164,44.07567,Mosques (Masaajidda),place_of_worship,Daami,False,Moon,Masaajidda
wda_suuqa_khdaarta_iyo_ganacsiga_ee__1509,Suuqa Khdaarta iyo Ganacsiga ee Qaybta 1509 (Shiraaqle),"Neighborhood open-air fresh market and commercial trade zone in Shiraaqle residential & commercial grid, Hargeisa",9.55922,44.09488,Markets & Malls,mall,Shiraaqle,False,ShoppingBag,Suuqyada & Xarumaha Ganacsiga
wda_xarunta_ganacsiga_supermarket_ee_1510,Xarunta Ganacsiga & Supermarket ee Qaybta 1510 (Koodbuur),"Modern multi-store retail grocery and provisions shopping center in Koodbuur residential & commercial grid, Hargeisa",9.57043,44.03627,Markets & Malls,mall,Koodbuur,False,ShoppingBag,Suuqyada & Xarumaha Ganacsiga
wda_kaalinta_shidaalka_hass_national_1511,Kaalinta Shidaalka Hass / National ee Qaybta 1511 (Airport Zone / Masalaha),"Service petrol station, diesel dispenser and tire service in Airport Zone / Masalaha residential & commercial grid, Hargeisa",9.51675,44.07811,Fuel Stations (Kaalmaha Shidaalka),fuel,Airport Zone / Masalaha,False,Fuel,Kaalmaha Shidaalka
wda_kaalinta_shidaalka_gaaska_ee_qay_1512,Kaalinta Shidaalka & Gaaska ee Qaybta 1512 (Kilalka / Sheikh Nuur East),"Fuel station and LPG domestic gas distribution depot in Kilalka / Sheikh Nuur East residential & commercial grid, Hargeisa",9.56843,44.08877,Fuel Stations (Kaalmaha Shidaalka),fuel,Kilalka / Sheikh Nuur East,False,Fuel,Kaalmaha Shidaalka
wda_istaanka_gaadiidka_dadweynaha_ee_1513,Istaanka Gaadiidka Dadweynaha ee Qaybta 1513 (Goljano District),"Minibus terminal and designated passenger pick-and-drop stop in Goljano District residential & commercial grid, Hargeisa",9.55535,44.07607,Transport & Terminals,transit_station,Goljano District,False,Navigation,Istaannada & Gaadiidka
wda_isgoyska_weyn_ee_gaadiidka_ee_qa_1514,Isgoyska Weyn ee Gaadiidka ee Qaybta 1514 (Biyo Dhacay Area),"Major road intersection and inter-district transit artery in Biyo Dhacay Area residential & commercial grid, Hargeisa",9.55306,44.06946,Transport & Terminals,transit_station,Biyo Dhacay Area,False,Navigation,Istaannada & Gaadiidka
wda_huteelka_nasashada_martida_ee_qa_1515,Huteelka Nasashada & Martida ee Qaybta 1515 (Xero Awr / Hero Awr),"Comfortable guest lodging and family dining restaurant in Xero Awr / Hero Awr residential & commercial grid, Hargeisa",9.56305,44.04357,Hotels & Hospitality,hotel,Xero Awr / Hero Awr,False,Hotel,Huteellada & Martida
wda_laanta_zaad_dahabshiil_ee_qaybta_1516,Laanta ZAAD & Dahabshiil ee Qaybta 1516 (Downtown Waheen),"Banking kiosk, e-remittance and ZAAD cash-in center in Downtown Waheen residential & commercial grid, Hargeisa",9.56069,44.07324,Banks & Financial,bank,Downtown Waheen,False,Landmark,Bangiyada & Xawaaladaha
wda_laanta_taaj_edahab_express_ee_qa_1517,Laanta TAAJ & Edahab Express ee Qaybta 1517 (Jigjiga Yar),"Financial services, money transfer and remittance desk in Jigjiga Yar residential & commercial grid, Hargeisa",9.57636,44.04155,Banks & Financial,bank,Jigjiga Yar,False,Landmark,Bangiyada & Xawaaladaha
wda_xafiiska_adeegga_somtel_telesom__1518,Xafiiska Adeegga Somtel & Telesom ee Qaybta 1518 (Ahmed Dhagax),"Telecommunications branch, SIM registration and fiber service hub in Ahmed Dhagax residential & commercial grid, Hargeisa",9.55304,44.05787,Corporate & Utilities,corporate,Ahmed Dhagax,False,Building2,Shirkadaha & Isgaadhsiinta
wda_xarunta_korontada_sompower_ee_qa_1519,Xarunta Korontada Sompower ee Qaybta 1519 (150 Highway),"District electrical distribution and bill payment center in 150 Highway residential & commercial grid, Hargeisa",9.57921,44.06118,Corporate & Utilities,utility,150 Highway,False,Zap,Korontada & Biyaha
wda_xafiiska_waaxda_dowladda_hoose_e_1520,Xafiiska Waaxda Dowladda Hoose ee Qaybta 1520 (Shaab / Institutional District),"Municipal sub-office and local civic administration center in Shaab / Institutional District residential & commercial grid, Hargeisa",9.55747,44.06412,Government & Civic,government,Shaab / Institutional District,False,Landmark,Hay'adaha Dowladda
wda_maqaayadda_cuntada_hiddaha_dhaqa_1521,Maqaayadda Cuntada Hiddaha & Dhaqanka ee Qaybta 1521 (Maxamed Mooge),"Traditional Somali dishes and family restaurant in Maxamed Mooge residential & commercial grid, Hargeisa",9.5166,44.11161,Restaurants & Cafes,restaurant,Maxamed Mooge,False,Utensils,Maqaayadaha & Kafateeriyada
wda_kafateeriyada_qahwada_casriga_ah_1522,Kafateeriyada & Qahwada Casriga ah ee Qaybta 1522 (New Hargeisa),"Modern coffee house and light dining lounge in New Hargeisa residential & commercial grid, Hargeisa",9.55193,44.1033,Restaurants & Cafes,restaurant,New Hargeisa,False,Utensils,Maqaayadaha & Kafateeriyada
wda_xarunta_ngo_yada_iyo_samafalka_e_1523,Xarunta NGO-yada iyo Samafalka ee Qaybta 1523 (Daami),"Non-governmental development agency & aid office in Daami residential & commercial grid, Hargeisa",9.57325,44.08899,NGOs & Humanitarian,ngo,Daami,False,Globe,Hay'adaha Samafalka (NGOs)
wda_jidka_iyo_wadada_weyn_ee_qaybta__1524,Jidka iyo Wadada Weyn ee Qaybta 1524 (Shiraaqle),"Major paved road corridor and arterial avenue in Shiraaqle residential & commercial grid, Hargeisa",9.56104,44.10987,Roads & Arterials,arterial_road,Shiraaqle,False,Navigation,Waddooyinka & Jidadka
wda_xaafada_deganaanshaha_ee_qaybta__1525,Xaafada Deganaanshaha ee Qaybta 1525 (Koodbuur),"Quiet residential enclave and community living sector in Koodbuur residential & commercial grid, Hargeisa",9.57215,44.05043,Xaafadaha (Districts),neighborhood,Koodbuur,False,Home,Xaafadaha & Degmooyinka
wda_cusbitaalka_gurmadka_caafimaadka_1526,Cusbitaalka Gurmadka Caafimaadka ee Qaybta 1526 (Airport Zone / Masalaha),"Specialized neighborhood clinic & emergency health post in Airport Zone / Masalaha residential & commercial grid, Hargeisa",9.51927,44.09892,Hospitals & Healthcare,hospital,Airport Zone / Masalaha,False,HeartPulse,Cusbitaallada & Rugaha Caafimaadka
wda_rugta_daryeelka_hooyada_dhallaan_1527,Rugta Daryeelka Hooyada & Dhallaanka ee Qaybta 1527 (Kilalka / Sheikh Nuur East),"Maternal and child care dispensary center in Kilalka / Sheikh Nuur East residential & commercial grid, Hargeisa",9.57015,44.10293,Hospitals & Healthcare,hospital,Kilalka / Sheikh Nuur East,False,HeartPulse,Cusbitaallada & Rugaha Caafimaadka
wda_farmasiga_shacabka_caafimaadka_e_1528,Farmasiga Shacabka & Caafimaadka ee Qaybta 1528 (Goljano District),"24/7 community pharmacy and dispensary outpost in Goljano District residential & commercial grid, Hargeisa",9.55686,44.08855,Hospitals & Healthcare,hospital,Goljano District,False,HeartPulse,Cusbitaallada & Rugaha Caafimaadka
wda_dugsiga_hoose_dhexe_ee_waxbarash_1529,Dugsiga Hoose/Dhexe ee Waxbarashada Qaybta 1529 (Biyo Dhacay Area),"Public primary & intermediate school campus in Biyo Dhacay Area residential & commercial grid, Hargeisa",9.55447,44.08112,Schools & Universities,school,Biyo Dhacay Area,False,GraduationCap,Dugsiyada & Waxbarashada
wda_akadeemiyada_casriga_ah_ee_qaybt_1530,Akadeemiyada Casriga ah ee Qaybta 1530 (Xero Awr / Hero Awr),"Modern high school and STEM educational institute in Xero Awr / Hero Awr residential & commercial grid, Hargeisa",9.56456,44.05605,Schools & Universities,school,Xero Awr / Hero Awr,False,GraduationCap,Dugsiyada & Waxbarashada
wda_machadka_tababarka_xirfadaha_ee__1531,Machadka Tababarka Xirfadaha ee Qaybta 1531 (Downtown Waheen),"Vocational and technical training college center in Downtown Waheen residential & commercial grid, Hargeisa",9.56647,44.06502,Schools & Universities,university,Downtown Waheen,False,GraduationCap,Jaamacadaha & Kuliyadaha
wda_masjidka_jaamaca_ee_qaybta_1532__1532,Masjidka Jaamaca ee Qaybta 1532 (Jigjiga Yar),"Congregational Friday mosque with community prayer hall in Jigjiga Yar residential & commercial grid, Hargeisa",9.58359,44.03128,Mosques (Masaajidda),place_of_worship,Jigjiga Yar,False,Moon,Masaajidda
wda_masjidka_al_imaan_ee_qaybta_1533_1533,Masjidka Al-Imaan ee Qaybta 1533 (Ahmed Dhagax),"Neighborhood community mosque and Quranic learning hub in Ahmed Dhagax residential & commercial grid, Hargeisa",9.56171,44.04553,Mosques (Masaajidda),place_of_worship,Ahmed Dhagax,False,Moon,Masaajidda
wda_suuqa_khdaarta_iyo_ganacsiga_ee__1534,Suuqa Khdaarta iyo Ganacsiga ee Qaybta 1534 (150 Highway),"Neighborhood open-air fresh market and commercial trade zone in 150 Highway residential & commercial grid, Hargeisa",9.58933,44.04679,Markets & Malls,mall,150 Highway,False,ShoppingBag,Suuqyada & Xarumaha Ganacsiga
wda_xarunta_ganacsiga_supermarket_ee_1535,Xarunta Ganacsiga & Supermarket ee Qaybta 1535 (Shaab / Institutional District),"Modern multi-store retail grocery and provisions shopping center in Shaab / Institutional District residential & commercial grid, Hargeisa",9.56422,44.05452,Markets & Malls,mall,Shaab / Institutional District,False,ShoppingBag,Suuqyada & Xarumaha Ganacsiga
wda_kaalinta_shidaalka_hass_national_1536,Kaalinta Shidaalka Hass / National ee Qaybta 1536 (Maxamed Mooge),"Service petrol station, diesel dispenser and tire service in Maxamed Mooge residential & commercial grid, Hargeisa",9.5272,44.09654,Fuel Stations (Kaalmaha Shidaalka),fuel,Maxamed Mooge,False,Fuel,Kaalmaha Shidaalka
wda_kaalinta_shidaalka_gaaska_ee_qay_1537,Kaalinta Shidaalka & Gaaska ee Qaybta 1537 (New Hargeisa),"Fuel station and LPG domestic gas distribution depot in New Hargeisa residential & commercial grid, Hargeisa",9.56108,44.09028,Fuel Stations (Kaalmaha Shidaalka),fuel,New Hargeisa,False,Fuel,Kaalmaha Shidaalka
wda_istaanka_gaadiidka_dadweynaha_ee_1538,Istaanka Gaadiidka Dadweynaha ee Qaybta 1538 (Daami),"Minibus terminal and designated passenger pick-and-drop stop in Daami residential & commercial grid, Hargeisa",9.58096,44.07803,Transport & Terminals,transit_station,Daami,False,Navigation,Istaannada & Gaadiidka
wda_isgoyska_weyn_ee_gaadiidka_ee_qa_1539,Isgoyska Weyn ee Gaadiidka ee Qaybta 1539 (Shiraaqle),"Major road intersection and inter-district transit artery in Shiraaqle residential & commercial grid, Hargeisa",9.56971,44.09753,Transport & Terminals,transit_station,Shiraaqle,False,Navigation,Istaannada & Gaadiidka
wda_huteelka_nasashada_martida_ee_qa_1540,Huteelka Nasashada & Martida ee Qaybta 1540 (Koodbuur),"Comfortable guest lodging and family dining restaurant in Koodbuur residential & commercial grid, Hargeisa",9.58034,44.03878,Hotels & Hospitality,hotel,Koodbuur,False,Hotel,Huteellada & Martida
wda_laanta_zaad_dahabshiil_ee_qaybta_1541,Laanta ZAAD & Dahabshiil ee Qaybta 1541 (Airport Zone / Masalaha),"Banking kiosk, e-remittance and ZAAD cash-in center in Airport Zone / Masalaha residential & commercial grid, Hargeisa",9.53132,44.08179,Banks & Financial,bank,Airport Zone / Masalaha,False,Landmark,Bangiyada & Xawaaladaha
wda_laanta_taaj_edahab_express_ee_qa_1542,Laanta TAAJ & Edahab Express ee Qaybta 1542 (Kilalka / Sheikh Nuur East),"Financial services, money transfer and remittance desk in Kilalka / Sheikh Nuur East residential & commercial grid, Hargeisa",9.57834,44.09128,Banks & Financial,bank,Kilalka / Sheikh Nuur East,False,Landmark,Bangiyada & Xawaaladaha
wda_xafiiska_adeegga_somtel_telesom__1543,Xafiiska Adeegga Somtel & Telesom ee Qaybta 1543 (Goljano District),"Telecommunications branch, SIM registration and fiber service hub in Goljano District residential & commercial grid, Hargeisa",9.56409,44.07828,Corporate & Utilities,corporate,Goljano District,False,Building2,Shirkadaha & Isgaadhsiinta
wda_xarunta_korontada_sompower_ee_qa_1544,Xarunta Korontada Sompower ee Qaybta 1544 (Biyo Dhacay Area),"District electrical distribution and bill payment center in Biyo Dhacay Area residential & commercial grid, Hargeisa",9.56122,44.07152,Corporate & Utilities,utility,Biyo Dhacay Area,False,Zap,Korontada & Biyaha
wda_xafiiska_waaxda_dowladda_hoose_e_1545,Xafiiska Waaxda Dowladda Hoose ee Qaybta 1545 (Xero Awr / Hero Awr),"Municipal sub-office and local civic administration center in Xero Awr / Hero Awr residential & commercial grid, Hargeisa",9.57179,44.04578,Government & Civic,government,Xero Awr / Hero Awr,False,Landmark,Hay'adaha Dowladda
wda_maqaayadda_cuntada_hiddaha_dhaqa_1546,Maqaayadda Cuntada Hiddaha & Dhaqanka ee Qaybta 1546 (Downtown Waheen),"Traditional Somali dishes and family restaurant in Downtown Waheen residential & commercial grid, Hargeisa",9.5567,44.06713,Restaurants & Cafes,restaurant,Downtown Waheen,False,Utensils,Maqaayadaha & Kafateeriyada
wda_kafateeriyada_qahwada_casriga_ah_1547,Kafateeriyada & Qahwada Casriga ah ee Qaybta 1547 (Jigjiga Yar),"Modern coffee house and light dining lounge in Jigjiga Yar residential & commercial grid, Hargeisa",9.57137,44.03391,Restaurants & Cafes,restaurant,Jigjiga Yar,False,Utensils,Maqaayadaha & Kafateeriyada
wda_xarunta_ngo_yada_iyo_samafalka_e_1548,Xarunta NGO-yada iyo Samafalka ee Qaybta 1548 (Ahmed Dhagax),"Non-governmental development agency & aid office in Ahmed Dhagax residential & commercial grid, Hargeisa",9.54705,44.0487,NGOs & Humanitarian,ngo,Ahmed Dhagax,False,Globe,Hay'adaha Samafalka (NGOs)
wda_jidka_iyo_wadada_weyn_ee_qaybta__1549,Jidka iyo Wadada Weyn ee Qaybta 1549 (150 Highway),"Major paved road corridor and arterial avenue in 150 Highway residential & commercial grid, Hargeisa",9.57222,44.05048,Roads & Arterials,arterial_road,150 Highway,False,Navigation,Waddooyinka & Jidadka
wda_xaafada_deganaanshaha_ee_qaybta__1550,Xaafada Deganaanshaha ee Qaybta 1550 (Shaab / Institutional District),"Quiet residential enclave and community living sector in Shaab / Institutional District residential & commercial grid, Hargeisa",9.55282,44.05699,Xaafadaha (Districts),neighborhood,Shaab / Institutional District,False,Home,Xaafadaha & Degmooyinka
wda_cusbitaalka_gurmadka_caafimaadka_1551,Cusbitaalka Gurmadka Caafimaadka ee Qaybta 1551 (Maxamed Mooge),"Specialized neighborhood clinic & emergency health post in Maxamed Mooge residential & commercial grid, Hargeisa",9.50928,44.10041,Hospitals & Healthcare,hospital,Maxamed Mooge,False,HeartPulse,Cusbitaallada & Rugaha Caafimaadka
wda_rugta_daryeelka_hooyada_dhallaan_1552,Rugta Daryeelka Hooyada & Dhallaanka ee Qaybta 1552 (New Hargeisa),"Maternal and child care dispensary center in New Hargeisa residential & commercial grid, Hargeisa",9.54561,44.09362,Hospitals & Healthcare,hospital,New Hargeisa,False,HeartPulse,Cusbitaallada & Rugaha Caafimaadka
wda_farmasiga_shacabka_caafimaadka_e_1553,Farmasiga Shacabka & Caafimaadka ee Qaybta 1553 (Daami),"24/7 community pharmacy and dispensary outpost in Daami residential & commercial grid, Hargeisa",9.56793,44.08084,Hospitals & Healthcare,hospital,Daami,False,HeartPulse,Cusbitaallada & Rugaha Caafimaadka
wda_dugsiga_hoose_dhexe_ee_waxbarash_1554,Dugsiga Hoose/Dhexe ee Waxbarashada Qaybta 1554 (Shiraaqle),"Public primary & intermediate school campus in Shiraaqle residential & commercial grid, Hargeisa",9.55505,44.1007,Schools & Universities,school,Shiraaqle,False,GraduationCap,Dugsiyada & Waxbarashada
wda_akadeemiyada_casriga_ah_ee_qaybt_1555,Akadeemiyada Casriga ah ee Qaybta 1555 (Koodbuur),"Modern high school and STEM educational institute in Koodbuur residential & commercial grid, Hargeisa",9.56649,44.04177,Schools & Universities,school,Koodbuur,False,GraduationCap,Dugsiyada & Waxbarashada
wda_machadka_tababarka_xirfadaha_ee__1556,Machadka Tababarka Xirfadaha ee Qaybta 1556 (Airport Zone / Masalaha),"Vocational and technical training college center in Airport Zone / Masalaha residential & commercial grid, Hargeisa",9.51096,44.08619,Schools & Universities,university,Airport Zone / Masalaha,False,GraduationCap,Jaamacadaha & Kuliyadaha
wda_masjidka_jaamaca_ee_qaybta_1557__1557,Masjidka Jaamaca ee Qaybta 1557 (Kilalka / Sheikh Nuur East),"Congregational Friday mosque with community prayer hall in Kilalka / Sheikh Nuur East residential & commercial grid, Hargeisa",9.56449,44.09427,Mosques (Masaajidda),place_of_worship,Kilalka / Sheikh Nuur East,False,Moon,Masaajidda
wda_masjidka_al_imaan_ee_qaybta_1558_1558,Masjidka Al-Imaan ee Qaybta 1558 (Goljano District),"Neighborhood community mosque and Quranic learning hub in Goljano District residential & commercial grid, Hargeisa",9.55187,44.08091,Mosques (Masaajidda),place_of_worship,Goljano District,False,Moon,Masaajidda
wda_suuqa_khdaarta_iyo_ganacsiga_ee__1559,Suuqa Khdaarta iyo Ganacsiga ee Qaybta 1559 (Biyo Dhacay Area),"Neighborhood open-air fresh market and commercial trade zone in Biyo Dhacay Area residential & commercial grid, Hargeisa",9.54982,44.07399,Markets & Malls,mall,Biyo Dhacay Area,False,ShoppingBag,Suuqyada & Xarumaha Ganacsiga
wda_xarunta_ganacsiga_supermarket_ee_1560,Xarunta Ganacsiga & Supermarket ee Qaybta 1560 (Xero Awr / Hero Awr),"Modern multi-store retail grocery and provisions shopping center in Xero Awr / Hero Awr residential & commercial grid, Hargeisa",9.55957,44.04841,Markets & Malls,mall,Xero Awr / Hero Awr,False,ShoppingBag,Suuqyada & Xarumaha Ganacsiga
wda_kaalinta_shidaalka_hass_national_1561,Kaalinta Shidaalka Hass / National ee Qaybta 1561 (Downtown Waheen),"Service petrol station, diesel dispenser and tire service in Downtown Waheen residential & commercial grid, Hargeisa",9.56534,44.07229,Fuel Stations (Kaalmaha Shidaalka),fuel,Downtown Waheen,False,Fuel,Kaalmaha Shidaalka
wda_kaalinta_shidaalka_gaaska_ee_qay_1562,Kaalinta Shidaalka & Gaaska ee Qaybta 1562 (Jigjiga Yar),"Fuel station and LPG domestic gas distribution depot in Jigjiga Yar residential & commercial grid, Hargeisa",9.58218,44.04036,Fuel Stations (Kaalmaha Shidaalka),fuel,Jigjiga Yar,False,Fuel,Kaalmaha Shidaalka
wda_istaanka_gaadiidka_dadweynaha_ee_1563,Istaanka Gaadiidka Dadweynaha ee Qaybta 1563 (Ahmed Dhagax),"Minibus terminal and designated passenger pick-and-drop stop in Ahmed Dhagax residential & commercial grid, Hargeisa",9.56001,44.05643,Transport & Terminals,transit_station,Ahmed Dhagax,False,Navigation,Istaannada & Gaadiidka
wda_isgoyska_weyn_ee_gaadiidka_ee_qa_1564,Isgoyska Weyn ee Gaadiidka ee Qaybta 1564 (150 Highway),"Major road intersection and inter-district transit artery in 150 Highway residential & commercial grid, Hargeisa",9.58735,44.0595,Transport & Terminals,transit_station,150 Highway,False,Navigation,Istaannada & Gaadiidka
wda_huteelka_nasashada_martida_ee_qa_1565,Huteelka Nasashada & Martida ee Qaybta 1565 (Shaab / Institutional District),"Comfortable guest lodging and family dining restaurant in Shaab / Institutional District residential & commercial grid, Hargeisa",9.5629,44.063,Hotels & Hospitality,hotel,Shaab / Institutional District,False,Hotel,Huteellada & Martida
wda_laanta_zaad_dahabshiil_ee_qaybta_1566,Laanta ZAAD & Dahabshiil ee Qaybta 1566 (Maxamed Mooge),"Banking kiosk, e-remittance and ZAAD cash-in center in Maxamed Mooge residential & commercial grid, Hargeisa",9.52512,44.10986,Banks & Financial,bank,Maxamed Mooge,False,Landmark,Bangiyada & Xawaaladaha
wda_laanta_taaj_edahab_express_ee_qa_1567,Laanta TAAJ & Edahab Express ee Qaybta 1567 (New Hargeisa),"Financial services, money transfer and remittance desk in New Hargeisa residential & commercial grid, Hargeisa",9.55929,44.10179,Banks & Financial,bank,New Hargeisa,False,Landmark,Bangiyada & Xawaaladaha
wda_xafiiska_adeegga_somtel_telesom__1568,Xafiiska Adeegga Somtel & Telesom ee Qaybta 1568 (Daami),"Telecommunications branch, SIM registration and fiber service hub in Daami residential & commercial grid, Hargeisa",9.57945,44.08772,Corporate & Utilities,corporate,Daami,False,Building2,Shirkadaha & Isgaadhsiinta
wda_xarunta_korontada_sompower_ee_qa_1569,Xarunta Korontada Sompower ee Qaybta 1569 (Shiraaqle),"District electrical distribution and bill payment center in Shiraaqle residential & commercial grid, Hargeisa",9.56801,44.10843,Corporate & Utilities,utility,Shiraaqle,False,Zap,Korontada & Biyaha
wda_xafiiska_waaxda_dowladda_hoose_e_1570,Xafiiska Waaxda Dowladda Hoose ee Qaybta 1570 (Koodbuur),"Municipal sub-office and local civic administration center in Koodbuur residential & commercial grid, Hargeisa",9.57873,44.04907,Government & Civic,government,Koodbuur,False,Landmark,Hay'adaha Dowladda
wda_maqaayadda_cuntada_hiddaha_dhaqa_1571,Maqaayadda Cuntada Hiddaha & Dhaqanka ee Qaybta 1571 (Airport Zone / Masalaha),"Traditional Somali dishes and family restaurant in Airport Zone / Masalaha residential & commercial grid, Hargeisa",9.52896,44.09693,Restaurants & Cafes,restaurant,Airport Zone / Masalaha,False,Utensils,Maqaayadaha & Kafateeriyada
wda_kafateeriyada_qahwada_casriga_ah_1572,Kafateeriyada & Qahwada Casriga ah ee Qaybta 1572 (Kilalka / Sheikh Nuur East),"Modern coffee house and light dining lounge in Kilalka / Sheikh Nuur East residential & commercial grid, Hargeisa",9.57673,44.10157,Restaurants & Cafes,restaurant,Kilalka / Sheikh Nuur East,False,Utensils,Maqaayadaha & Kafateeriyada
wda_xarunta_ngo_yada_iyo_samafalka_e_1573,Xarunta NGO-yada iyo Samafalka ee Qaybta 1573 (Goljano District),"Non-governmental development agency & aid office in Goljano District residential & commercial grid, Hargeisa",9.56268,44.08736,NGOs & Humanitarian,ngo,Goljano District,False,Globe,Hay'adaha Samafalka (NGOs)
wda_jidka_iyo_wadada_weyn_ee_qaybta__1574,Jidka iyo Wadada Weyn ee Qaybta 1574 (Biyo Dhacay Area),"Major paved road corridor and arterial avenue in Biyo Dhacay Area residential & commercial grid, Hargeisa",9.5599,44.08,Roads & Arterials,arterial_road,Biyo Dhacay Area,False,Navigation,Waddooyinka & Jidadka
wda_xaafada_deganaanshaha_ee_qaybta__1575,Xaafada Deganaanshaha ee Qaybta 1575 (Xero Awr / Hero Awr),"Quiet residential enclave and community living sector in Xero Awr / Hero Awr residential & commercial grid, Hargeisa",9.57038,44.05486,Xaafadaha (Districts),neighborhood,Xero Awr / Hero Awr,False,Home,Xaafadaha & Degmooyinka
wda_cusbitaalka_gurmadka_caafimaadka_1576,Cusbitaalka Gurmadka Caafimaadka ee Qaybta 1576 (Downtown Waheen),"Specialized neighborhood clinic & emergency health post in Downtown Waheen residential & commercial grid, Hargeisa",9.56239,44.06253,Hospitals & Healthcare,hospital,Downtown Waheen,False,HeartPulse,Cusbitaallada & Rugaha Caafimaadka
wda_rugta_daryeelka_hooyada_dhallaan_1577,Rugta Daryeelka Hooyada & Dhallaanka ee Qaybta 1577 (Jigjiga Yar),"Maternal and child care dispensary center in Jigjiga Yar residential & commercial grid, Hargeisa",9.57849,44.02817,Hospitals & Healthcare,hospital,Jigjiga Yar,False,HeartPulse,Cusbitaallada & Rugaha Caafimaadka
wda_farmasiga_shacabka_caafimaadka_e_1578,Farmasiga Shacabka & Caafimaadka ee Qaybta 1578 (Ahmed Dhagax),"24/7 community pharmacy and dispensary outpost in Ahmed Dhagax residential & commercial grid, Hargeisa",9.55559,44.0418,Hospitals & Healthcare,hospital,Ahmed Dhagax,False,HeartPulse,Cusbitaallada & Rugaha Caafimaadka
wda_dugsiga_hoose_dhexe_ee_waxbarash_1579,Dugsiga Hoose/Dhexe ee Waxbarashada Qaybta 1579 (150 Highway),"Public primary & intermediate school campus in 150 Highway residential & commercial grid, Hargeisa",9.58219,44.04243,Schools & Universities,school,150 Highway,False,GraduationCap,Dugsiyada & Waxbarashada
wda_akadeemiyada_casriga_ah_ee_qaybt_1580,Akadeemiyada Casriga ah ee Qaybta 1580 (Shaab / Institutional District),"Modern high school and STEM educational institute in Shaab / Institutional District residential & commercial grid, Hargeisa",9.55946,44.05162,Schools & Universities,school,Shaab / Institutional District,False,GraduationCap,Dugsiyada & Waxbarashada
wda_machadka_tababarka_xirfadaha_ee__1581,Machadka Tababarka Xirfadaha ee Qaybta 1581 (Maxamed Mooge),"Vocational and technical training college center in Maxamed Mooge residential & commercial grid, Hargeisa",9.51972,44.09198,Schools & Universities,university,Maxamed Mooge,False,GraduationCap,Jaamacadaha & Kuliyadaha
wda_masjidka_jaamaca_ee_qaybta_1582__1582,Masjidka Jaamaca ee Qaybta 1582 (New Hargeisa),"Congregational Friday mosque with community prayer hall in New Hargeisa residential & commercial grid, Hargeisa",9.55462,44.08634,Mosques (Masaajidda),place_of_worship,New Hargeisa,False,Moon,Masaajidda
wda_masjidka_al_imaan_ee_qaybta_1583_1583,Masjidka Al-Imaan ee Qaybta 1583 (Daami),"Neighborhood community mosque and Quranic learning hub in Daami residential & commercial grid, Hargeisa",9.57553,44.07471,Mosques (Masaajidda),place_of_worship,Daami,False,Moon,Masaajidda
wda_suuqa_khdaarta_iyo_ganacsiga_ee__1584,Suuqa Khdaarta iyo Ganacsiga ee Qaybta 1584 (Shiraaqle),"Neighborhood open-air fresh market and commercial trade zone in Shiraaqle residential & commercial grid, Hargeisa",9.56359,44.0938,Markets & Malls,mall,Shiraaqle,False,ShoppingBag,Suuqyada & Xarumaha Ganacsiga
wda_xarunta_ganacsiga_supermarket_ee_1585,Xarunta Ganacsiga & Supermarket ee Qaybta 1585 (Koodbuur),"Modern multi-store retail grocery and provisions shopping center in Koodbuur residential & commercial grid, Hargeisa",9.57456,44.03525,Markets & Malls,mall,Koodbuur,False,ShoppingBag,Suuqyada & Xarumaha Ganacsiga
wda_kaalinta_shidaalka_hass_national_1586,Kaalinta Shidaalka Hass / National ee Qaybta 1586 (Airport Zone / Masalaha),"Service petrol station, diesel dispenser and tire service in Airport Zone / Masalaha residential & commercial grid, Hargeisa",9.52282,44.07661,Fuel Stations (Kaalmaha Shidaalka),fuel,Airport Zone / Masalaha,False,Fuel,Kaalmaha Shidaalka
wda_kaalinta_shidaalka_gaaska_ee_qay_1587,Kaalinta Shidaalka & Gaaska ee Qaybta 1587 (Kilalka / Sheikh Nuur East),"Fuel station and LPG domestic gas distribution depot in Kilalka / Sheikh Nuur East residential & commercial grid, Hargeisa",9.57256,44.08775,Fuel Stations (Kaalmaha Shidaalka),fuel,Kilalka / Sheikh Nuur East,False,Fuel,Kaalmaha Shidaalka
wda_istaanka_gaadiidka_dadweynaha_ee_1588,Istaanka Gaadiidka Dadweynaha ee Qaybta 1588 (Goljano District),"Minibus terminal and designated passenger pick-and-drop stop in Goljano District residential & commercial grid, Hargeisa",9.55899,44.07517,Transport & Terminals,transit_station,Goljano District,False,Navigation,Istaannada & Gaadiidka
wda_isgoyska_weyn_ee_gaadiidka_ee_qa_1589,Isgoyska Weyn ee Gaadiidka ee Qaybta 1589 (Biyo Dhacay Area),"Major road intersection and inter-district transit artery in Biyo Dhacay Area residential & commercial grid, Hargeisa",9.55646,44.06862,Transport & Terminals,transit_station,Biyo Dhacay Area,False,Navigation,Istaannada & Gaadiidka
wda_huteelka_nasashada_martida_ee_qa_1590,Huteelka Nasashada & Martida ee Qaybta 1590 (Xero Awr / Hero Awr),"Comfortable guest lodging and family dining restaurant in Xero Awr / Hero Awr residential & commercial grid, Hargeisa",9.56669,44.04267,Hotels & Hospitality,hotel,Xero Awr / Hero Awr,False,Hotel,Huteellada & Martida
wda_laanta_zaad_dahabshiil_ee_qaybta_1591,Laanta ZAAD & Dahabshiil ee Qaybta 1591 (Downtown Waheen),"Banking kiosk, e-remittance and ZAAD cash-in center in Downtown Waheen residential & commercial grid, Hargeisa",9.55805,44.07177,Banks & Financial,bank,Downtown Waheen,False,Landmark,Bangiyada & Xawaaladaha
wda_laanta_taaj_edahab_express_ee_qa_1592,Laanta TAAJ & Edahab Express ee Qaybta 1592 (Jigjiga Yar),"Financial services, money transfer and remittance desk in Jigjiga Yar residential & commercial grid, Hargeisa",9.57307,44.03972,Banks & Financial,bank,Jigjiga Yar,False,Landmark,Bangiyada & Xawaaladaha
wda_xafiiska_adeegga_somtel_telesom__1593,Xafiiska Adeegga Somtel & Telesom ee Qaybta 1593 (Ahmed Dhagax),"Telecommunications branch, SIM registration and fiber service hub in Ahmed Dhagax residential & commercial grid, Hargeisa",9.54908,44.05566,Corporate & Utilities,corporate,Ahmed Dhagax,False,Building2,Shirkadaha & Isgaadhsiinta
wda_xarunta_korontada_sompower_ee_qa_1594,Xarunta Korontada Sompower ee Qaybta 1594 (150 Highway),"District electrical distribution and bill payment center in 150 Highway residential & commercial grid, Hargeisa",9.5746,44.05861,Corporate & Utilities,utility,150 Highway,False,Zap,Korontada & Biyaha
wda_xafiiska_waaxda_dowladda_hoose_e_1595,Xafiiska Waaxda Dowladda Hoose ee Qaybta 1595 (Shaab / Institutional District),"Municipal sub-office and local civic administration center in Shaab / Institutional District residential & commercial grid, Hargeisa",9.5544,44.0624,Government & Civic,government,Shaab / Institutional District,False,Landmark,Hay'adaha Dowladda
wda_maqaayadda_cuntada_hiddaha_dhaqa_1596,Maqaayadda Cuntada Hiddaha & Dhaqanka ee Qaybta 1596 (Maxamed Mooge),"Traditional Somali dishes and family restaurant in Maxamed Mooge residential & commercial grid, Hargeisa",9.51177,44.10892,Restaurants & Cafes,restaurant,Maxamed Mooge,False,Utensils,Maqaayadaha & Kafateeriyada
wda_kafateeriyada_qahwada_casriga_ah_1597,Kafateeriyada & Qahwada Casriga ah ee Qaybta 1597 (New Hargeisa),"Modern coffee house and light dining lounge in New Hargeisa residential & commercial grid, Hargeisa",9.54775,44.10098,Restaurants & Cafes,restaurant,New Hargeisa,False,Utensils,Maqaayadaha & Kafateeriyada
wda_xarunta_ngo_yada_iyo_samafalka_e_1598,Xarunta NGO-yada iyo Samafalka ee Qaybta 1598 (Daami),"Non-governmental development agency & aid office in Daami residential & commercial grid, Hargeisa",9.56974,44.08703,NGOs & Humanitarian,ngo,Daami,False,Globe,Hay'adaha Samafalka (NGOs)
wda_jidka_iyo_wadada_weyn_ee_qaybta__1599,Jidka iyo Wadada Weyn ee Qaybta 1599 (Shiraaqle),"Major paved road corridor and arterial avenue in Shiraaqle residential & commercial grid, Hargeisa",9.55708,44.10766,Roads & Arterials,arterial_road,Shiraaqle,False,Navigation,Waddooyinka & Jidadka
wda_xaafada_deganaanshaha_ee_qaybta__1600,Xaafada Deganaanshaha ee Qaybta 1600 (Koodbuur),"Quiet residential enclave and community living sector in Koodbuur residential & commercial grid, Hargeisa",9.56841,44.04835,Xaafadaha (Districts),neighborhood,Koodbuur,False,Home,Xaafadaha & Degmooyinka
wda_cusbitaalka_gurmadka_caafimaadka_1601,Cusbitaalka Gurmadka Caafimaadka ee Qaybta 1601 (Airport Zone / Masalaha),"Specialized neighborhood clinic & emergency health post in Airport Zone / Masalaha residential & commercial grid, Hargeisa",9.51378,44.09586,Hospitals & Healthcare,hospital,Airport Zone / Masalaha,False,HeartPulse,Cusbitaallada & Rugaha Caafimaadka
wda_rugta_daryeelka_hooyada_dhallaan_1602,Rugta Daryeelka Hooyada & Dhallaanka ee Qaybta 1602 (Kilalka / Sheikh Nuur East),"Maternal and child care dispensary center in Kilalka / Sheikh Nuur East residential & commercial grid, Hargeisa",9.56641,44.10085,Hospitals & Healthcare,hospital,Kilalka / Sheikh Nuur East,False,HeartPulse,Cusbitaallada & Rugaha Caafimaadka
wda_farmasiga_shacabka_caafimaadka_e_1603,Farmasiga Shacabka & Caafimaadka ee Qaybta 1603 (Goljano District),"24/7 community pharmacy and dispensary outpost in Goljano District residential & commercial grid, Hargeisa",9.55357,44.08672,Hospitals & Healthcare,hospital,Goljano District,False,HeartPulse,Cusbitaallada & Rugaha Caafimaadka
wda_dugsiga_hoose_dhexe_ee_waxbarash_1604,Dugsiga Hoose/Dhexe ee Waxbarashada Qaybta 1604 (Biyo Dhacay Area),"Public primary & intermediate school campus in Biyo Dhacay Area residential & commercial grid, Hargeisa",9.5514,44.0794,Schools & Universities,school,Biyo Dhacay Area,False,GraduationCap,Dugsiyada & Waxbarashada
wda_akadeemiyada_casriga_ah_ee_qaybt_1605,Akadeemiyada Casriga ah ee Qaybta 1605 (Xero Awr / Hero Awr),"Modern high school and STEM educational institute in Xero Awr / Hero Awr residential & commercial grid, Hargeisa",9.56127,44.05422,Schools & Universities,school,Xero Awr / Hero Awr,False,GraduationCap,Dugsiyada & Waxbarashada
wda_machadka_tababarka_xirfadaha_ee__1606,Machadka Tababarka Xirfadaha ee Qaybta 1606 (Downtown Waheen),"Vocational and technical training college center in Downtown Waheen residential & commercial grid, Hargeisa",9.56744,44.06792,Schools & Universities,university,Downtown Waheen,False,GraduationCap,Jaamacadaha & Kuliyadaha
wda_masjidka_jaamaca_ee_qaybta_1607__1607,Masjidka Jaamaca ee Qaybta 1607 (Jigjiga Yar),"Congregational Friday mosque with community prayer hall in Jigjiga Yar residential & commercial grid, Hargeisa",9.5848,44.0349,Mosques (Masaajidda),place_of_worship,Jigjiga Yar,False,Moon,Masaajidda
wda_masjidka_al_imaan_ee_qaybta_1608_1608,Masjidka Al-Imaan ee Qaybta 1608 (Ahmed Dhagax),"Neighborhood community mosque and Quranic learning hub in Ahmed Dhagax residential & commercial grid, Hargeisa",9.56316,44.04988,Mosques (Masaajidda),place_of_worship,Ahmed Dhagax,False,Moon,Masaajidda
wda_suuqa_khdaarta_iyo_ganacsiga_ee__1609,Suuqa Khdaarta iyo Ganacsiga ee Qaybta 1609 (150 Highway),"Neighborhood open-air fresh market and commercial trade zone in 150 Highway residential & commercial grid, Hargeisa",9.59102,44.05186,Markets & Malls,mall,150 Highway,False,ShoppingBag,Suuqyada & Xarumaha Ganacsiga
wda_xarunta_ganacsiga_supermarket_ee_1610,Xarunta Ganacsiga & Supermarket ee Qaybta 1610 (Shaab / Institutional District),"Modern multi-store retail grocery and provisions shopping center in Shaab / Institutional District residential & commercial grid, Hargeisa",9.56535,44.05791,Markets & Malls,mall,Shaab / Institutional District,False,ShoppingBag,Suuqyada & Xarumaha Ganacsiga
wda_kaalinta_shidaalka_hass_national_1611,Kaalinta Shidaalka Hass / National ee Qaybta 1611 (Maxamed Mooge),"Service petrol station, diesel dispenser and tire service in Maxamed Mooge residential & commercial grid, Hargeisa",9.52898,44.10185,Fuel Stations (Kaalmaha Shidaalka),fuel,Maxamed Mooge,False,Fuel,Kaalmaha Shidaalka
wda_kaalinta_shidaalka_gaaska_ee_qay_1612,Kaalinta Shidaalka & Gaaska ee Qaybta 1612 (New Hargeisa),"Fuel station and LPG domestic gas distribution depot in New Hargeisa residential & commercial grid, Hargeisa",9.56261,44.09487,Fuel Stations (Kaalmaha Shidaalka),fuel,New Hargeisa,False,Fuel,Kaalmaha Shidaalka
wda_istaanka_gaadiidka_dadweynaha_ee_1613,Istaanka Gaadiidka Dadweynaha ee Qaybta 1613 (Daami),"Minibus terminal and designated passenger pick-and-drop stop in Daami residential & commercial grid, Hargeisa",9.58225,44.08189,Transport & Terminals,transit_station,Daami,False,Navigation,Istaannada & Gaadiidka
wda_isgoyska_weyn_ee_gaadiidka_ee_qa_1614,Isgoyska Weyn ee Gaadiidka ee Qaybta 1614 (Shiraaqle),"Major road intersection and inter-district transit artery in Shiraaqle residential & commercial grid, Hargeisa",9.57116,44.10188,Transport & Terminals,transit_station,Shiraaqle,False,Navigation,Istaannada & Gaadiidka
wda_huteelka_nasashada_martida_ee_qa_1615,Huteelka Nasashada & Martida ee Qaybta 1615 (Koodbuur),"Comfortable guest lodging and family dining restaurant in Koodbuur residential & commercial grid, Hargeisa",9.58171,44.04289,Hotels & Hospitality,hotel,Koodbuur,False,Hotel,Huteellada & Martida
wda_laanta_zaad_dahabshiil_ee_qaybta_1616,Laanta ZAAD & Dahabshiil ee Qaybta 1616 (Airport Zone / Masalaha),"Banking kiosk, e-remittance and ZAAD cash-in center in Airport Zone / Masalaha residential & commercial grid, Hargeisa",9.53334,44.08783,Banks & Financial,bank,Airport Zone / Masalaha,False,Landmark,Bangiyada & Xawaaladaha
wda_laanta_taaj_edahab_express_ee_qa_1617,Laanta TAAJ & Edahab Express ee Qaybta 1617 (Kilalka / Sheikh Nuur East),"Financial services, money transfer and remittance desk in Kilalka / Sheikh Nuur East residential & commercial grid, Hargeisa",9.57971,44.09539,Banks & Financial,bank,Kilalka / Sheikh Nuur East,False,Landmark,Bangiyada & Xawaaladaha
wda_xafiiska_adeegga_somtel_telesom__1618,Xafiiska Adeegga Somtel & Telesom ee Qaybta 1618 (Goljano District),"Telecommunications branch, SIM registration and fiber service hub in Goljano District residential & commercial grid, Hargeisa",9.5653,44.0819,Corporate & Utilities,corporate,Goljano District,False,Building2,Shirkadaha & Isgaadhsiinta
wda_xarunta_korontada_sompower_ee_qa_1619,Xarunta Korontada Sompower ee Qaybta 1619 (Biyo Dhacay Area),"District electrical distribution and bill payment center in Biyo Dhacay Area residential & commercial grid, Hargeisa",9.56235,44.07491,Corporate & Utilities,utility,Biyo Dhacay Area,False,Zap,Korontada & Biyaha
wda_xafiiska_waaxda_dowladda_hoose_e_1620,Xafiiska Waaxda Dowladda Hoose ee Qaybta 1620 (Xero Awr / Hero Awr),"Municipal sub-office and local civic administration center in Xero Awr / Hero Awr residential & commercial grid, Hargeisa",9.573,44.0494,Government & Civic,government,Xero Awr / Hero Awr,False,Landmark,Hay'adaha Dowladda
wda_maqaayadda_cuntada_hiddaha_dhaqa_1621,Maqaayadda Cuntada Hiddaha & Dhaqanka ee Qaybta 1621 (Downtown Waheen),"Traditional Somali dishes and family restaurant in Downtown Waheen residential & commercial grid, Hargeisa",9.55792,44.06432,Restaurants & Cafes,restaurant,Downtown Waheen,False,Utensils,Maqaayadaha & Kafateeriyada
wda_kafateeriyada_qahwada_casriga_ah_1622,Kafateeriyada & Qahwada Casriga ah ee Qaybta 1622 (Jigjiga Yar),"Modern coffee house and light dining lounge in Jigjiga Yar residential & commercial grid, Hargeisa",9.5729,44.0304,Restaurants & Cafes,restaurant,Jigjiga Yar,False,Utensils,Maqaayadaha & Kafateeriyada
wda_xarunta_ngo_yada_iyo_samafalka_e_1623,Xarunta NGO-yada iyo Samafalka ee Qaybta 1623 (Ahmed Dhagax),"Non-governmental development agency & aid office in Ahmed Dhagax residential & commercial grid, Hargeisa",9.54888,44.04448,NGOs & Humanitarian,ngo,Ahmed Dhagax,False,Globe,Hay'adaha Samafalka (NGOs)
wda_jidka_iyo_wadada_weyn_ee_qaybta__1624,Jidka iyo Wadada Weyn ee Qaybta 1624 (150 Highway),"Major paved road corridor and arterial avenue in 150 Highway residential & commercial grid, Hargeisa",9.57436,44.04556,Roads & Arterials,arterial_road,150 Highway,False,Navigation,Waddooyinka & Jidadka
wda_xaafada_deganaanshaha_ee_qaybta__1625,Xaafada Deganaanshaha ee Qaybta 1625 (Shaab / Institutional District),"Quiet residential enclave and community living sector in Shaab / Institutional District residential & commercial grid, Hargeisa",9.55424,44.05371,Xaafadaha (Districts),neighborhood,Shaab / Institutional District,False,Home,Xaafadaha & Degmooyinka
wda_cusbitaalka_gurmadka_caafimaadka_1626,Cusbitaalka Gurmadka Caafimaadka ee Qaybta 1626 (Maxamed Mooge),"Specialized neighborhood clinic & emergency health post in Maxamed Mooge residential & commercial grid, Hargeisa",9.51152,44.09526,Hospitals & Healthcare,hospital,Maxamed Mooge,False,HeartPulse,Cusbitaallada & Rugaha Caafimaadka
wda_rugta_daryeelka_hooyada_dhallaan_1627,Rugta Daryeelka Hooyada & Dhallaanka ee Qaybta 1627 (New Hargeisa),"Maternal and child care dispensary center in New Hargeisa residential & commercial grid, Hargeisa",9.54754,44.08917,Hospitals & Healthcare,hospital,New Hargeisa,False,HeartPulse,Cusbitaallada & Rugaha Caafimaadka
wda_farmasiga_shacabka_caafimaadka_e_1628,Farmasiga Shacabka & Caafimaadka ee Qaybta 1628 (Daami),"24/7 community pharmacy and dispensary outpost in Daami residential & commercial grid, Hargeisa",9.56956,44.07709,Hospitals & Healthcare,hospital,Daami,False,HeartPulse,Cusbitaallada & Rugaha Caafimaadka
wda_dugsiga_hoose_dhexe_ee_waxbarash_1629,Dugsiga Hoose/Dhexe ee Waxbarashada Qaybta 1629 (Shiraaqle),"Public primary & intermediate school campus in Shiraaqle residential & commercial grid, Hargeisa",9.55688,44.09648,Schools & Universities,school,Shiraaqle,False,GraduationCap,Dugsiyada & Waxbarashada
wda_akadeemiyada_casriga_ah_ee_qaybt_1630,Akadeemiyada Casriga ah ee Qaybta 1630 (Koodbuur),"Modern high school and STEM educational institute in Koodbuur residential & commercial grid, Hargeisa",9.56822,44.03779,Schools & Universities,school,Koodbuur,False,GraduationCap,Dugsiyada & Waxbarashada
wda_machadka_tababarka_xirfadaha_ee__1631,Machadka Tababarka Xirfadaha ee Qaybta 1631 (Airport Zone / Masalaha),"Vocational and technical training college center in Airport Zone / Masalaha residential & commercial grid, Hargeisa",9.5135,44.08034,Schools & Universities,university,Airport Zone / Masalaha,False,GraduationCap,Jaamacadaha & Kuliyadaha
wda_masjidka_jaamaca_ee_qaybta_1632__1632,Masjidka Jaamaca ee Qaybta 1632 (Kilalka / Sheikh Nuur East),"Congregational Friday mosque with community prayer hall in Kilalka / Sheikh Nuur East residential & commercial grid, Hargeisa",9.56622,44.09029,Mosques (Masaajidda),place_of_worship,Kilalka / Sheikh Nuur East,False,Moon,Masaajidda
wda_masjidka_al_imaan_ee_qaybta_1633_1633,Masjidka Al-Imaan ee Qaybta 1633 (Goljano District),"Neighborhood community mosque and Quranic learning hub in Goljano District residential & commercial grid, Hargeisa",9.5534,44.0774,Mosques (Masaajidda),place_of_worship,Goljano District,False,Moon,Masaajidda
wda_suuqa_khdaarta_iyo_ganacsiga_ee__1634,Suuqa Khdaarta iyo Ganacsiga ee Qaybta 1634 (Biyo Dhacay Area),"Neighborhood open-air fresh market and commercial trade zone in Biyo Dhacay Area residential & commercial grid, Hargeisa",9.55124,44.07071,Markets & Malls,mall,Biyo Dhacay Area,False,ShoppingBag,Suuqyada & Xarumaha Ganacsiga
wda_xarunta_ganacsiga_supermarket_ee_1635,Xarunta Ganacsiga & Supermarket ee Qaybta 1635 (Xero Awr / Hero Awr),"Modern multi-store retail grocery and provisions shopping center in Xero Awr / Hero Awr residential & commercial grid, Hargeisa",9.5611,44.0449,Markets & Malls,mall,Xero Awr / Hero Awr,False,ShoppingBag,Suuqyada & Xarumaha Ganacsiga
wda_kaalinta_shidaalka_hass_national_1636,Kaalinta Shidaalka Hass / National ee Qaybta 1636 (Downtown Waheen),"Service petrol station, diesel dispenser and tire service in Downtown Waheen residential & commercial grid, Hargeisa",9.56256,44.07352,Fuel Stations (Kaalmaha Shidaalka),fuel,Downtown Waheen,False,Fuel,Kaalmaha Shidaalka
wda_kaalinta_shidaalka_gaaska_ee_qay_1637,Kaalinta Shidaalka & Gaaska ee Qaybta 1637 (Jigjiga Yar),"Fuel station and LPG domestic gas distribution depot in Jigjiga Yar residential & commercial grid, Hargeisa",9.5787,44.04191,Fuel Stations (Kaalmaha Shidaalka),fuel,Jigjiga Yar,False,Fuel,Kaalmaha Shidaalka
wda_istaanka_gaadiidka_dadweynaha_ee_1638,Istaanka Gaadiidka Dadweynaha ee Qaybta 1638 (Ahmed Dhagax),"Minibus terminal and designated passenger pick-and-drop stop in Ahmed Dhagax residential & commercial grid, Hargeisa",9.55584,44.05829,Transport & Terminals,transit_station,Ahmed Dhagax,False,Navigation,Istaannada & Gaadiidka
wda_isgoyska_weyn_ee_gaadiidka_ee_qa_1639,Isgoyska Weyn ee Gaadiidka ee Qaybta 1639 (150 Highway),"Major road intersection and inter-district transit artery in 150 Highway residential & commercial grid, Hargeisa",9.58248,44.06167,Transport & Terminals,transit_station,150 Highway,False,Navigation,Istaannada & Gaadiidka
wda_huteelka_nasashada_martida_ee_qa_1640,Huteelka Nasashada & Martida ee Qaybta 1640 (Shaab / Institutional District),"Comfortable guest lodging and family dining restaurant in Shaab / Institutional District residential & commercial grid, Hargeisa",9.55965,44.06445,Hotels & Hospitality,hotel,Shaab / Institutional District,False,Hotel,Huteellada & Martida
wda_laanta_zaad_dahabshiil_ee_qaybta_1641,Laanta ZAAD & Dahabshiil ee Qaybta 1641 (Maxamed Mooge),"Banking kiosk, e-remittance and ZAAD cash-in center in Maxamed Mooge residential & commercial grid, Hargeisa",9.52002,44.11213,Banks & Financial,bank,Maxamed Mooge,False,Landmark,Bangiyada & Xawaaladaha
wda_laanta_taaj_edahab_express_ee_qa_1642,Laanta TAAJ & Edahab Express ee Qaybta 1642 (New Hargeisa),"Financial services, money transfer and remittance desk in New Hargeisa residential & commercial grid, Hargeisa",9.55488,44.10375,Banks & Financial,bank,New Hargeisa,False,Landmark,Bangiyada & Xawaaladaha
wda_xafiiska_adeegga_somtel_telesom__1643,Xafiiska Adeegga Somtel & Telesom ee Qaybta 1643 (Daami),"Telecommunications branch, SIM registration and fiber service hub in Daami residential & commercial grid, Hargeisa",9.57574,44.08937,Corporate & Utilities,corporate,Daami,False,Building2,Shirkadaha & Isgaadhsiinta
wda_xarunta_korontada_sompower_ee_qa_1644,Xarunta Korontada Sompower ee Qaybta 1644 (Shiraaqle),"District electrical distribution and bill payment center in Shiraaqle residential & commercial grid, Hargeisa",9.56384,44.11029,Corporate & Utilities,utility,Shiraaqle,False,Zap,Korontada & Biyaha
wda_xafiiska_waaxda_dowladda_hoose_e_1645,Xafiiska Waaxda Dowladda Hoose ee Qaybta 1645 (Koodbuur),"Municipal sub-office and local civic administration center in Koodbuur residential & commercial grid, Hargeisa",9.57479,44.05083,Government & Civic,government,Koodbuur,False,Landmark,Hay'adaha Dowladda
wda_maqaayadda_cuntada_hiddaha_dhaqa_1646,Maqaayadda Cuntada Hiddaha & Dhaqanka ee Qaybta 1646 (Airport Zone / Masalaha),"Traditional Somali dishes and family restaurant in Airport Zone / Masalaha residential & commercial grid, Hargeisa",9.52316,44.09951,Restaurants & Cafes,restaurant,Airport Zone / Masalaha,False,Utensils,Maqaayadaha & Kafateeriyada
wda_kafateeriyada_qahwada_casriga_ah_1647,Kafateeriyada & Qahwada Casriga ah ee Qaybta 1647 (Kilalka / Sheikh Nuur East),"Modern coffee house and light dining lounge in Kilalka / Sheikh Nuur East residential & commercial grid, Hargeisa",9.57279,44.10333,Restaurants & Cafes,restaurant,Kilalka / Sheikh Nuur East,False,Utensils,Maqaayadaha & Kafateeriyada
wda_xarunta_ngo_yada_iyo_samafalka_e_1648,Xarunta NGO-yada iyo Samafalka ee Qaybta 1648 (Goljano District),"Non-governmental development agency & aid office in Goljano District residential & commercial grid, Hargeisa",9.5592,44.08891,NGOs & Humanitarian,ngo,Goljano District,False,Globe,Hay'adaha Samafalka (NGOs)
wda_jidka_iyo_wadada_weyn_ee_qaybta__1649,Jidka iyo Wadada Weyn ee Qaybta 1649 (Biyo Dhacay Area),"Major paved road corridor and arterial avenue in Biyo Dhacay Area residential & commercial grid, Hargeisa",9.55665,44.08145,Roads & Arterials,arterial_road,Biyo Dhacay Area,False,Navigation,Waddooyinka & Jidadka
wda_xaafada_deganaanshaha_ee_qaybta__1650,Xaafada Deganaanshaha ee Qaybta 1650 (Xero Awr / Hero Awr),"Quiet residential enclave and community living sector in Xero Awr / Hero Awr residential & commercial grid, Hargeisa",9.5669,44.05641,Xaafadaha (Districts),neighborhood,Xero Awr / Hero Awr,False,Home,Xaafadaha & Degmooyinka
wda_cusbitaalka_gurmadka_caafimaadka_1651,Cusbitaalka Gurmadka Caafimaadka ee Qaybta 1651 (Downtown Waheen),"Specialized neighborhood clinic & emergency health post in Downtown Waheen residential & commercial grid, Hargeisa",9.56528,44.06353,Hospitals & Healthcare,hospital,Downtown Waheen,False,HeartPulse,Cusbitaallada & Rugaha Caafimaadka
wda_rugta_daryeelka_hooyada_dhallaan_1652,Rugta Daryeelka Hooyada & Dhallaanka ee Qaybta 1652 (Jigjiga Yar),"Maternal and child care dispensary center in Jigjiga Yar residential & commercial grid, Hargeisa",9.5821,44.02941,Hospitals & Healthcare,hospital,Jigjiga Yar,False,HeartPulse,Cusbitaallada & Rugaha Caafimaadka
wda_farmasiga_shacabka_caafimaadka_e_1653,Farmasiga Shacabka & Caafimaadka ee Qaybta 1653 (Ahmed Dhagax),"24/7 community pharmacy and dispensary outpost in Ahmed Dhagax residential & commercial grid, Hargeisa",9.55992,44.04329,Hospitals & Healthcare,hospital,Ahmed Dhagax,False,HeartPulse,Cusbitaallada & Rugaha Caafimaadka
wda_dugsiga_hoose_dhexe_ee_waxbarash_1654,Dugsiga Hoose/Dhexe ee Waxbarashada Qaybta 1654 (150 Highway),"Public primary & intermediate school campus in 150 Highway residential & commercial grid, Hargeisa",9.58724,44.04418,Schools & Universities,school,150 Highway,False,GraduationCap,Dugsiyada & Waxbarashada
wda_akadeemiyada_casriga_ah_ee_qaybt_1655,Akadeemiyada Casriga ah ee Qaybta 1655 (Shaab / Institutional District),"Modern high school and STEM educational institute in Shaab / Institutional District residential & commercial grid, Hargeisa",9.56283,44.05278,Schools & Universities,school,Shaab / Institutional District,False,GraduationCap,Dugsiyada & Waxbarashada
wda_machadka_tababarka_xirfadaha_ee__1656,Machadka Tababarka Xirfadaha ee Qaybta 1656 (Maxamed Mooge),"Vocational and technical training college center in Maxamed Mooge residential & commercial grid, Hargeisa",9.52501,44.0938,Schools & Universities,university,Maxamed Mooge,False,GraduationCap,Jaamacadaha & Kuliyadaha
wda_masjidka_jaamaca_ee_qaybta_1657__1657,Masjidka Jaamaca ee Qaybta 1657 (New Hargeisa),"Congregational Friday mosque with community prayer hall in New Hargeisa residential & commercial grid, Hargeisa",9.55919,44.08792,Mosques (Masaajidda),place_of_worship,New Hargeisa,False,Moon,Masaajidda
wda_masjidka_al_imaan_ee_qaybta_1658_1658,Masjidka Al-Imaan ee Qaybta 1658 (Daami),"Neighborhood community mosque and Quranic learning hub in Daami residential & commercial grid, Hargeisa",9.57937,44.07604,Mosques (Masaajidda),place_of_worship,Daami,False,Moon,Masaajidda
wda_suuqa_khdaarta_iyo_ganacsiga_ee__1659,Suuqa Khdaarta iyo Ganacsiga ee Qaybta 1659 (Shiraaqle),"Neighborhood open-air fresh market and commercial trade zone in Shiraaqle residential & commercial grid, Hargeisa",9.56792,44.09529,Markets & Malls,mall,Shiraaqle,False,ShoppingBag,Suuqyada & Xarumaha Ganacsiga
wda_xarunta_ganacsiga_supermarket_ee_1660,Xarunta Ganacsiga & Supermarket ee Qaybta 1660 (Koodbuur),"Modern multi-store retail grocery and provisions shopping center in Koodbuur residential & commercial grid, Hargeisa",9.57864,44.03667,Markets & Malls,mall,Koodbuur,False,ShoppingBag,Suuqyada & Xarumaha Ganacsiga
wda_kaalinta_shidaalka_hass_national_1661,Kaalinta Shidaalka Hass / National ee Qaybta 1661 (Airport Zone / Masalaha),"Service petrol station, diesel dispenser and tire service in Airport Zone / Masalaha residential & commercial grid, Hargeisa",9.52883,44.07869,Fuel Stations (Kaalmaha Shidaalka),fuel,Airport Zone / Masalaha,False,Fuel,Kaalmaha Shidaalka
wda_kaalinta_shidaalka_gaaska_ee_qay_1662,Kaalinta Shidaalka & Gaaska ee Qaybta 1662 (Kilalka / Sheikh Nuur East),"Fuel station and LPG domestic gas distribution depot in Kilalka / Sheikh Nuur East residential & commercial grid, Hargeisa",9.57664,44.08917,Fuel Stations (Kaalmaha Shidaalka),fuel,Kilalka / Sheikh Nuur East,False,Fuel,Kaalmaha Shidaalka
wda_istaanka_gaadiidka_dadweynaha_ee_1663,Istaanka Gaadiidka Dadweynaha ee Qaybta 1663 (Goljano District),"Minibus terminal and designated passenger pick-and-drop stop in Goljano District residential & commercial grid, Hargeisa",9.5626,44.07641,Transport & Terminals,transit_station,Goljano District,False,Navigation,Istaannada & Gaadiidka
wda_isgoyska_weyn_ee_gaadiidka_ee_qa_1664,Isgoyska Weyn ee Gaadiidka ee Qaybta 1664 (Biyo Dhacay Area),"Major road intersection and inter-district transit artery in Biyo Dhacay Area residential & commercial grid, Hargeisa",9.55983,44.06978,Transport & Terminals,transit_station,Biyo Dhacay Area,False,Navigation,Istaannada & Gaadiidka
wda_huteelka_nasashada_martida_ee_qa_1665,Huteelka Nasashada & Martida ee Qaybta 1665 (Xero Awr / Hero Awr),"Comfortable guest lodging and family dining restaurant in Xero Awr / Hero Awr residential & commercial grid, Hargeisa",9.5703,44.04391,Hotels & Hospitality,hotel,Xero Awr / Hero Awr,False,Hotel,Huteellada & Martida
wda_laanta_zaad_dahabshiil_ee_qaybta_1666,Laanta ZAAD & Dahabshiil ee Qaybta 1666 (Downtown Waheen),"Banking kiosk, e-remittance and ZAAD cash-in center in Downtown Waheen residential & commercial grid, Hargeisa",9.55659,44.06905,Banks & Financial,bank,Downtown Waheen,False,Landmark,Bangiyada & Xawaaladaha
wda_laanta_taaj_edahab_express_ee_qa_1667,Laanta TAAJ & Edahab Express ee Qaybta 1667 (Jigjiga Yar),"Financial services, money transfer and remittance desk in Jigjiga Yar residential & commercial grid, Hargeisa",9.57123,44.03632,Banks & Financial,bank,Jigjiga Yar,False,Landmark,Bangiyada & Xawaaladaha
wda_xafiiska_adeegga_somtel_telesom__1668,Xafiiska Adeegga Somtel & Telesom ee Qaybta 1668 (Ahmed Dhagax),"Telecommunications branch, SIM registration and fiber service hub in Ahmed Dhagax residential & commercial grid, Hargeisa",9.54688,44.05158,Corporate & Utilities,corporate,Ahmed Dhagax,False,Building2,Shirkadaha & Isgaadhsiinta
wda_xarunta_korontada_sompower_ee_qa_1669,Xarunta Korontada Sompower ee Qaybta 1669 (150 Highway),"District electrical distribution and bill payment center in 150 Highway residential & commercial grid, Hargeisa",9.57203,44.05384,Corporate & Utilities,utility,150 Highway,False,Zap,Korontada & Biyaha
wda_xafiiska_waaxda_dowladda_hoose_e_1670,Xafiiska Waaxda Dowladda Hoose ee Qaybta 1670 (Shaab / Institutional District),"Municipal sub-office and local civic administration center in Shaab / Institutional District residential & commercial grid, Hargeisa",9.55269,44.05923,Government & Civic,government,Shaab / Institutional District,False,Landmark,Hay'adaha Dowladda
wda_maqaayadda_cuntada_hiddaha_dhaqa_1671,Maqaayadda Cuntada Hiddaha & Dhaqanka ee Qaybta 1671 (Maxamed Mooge),"Traditional Somali dishes and family restaurant in Maxamed Mooge residential & commercial grid, Hargeisa",9.50908,44.10393,Restaurants & Cafes,restaurant,Maxamed Mooge,False,Utensils,Maqaayadaha & Kafateeriyada
wda_kafateeriyada_qahwada_casriga_ah_1672,Kafateeriyada & Qahwada Casriga ah ee Qaybta 1672 (New Hargeisa),"Modern coffee house and light dining lounge in New Hargeisa residential & commercial grid, Hargeisa",9.54543,44.09667,Restaurants & Cafes,restaurant,New Hargeisa,False,Utensils,Maqaayadaha & Kafateeriyada
wda_xarunta_ngo_yada_iyo_samafalka_e_1673,Xarunta NGO-yada iyo Samafalka ee Qaybta 1673 (Daami),"Non-governmental development agency & aid office in Daami residential & commercial grid, Hargeisa",9.56778,44.08341,NGOs & Humanitarian,ngo,Daami,False,Globe,Hay'adaha Samafalka (NGOs)
wda_jidka_iyo_wadada_weyn_ee_qaybta__1674,Jidka iyo Wadada Weyn ee Qaybta 1674 (Shiraaqle),"Major paved road corridor and arterial avenue in Shiraaqle residential & commercial grid, Hargeisa",9.55488,44.10358,Roads & Arterials,arterial_road,Shiraaqle,False,Navigation,Waddooyinka & Jidadka
wda_xaafada_deganaanshaha_ee_qaybta__1675,Xaafada Deganaanshaha ee Qaybta 1675 (Koodbuur),"Quiet residential enclave and community living sector in Koodbuur residential & commercial grid, Hargeisa",9.56633,44.04449,Xaafadaha (Districts),neighborhood,Koodbuur,False,Home,Xaafadaha & Degmooyinka
wda_cusbitaalka_gurmadka_caafimaadka_1676,Cusbitaalka Gurmadka Caafimaadka ee Qaybta 1676 (Airport Zone / Masalaha),"Specialized neighborhood clinic & emergency health post in Airport Zone / Masalaha residential & commercial grid, Hargeisa",9.51072,44.0902,Hospitals & Healthcare,hospital,Airport Zone / Masalaha,False,HeartPulse,Cusbitaallada & Rugaha Caafimaadka
wda_rugta_daryeelka_hooyada_dhallaan_1677,Rugta Daryeelka Hooyada & Dhallaanka ee Qaybta 1677 (Kilalka / Sheikh Nuur East),"Maternal and child care dispensary center in Kilalka / Sheikh Nuur East residential & commercial grid, Hargeisa",9.56433,44.09699,Hospitals & Healthcare,hospital,Kilalka / Sheikh Nuur East,False,HeartPulse,Cusbitaallada & Rugaha Caafimaadka
wda_farmasiga_shacabka_caafimaadka_e_1678,Farmasiga Shacabka & Caafimaadka ee Qaybta 1678 (Goljano District),"24/7 community pharmacy and dispensary outpost in Goljano District residential & commercial grid, Hargeisa",9.55173,44.08332,Hospitals & Healthcare,hospital,Goljano District,False,HeartPulse,Cusbitaallada & Rugaha Caafimaadka
wda_dugsiga_hoose_dhexe_ee_waxbarash_1679,Dugsiga Hoose/Dhexe ee Waxbarashada Qaybta 1679 (Biyo Dhacay Area),"Public primary & intermediate school campus in Biyo Dhacay Area residential & commercial grid, Hargeisa",9.54969,44.07623,Schools & Universities,school,Biyo Dhacay Area,False,GraduationCap,Dugsiyada & Waxbarashada
wda_akadeemiyada_casriga_ah_ee_qaybt_1680,Akadeemiyada Casriga ah ee Qaybta 1680 (Xero Awr / Hero Awr),"Modern high school and STEM educational institute in Xero Awr / Hero Awr residential & commercial grid, Hargeisa",9.55943,44.05082,Schools & Universities,school,Xero Awr / Hero Awr,False,GraduationCap,Dugsiyada & Waxbarashada
wda_machadka_tababarka_xirfadaha_ee__1681,Machadka Tababarka Xirfadaha ee Qaybta 1681 (Downtown Waheen),"Vocational and technical training college center in Downtown Waheen residential & commercial grid, Hargeisa",9.56671,44.07094,Schools & Universities,university,Downtown Waheen,False,GraduationCap,Jaamacadaha & Kuliyadaha
wda_masjidka_jaamaca_ee_qaybta_1682__1682,Masjidka Jaamaca ee Qaybta 1682 (Jigjiga Yar),"Congregational Friday mosque with community prayer hall in Jigjiga Yar residential & commercial grid, Hargeisa",9.58388,44.03867,Mosques (Masaajidda),place_of_worship,Jigjiga Yar,False,Moon,Masaajidda
wda_masjidka_al_imaan_ee_qaybta_1683_1683,Masjidka Al-Imaan ee Qaybta 1683 (Ahmed Dhagax),"Neighborhood community mosque and Quranic learning hub in Ahmed Dhagax residential & commercial grid, Hargeisa",9.56206,44.05441,Mosques (Masaajidda),place_of_worship,Ahmed Dhagax,False,Moon,Masaajidda
wda_suuqa_khdaarta_iyo_ganacsiga_ee__1684,Suuqa Khdaarta iyo Ganacsiga ee Qaybta 1684 (150 Highway),"Neighborhood open-air fresh market and commercial trade zone in 150 Highway residential & commercial grid, Hargeisa",9.58974,44.05714,Markets & Malls,mall,150 Highway,False,ShoppingBag,Suuqyada & Xarumaha Ganacsiga
wda_xarunta_ganacsiga_supermarket_ee_1685,Xarunta Ganacsiga & Supermarket ee Qaybta 1685 (Shaab / Institutional District),"Modern multi-store retail grocery and provisions shopping center in Shaab / Institutional District residential & commercial grid, Hargeisa",9.56449,44.06143,Markets & Malls,mall,Shaab / Institutional District,False,ShoppingBag,Suuqyada & Xarumaha Ganacsiga
wda_kaalinta_shidaalka_hass_national_1686,Kaalinta Shidaalka Hass / National ee Qaybta 1686 (Maxamed Mooge),"Service petrol station, diesel dispenser and tire service in Maxamed Mooge residential & commercial grid, Hargeisa",9.52763,44.10739,Fuel Stations (Kaalmaha Shidaalka),fuel,Maxamed Mooge,False,Fuel,Kaalmaha Shidaalka
wda_kaalinta_shidaalka_gaaska_ee_qay_1687,Kaalinta Shidaalka & Gaaska ee Qaybta 1687 (New Hargeisa),"Fuel station and LPG domestic gas distribution depot in New Hargeisa residential & commercial grid, Hargeisa",9.56145,44.09965,Fuel Stations (Kaalmaha Shidaalka),fuel,New Hargeisa,False,Fuel,Kaalmaha Shidaalka
wda_istaanka_gaadiidka_dadweynaha_ee_1688,Istaanka Gaadiidka Dadweynaha ee Qaybta 1688 (Daami),"Minibus terminal and designated passenger pick-and-drop stop in Daami residential & commercial grid, Hargeisa",9.58128,44.08592,Transport & Terminals,transit_station,Daami,False,Navigation,Istaannada & Gaadiidka
wda_isgoyska_weyn_ee_gaadiidka_ee_qa_1689,Isgoyska Weyn ee Gaadiidka ee Qaybta 1689 (Shiraaqle),"Major road intersection and inter-district transit artery in Shiraaqle residential & commercial grid, Hargeisa",9.57006,44.10641,Transport & Terminals,transit_station,Shiraaqle,False,Navigation,Istaannada & Gaadiidka
wda_huteelka_nasashada_martida_ee_qa_1690,Huteelka Nasashada & Martida ee Qaybta 1690 (Koodbuur),"Comfortable guest lodging and family dining restaurant in Koodbuur residential & commercial grid, Hargeisa",9.58067,44.04716,Hotels & Hospitality,hotel,Koodbuur,False,Hotel,Huteellada & Martida
wda_laanta_zaad_dahabshiil_ee_qaybta_1691,Laanta ZAAD & Dahabshiil ee Qaybta 1691 (Airport Zone / Masalaha),"Banking kiosk, e-remittance and ZAAD cash-in center in Airport Zone / Masalaha residential & commercial grid, Hargeisa",9.53181,44.09412,Banks & Financial,bank,Airport Zone / Masalaha,False,Landmark,Bangiyada & Xawaaladaha
wda_laanta_taaj_edahab_express_ee_qa_1692,Laanta TAAJ & Edahab Express ee Qaybta 1692 (Kilalka / Sheikh Nuur East),"Financial services, money transfer and remittance desk in Kilalka / Sheikh Nuur East residential & commercial grid, Hargeisa",9.57867,44.09966,Banks & Financial,bank,Kilalka / Sheikh Nuur East,False,Landmark,Bangiyada & Xawaaladaha
wda_xafiiska_adeegga_somtel_telesom__1693,Xafiiska Adeegga Somtel & Telesom ee Qaybta 1693 (Goljano District),"Telecommunications branch, SIM registration and fiber service hub in Goljano District residential & commercial grid, Hargeisa",9.56438,44.08567,Corporate & Utilities,corporate,Goljano District,False,Building2,Shirkadaha & Isgaadhsiinta
wda_xarunta_korontada_sompower_ee_qa_1694,Xarunta Korontada Sompower ee Qaybta 1694 (Biyo Dhacay Area),"District electrical distribution and bill payment center in Biyo Dhacay Area residential & commercial grid, Hargeisa",9.56149,44.07843,Corporate & Utilities,utility,Biyo Dhacay Area,False,Zap,Korontada & Biyaha
wda_xafiiska_waaxda_dowladda_hoose_e_1695,Xafiiska Waaxda Dowladda Hoose ee Qaybta 1695 (Xero Awr / Hero Awr),"Municipal sub-office and local civic administration center in Xero Awr / Hero Awr residential & commercial grid, Hargeisa",9.57208,44.05317,Government & Civic,government,Xero Awr / Hero Awr,False,Landmark,Hay'adaha Dowladda
wda_maqaayadda_cuntada_hiddaha_dhaqa_1696,Maqaayadda Cuntada Hiddaha & Dhaqanka ee Qaybta 1696 (Downtown Waheen),"Traditional Somali dishes and family restaurant in Downtown Waheen residential & commercial grid, Hargeisa",9.56048,44.06259,Restaurants & Cafes,restaurant,Downtown Waheen,False,Utensils,Maqaayadaha & Kafateeriyada
wda_kafateeriyada_qahwada_casriga_ah_1697,Kafateeriyada & Qahwada Casriga ah ee Qaybta 1697 (Jigjiga Yar),"Modern coffee house and light dining lounge in Jigjiga Yar residential & commercial grid, Hargeisa",9.5761,44.02824,Restaurants & Cafes,restaurant,Jigjiga Yar,False,Utensils,Maqaayadaha & Kafateeriyada
wda_xarunta_ngo_yada_iyo_samafalka_e_1698,Xarunta NGO-yada iyo Samafalka ee Qaybta 1698 (Ahmed Dhagax),"Non-governmental development agency & aid office in Ahmed Dhagax residential & commercial grid, Hargeisa",9.55272,44.04189,NGOs & Humanitarian,ngo,Ahmed Dhagax,False,Globe,Hay'adaha Samafalka (NGOs)
wda_jidka_iyo_wadada_weyn_ee_qaybta__1699,Jidka iyo Wadada Weyn ee Qaybta 1699 (150 Highway),"Major paved road corridor and arterial avenue in 150 Highway residential & commercial grid, Hargeisa",9.57884,44.04253,Roads & Arterials,arterial_road,150 Highway,False,Navigation,Waddooyinka & Jidadka
wda_xaafada_deganaanshaha_ee_qaybta__1700,Xaafada Deganaanshaha ee Qaybta 1700 (Shaab / Institutional District),"Quiet residential enclave and community living sector in Shaab / Institutional District residential & commercial grid, Hargeisa",9.55723,44.05169,Xaafadaha (Districts),neighborhood,Shaab / Institutional District,False,Home,Xaafadaha & Degmooyinka
wda_cusbitaalka_gurmadka_caafimaadka_1701,Cusbitaalka Gurmadka Caafimaadka ee Qaybta 1701 (Maxamed Mooge),"Specialized neighborhood clinic & emergency health post in Maxamed Mooge residential & commercial grid, Hargeisa",9.51622,44.09208,Hospitals & Healthcare,hospital,Maxamed Mooge,False,HeartPulse,Cusbitaallada & Rugaha Caafimaadka
wda_rugta_daryeelka_hooyada_dhallaan_1702,Rugta Daryeelka Hooyada & Dhallaanka ee Qaybta 1702 (New Hargeisa),"Maternal and child care dispensary center in New Hargeisa residential & commercial grid, Hargeisa",9.5516,44.08644,Hospitals & Healthcare,hospital,New Hargeisa,False,HeartPulse,Cusbitaallada & Rugaha Caafimaadka
wda_farmasiga_shacabka_caafimaadka_e_1703,Farmasiga Shacabka & Caafimaadka ee Qaybta 1703 (Daami),"24/7 community pharmacy and dispensary outpost in Daami residential & commercial grid, Hargeisa",9.57298,44.07479,Hospitals & Healthcare,hospital,Daami,False,HeartPulse,Cusbitaallada & Rugaha Caafimaadka
wda_dugsiga_hoose_dhexe_ee_waxbarash_1704,Dugsiga Hoose/Dhexe ee Waxbarashada Qaybta 1704 (Shiraaqle),"Public primary & intermediate school campus in Shiraaqle residential & commercial grid, Hargeisa",9.56072,44.09389,Schools & Universities,school,Shiraaqle,False,GraduationCap,Dugsiyada & Waxbarashada
wda_akadeemiyada_casriga_ah_ee_qaybt_1705,Akadeemiyada Casriga ah ee Qaybta 1705 (Koodbuur),"Modern high school and STEM educational institute in Koodbuur residential & commercial grid, Hargeisa",9.57185,44.03534,Schools & Universities,school,Koodbuur,False,GraduationCap,Dugsiyada & Waxbarashada
wda_machadka_tababarka_xirfadaha_ee__1706,Machadka Tababarka Xirfadaha ee Qaybta 1706 (Airport Zone / Masalaha),"Vocational and technical training college center in Airport Zone / Masalaha residential & commercial grid, Hargeisa",9.51884,44.07673,Schools & Universities,university,Airport Zone / Masalaha,False,GraduationCap,Jaamacadaha & Kuliyadaha
wda_masjidka_jaamaca_ee_qaybta_1707__1707,Masjidka Jaamaca ee Qaybta 1707 (Kilalka / Sheikh Nuur East),"Congregational Friday mosque with community prayer hall in Kilalka / Sheikh Nuur East residential & commercial grid, Hargeisa",9.56985,44.08784,Mosques (Masaajidda),place_of_worship,Kilalka / Sheikh Nuur East,False,Moon,Masaajidda
wda_masjidka_al_imaan_ee_qaybta_1708_1708,Masjidka Al-Imaan ee Qaybta 1708 (Goljano District),"Neighborhood community mosque and Quranic learning hub in Goljano District residential & commercial grid, Hargeisa",9.5566,44.07524,Mosques (Masaajidda),place_of_worship,Goljano District,False,Moon,Masaajidda
wda_suuqa_khdaarta_iyo_ganacsiga_ee__1709,Suuqa Khdaarta iyo Ganacsiga ee Qaybta 1709 (Biyo Dhacay Area),"Neighborhood open-air fresh market and commercial trade zone in Biyo Dhacay Area residential & commercial grid, Hargeisa",9.55423,44.06869,Markets & Malls,mall,Biyo Dhacay Area,False,ShoppingBag,Suuqyada & Xarumaha Ganacsiga
wda_xarunta_ganacsiga_supermarket_ee_1710,Xarunta Ganacsiga & Supermarket ee Qaybta 1710 (Xero Awr / Hero Awr),"Modern multi-store retail grocery and provisions shopping center in Xero Awr / Hero Awr residential & commercial grid, Hargeisa",9.5643,44.04274,Markets & Malls,mall,Xero Awr / Hero Awr,False,ShoppingBag,Suuqyada & Xarumaha Ganacsiga
wda_kaalinta_shidaalka_hass_national_1711,Kaalinta Shidaalka Hass / National ee Qaybta 1711 (Downtown Waheen),"Service petrol station, diesel dispenser and tire service in Downtown Waheen residential & commercial grid, Hargeisa",9.55951,44.07304,Fuel Stations (Kaalmaha Shidaalka),fuel,Downtown Waheen,False,Fuel,Kaalmaha Shidaalka
wda_kaalinta_shidaalka_gaaska_ee_qay_1712,Kaalinta Shidaalka & Gaaska ee Qaybta 1712 (Jigjiga Yar),"Fuel station and LPG domestic gas distribution depot in Jigjiga Yar residential & commercial grid, Hargeisa",9.57489,44.04131,Fuel Stations (Kaalmaha Shidaalka),fuel,Jigjiga Yar,False,Fuel,Kaalmaha Shidaalka
wda_istaanka_gaadiidka_dadweynaha_ee_1713,Istaanka Gaadiidka Dadweynaha ee Qaybta 1713 (Ahmed Dhagax),"Minibus terminal and designated passenger pick-and-drop stop in Ahmed Dhagax residential & commercial grid, Hargeisa",9.55126,44.05757,Transport & Terminals,transit_station,Ahmed Dhagax,False,Navigation,Istaannada & Gaadiidka
wda_isgoyska_weyn_ee_gaadiidka_ee_qa_1714,Isgoyska Weyn ee Gaadiidka ee Qaybta 1714 (150 Highway),"Major road intersection and inter-district transit artery in 150 Highway residential & commercial grid, Hargeisa",9.57714,44.06083,Transport & Terminals,transit_station,150 Highway,False,Navigation,Istaannada & Gaadiidka
wda_huteelka_nasashada_martida_ee_qa_1715,Huteelka Nasashada & Martida ee Qaybta 1715 (Shaab / Institutional District),"Comfortable guest lodging and family dining restaurant in Shaab / Institutional District residential & commercial grid, Hargeisa",9.55609,44.06388,Hotels & Hospitality,hotel,Shaab / Institutional District,False,Hotel,Huteellada & Martida
wda_laanta_zaad_dahabshiil_ee_qaybta_1716,Laanta ZAAD & Dahabshiil ee Qaybta 1716 (Maxamed Mooge),"Banking kiosk, e-remittance and ZAAD cash-in center in Maxamed Mooge residential & commercial grid, Hargeisa",9.51443,44.11125,Banks & Financial,bank,Maxamed Mooge,False,Landmark,Bangiyada & Xawaaladaha
wda_laanta_taaj_edahab_express_ee_qa_1717,Laanta TAAJ & Edahab Express ee Qaybta 1717 (New Hargeisa),"Financial services, money transfer and remittance desk in New Hargeisa residential & commercial grid, Hargeisa",9.55005,44.10299,Banks & Financial,bank,New Hargeisa,False,Landmark,Bangiyada & Xawaaladaha
wda_xafiiska_adeegga_somtel_telesom__1718,Xafiiska Adeegga Somtel & Telesom ee Qaybta 1718 (Daami),"Telecommunications branch, SIM registration and fiber service hub in Daami residential & commercial grid, Hargeisa",9.57168,44.08873,Corporate & Utilities,corporate,Daami,False,Building2,Shirkadaha & Isgaadhsiinta
wda_xarunta_korontada_sompower_ee_qa_1719,Xarunta Korontada Sompower ee Qaybta 1719 (Shiraaqle),"District electrical distribution and bill payment center in Shiraaqle residential & commercial grid, Hargeisa",9.55926,44.10957,Corporate & Utilities,utility,Shiraaqle,False,Zap,Korontada & Biyaha
wda_xafiiska_waaxda_dowladda_hoose_e_1720,Xafiiska Waaxda Dowladda Hoose ee Qaybta 1720 (Koodbuur),"Municipal sub-office and local civic administration center in Koodbuur residential & commercial grid, Hargeisa",9.57047,44.05015,Government & Civic,government,Koodbuur,False,Landmark,Hay'adaha Dowladda
wda_maqaayadda_cuntada_hiddaha_dhaqa_1721,Maqaayadda Cuntada Hiddaha & Dhaqanka ee Qaybta 1721 (Airport Zone / Masalaha),"Traditional Somali dishes and family restaurant in Airport Zone / Masalaha residential & commercial grid, Hargeisa",9.51681,44.09851,Restaurants & Cafes,restaurant,Airport Zone / Masalaha,False,Utensils,Maqaayadaha & Kafateeriyada
wda_kafateeriyada_qahwada_casriga_ah_1722,Kafateeriyada & Qahwada Casriga ah ee Qaybta 1722 (Kilalka / Sheikh Nuur East),"Modern coffee house and light dining lounge in Kilalka / Sheikh Nuur East residential & commercial grid, Hargeisa",9.56847,44.10265,Restaurants & Cafes,restaurant,Kilalka / Sheikh Nuur East,False,Utensils,Maqaayadaha & Kafateeriyada
wda_xarunta_ngo_yada_iyo_samafalka_e_1723,Xarunta NGO-yada iyo Samafalka ee Qaybta 1723 (Goljano District),"Non-governmental development agency & aid office in Goljano District residential & commercial grid, Hargeisa",9.55539,44.08831,NGOs & Humanitarian,ngo,Goljano District,False,Globe,Hay'adaha Samafalka (NGOs)
wda_jidka_iyo_wadada_weyn_ee_qaybta__1724,Jidka iyo Wadada Weyn ee Qaybta 1724 (Biyo Dhacay Area),"Major paved road corridor and arterial avenue in Biyo Dhacay Area residential & commercial grid, Hargeisa",9.55309,44.08088,Roads & Arterials,arterial_road,Biyo Dhacay Area,False,Navigation,Waddooyinka & Jidadka
wda_xaafada_deganaanshaha_ee_qaybta__1725,Xaafada Deganaanshaha ee Qaybta 1725 (Xero Awr / Hero Awr),"Quiet residential enclave and community living sector in Xero Awr / Hero Awr residential & commercial grid, Hargeisa",9.56309,44.05581,Xaafadaha (Districts),neighborhood,Xero Awr / Hero Awr,False,Home,Xaafadaha & Degmooyinka
wda_cusbitaalka_gurmadka_caafimaadka_1726,Cusbitaalka Gurmadka Caafimaadka ee Qaybta 1726 (Downtown Waheen),"Specialized neighborhood clinic & emergency health post in Downtown Waheen residential & commercial grid, Hargeisa",9.56721,44.06598,Hospitals & Healthcare,hospital,Downtown Waheen,False,HeartPulse,Cusbitaallada & Rugaha Caafimaadka
wda_rugta_daryeelka_hooyada_dhallaan_1727,Rugta Daryeelka Hooyada & Dhallaanka ee Qaybta 1727 (Jigjiga Yar),"Maternal and child care dispensary center in Jigjiga Yar residential & commercial grid, Hargeisa",9.58452,44.03248,Hospitals & Healthcare,hospital,Jigjiga Yar,False,HeartPulse,Cusbitaallada & Rugaha Caafimaadka
wda_farmasiga_shacabka_caafimaadka_e_1728,Farmasiga Shacabka & Caafimaadka ee Qaybta 1728 (Ahmed Dhagax),"24/7 community pharmacy and dispensary outpost in Ahmed Dhagax residential & commercial grid, Hargeisa",9.56282,44.04697,Hospitals & Healthcare,hospital,Ahmed Dhagax,False,HeartPulse,Cusbitaallada & Rugaha Caafimaadka
wda_dugsiga_hoose_dhexe_ee_waxbarash_1729,Dugsiga Hoose/Dhexe ee Waxbarashada Qaybta 1729 (150 Highway),"Public primary & intermediate school campus in 150 Highway residential & commercial grid, Hargeisa",9.59062,44.04847,Schools & Universities,school,150 Highway,False,GraduationCap,Dugsiyada & Waxbarashada
wda_akadeemiyada_casriga_ah_ee_qaybt_1730,Akadeemiyada Casriga ah ee Qaybta 1730 (Shaab / Institutional District),"Modern high school and STEM educational institute in Shaab / Institutional District residential & commercial grid, Hargeisa",9.56508,44.05564,Schools & Universities,school,Shaab / Institutional District,False,GraduationCap,Dugsiyada & Waxbarashada
wda_machadka_tababarka_xirfadaha_ee__1731,Machadka Tababarka Xirfadaha ee Qaybta 1731 (Maxamed Mooge),"Vocational and technical training college center in Maxamed Mooge residential & commercial grid, Hargeisa",9.52856,44.0983,Schools & Universities,university,Maxamed Mooge,False,GraduationCap,Jaamacadaha & Kuliyadaha
wda_masjidka_jaamaca_ee_qaybta_1732__1732,Masjidka Jaamaca ee Qaybta 1732 (New Hargeisa),"Congregational Friday mosque with community prayer hall in New Hargeisa residential & commercial grid, Hargeisa",9.56225,44.0918,Mosques (Masaajidda),place_of_worship,New Hargeisa,False,Moon,Masaajidda
wda_masjidka_al_imaan_ee_qaybta_1733_1733,Masjidka Al-Imaan ee Qaybta 1733 (Daami),"Neighborhood community mosque and Quranic learning hub in Daami residential & commercial grid, Hargeisa",9.58195,44.07931,Mosques (Masaajidda),place_of_worship,Daami,False,Moon,Masaajidda
wda_suuqa_khdaarta_iyo_ganacsiga_ee__1734,Suuqa Khdaarta iyo Ganacsiga ee Qaybta 1734 (Shiraaqle),"Neighborhood open-air fresh market and commercial trade zone in Shiraaqle residential & commercial grid, Hargeisa",9.57082,44.09897,Markets & Malls,mall,Shiraaqle,False,ShoppingBag,Suuqyada & Xarumaha Ganacsiga
wda_xarunta_ganacsiga_supermarket_ee_1735,Xarunta Ganacsiga & Supermarket ee Qaybta 1735 (Koodbuur),"Modern multi-store retail grocery and provisions shopping center in Koodbuur residential & commercial grid, Hargeisa",9.58139,44.04014,Markets & Malls,mall,Koodbuur,False,ShoppingBag,Suuqyada & Xarumaha Ganacsiga
wda_kaalinta_shidaalka_hass_national_1736,Kaalinta Shidaalka Hass / National ee Qaybta 1736 (Airport Zone / Masalaha),"Service petrol station, diesel dispenser and tire service in Airport Zone / Masalaha residential & commercial grid, Hargeisa",9.53286,44.08379,Fuel Stations (Kaalmaha Shidaalka),fuel,Airport Zone / Masalaha,False,Fuel,Kaalmaha Shidaalka
wda_kaalinta_shidaalka_gaaska_ee_qay_1737,Kaalinta Shidaalka & Gaaska ee Qaybta 1737 (Kilalka / Sheikh Nuur East),"Fuel station and LPG domestic gas distribution depot in Kilalka / Sheikh Nuur East residential & commercial grid, Hargeisa",9.57939,44.09264,Fuel Stations (Kaalmaha Shidaalka),fuel,Kilalka / Sheikh Nuur East,False,Fuel,Kaalmaha Shidaalka
wda_istaanka_gaadiidka_dadweynaha_ee_1738,Istaanka Gaadiidka Dadweynaha ee Qaybta 1738 (Goljano District),"Minibus terminal and designated passenger pick-and-drop stop in Goljano District residential & commercial grid, Hargeisa",9.56502,44.07948,Transport & Terminals,transit_station,Goljano District,False,Navigation,Istaannada & Gaadiidka
wda_isgoyska_weyn_ee_gaadiidka_ee_qa_1739,Isgoyska Weyn ee Gaadiidka ee Qaybta 1739 (Biyo Dhacay Area),"Major road intersection and inter-district transit artery in Biyo Dhacay Area residential & commercial grid, Hargeisa",9.56208,44.07264,Transport & Terminals,transit_station,Biyo Dhacay Area,False,Navigation,Istaannada & Gaadiidka
wda_huteelka_nasashada_martida_ee_qa_1740,Huteelka Nasashada & Martida ee Qaybta 1740 (Xero Awr / Hero Awr),"Comfortable guest lodging and family dining restaurant in Xero Awr / Hero Awr residential & commercial grid, Hargeisa",9.57272,44.04698,Hotels & Hospitality,hotel,Xero Awr / Hero Awr,False,Hotel,Huteellada & Martida
wda_laanta_zaad_dahabshiil_ee_qaybta_1741,Laanta ZAAD & Dahabshiil ee Qaybta 1741 (Downtown Waheen),"Banking kiosk, e-remittance and ZAAD cash-in center in Downtown Waheen residential & commercial grid, Hargeisa",9.5568,44.06591,Banks & Financial,bank,Downtown Waheen,False,Landmark,Bangiyada & Xawaaladaha
wda_laanta_taaj_edahab_express_ee_qa_1742,Laanta TAAJ & Edahab Express ee Qaybta 1742 (Jigjiga Yar),"Financial services, money transfer and remittance desk in Jigjiga Yar residential & commercial grid, Hargeisa",9.57149,44.03239,Banks & Financial,bank,Jigjiga Yar,False,Landmark,Bangiyada & Xawaaladaha
wda_xafiiska_adeegga_somtel_telesom__1743,Xafiiska Adeegga Somtel & Telesom ee Qaybta 1743 (Ahmed Dhagax),"Telecommunications branch, SIM registration and fiber service hub in Ahmed Dhagax residential & commercial grid, Hargeisa",9.54719,44.04687,Corporate & Utilities,corporate,Ahmed Dhagax,False,Building2,Shirkadaha & Isgaadhsiinta
wda_xarunta_korontada_sompower_ee_qa_1744,Xarunta Korontada Sompower ee Qaybta 1744 (150 Highway),"District electrical distribution and bill payment center in 150 Highway residential & commercial grid, Hargeisa",9.57239,44.04834,Corporate & Utilities,utility,150 Highway,False,Zap,Korontada & Biyaha
wda_xafiiska_waaxda_dowladda_hoose_e_1745,Xafiiska Waaxda Dowladda Hoose ee Qaybta 1745 (Shaab / Institutional District),"Municipal sub-office and local civic administration center in Shaab / Institutional District residential & commercial grid, Hargeisa",9.55293,44.05556,Government & Civic,government,Shaab / Institutional District,False,Landmark,Hay'adaha Dowladda
wda_maqaayadda_cuntada_hiddaha_dhaqa_1746,Maqaayadda Cuntada Hiddaha & Dhaqanka ee Qaybta 1746 (Maxamed Mooge),"Traditional Somali dishes and family restaurant in Maxamed Mooge residential & commercial grid, Hargeisa",9.50946,44.09817,Restaurants & Cafes,restaurant,Maxamed Mooge,False,Utensils,Maqaayadaha & Kafateeriyada
wda_kafateeriyada_qahwada_casriga_ah_1747,Kafateeriyada & Qahwada Casriga ah ee Qaybta 1747 (New Hargeisa),"Modern coffee house and light dining lounge in New Hargeisa residential & commercial grid, Hargeisa",9.54576,44.09169,Restaurants & Cafes,restaurant,New Hargeisa,False,Utensils,Maqaayadaha & Kafateeriyada
wda_xarunta_ngo_yada_iyo_samafalka_e_1748,Xarunta NGO-yada iyo Samafalka ee Qaybta 1748 (Daami),"Non-governmental development agency & aid office in Daami residential & commercial grid, Hargeisa",9.56806,44.07921,NGOs & Humanitarian,ngo,Daami,False,Globe,Hay'adaha Samafalka (NGOs)
wda_jidka_iyo_wadada_weyn_ee_qaybta__1749,Jidka iyo Wadada Weyn ee Qaybta 1749 (Shiraaqle),"Major paved road corridor and arterial avenue in Shiraaqle residential & commercial grid, Hargeisa",9.55519,44.09887,Roads & Arterials,arterial_road,Shiraaqle,False,Navigation,Waddooyinka & Jidadka
wda_xaafada_deganaanshaha_ee_qaybta__1750,Xaafada Deganaanshaha ee Qaybta 1750 (Koodbuur),"Quiet residential enclave and community living sector in Koodbuur residential & commercial grid, Hargeisa",9.56663,44.04004,Xaafadaha (Districts),neighborhood,Koodbuur,False,Home,Xaafadaha & Degmooyinka
wda_cusbitaalka_gurmadka_caafimaadka_1751,Cusbitaalka Gurmadka Caafimaadka ee Qaybta 1751 (Airport Zone / Masalaha),"Specialized neighborhood clinic & emergency health post in Airport Zone / Masalaha residential & commercial grid, Hargeisa",9.51116,44.08365,Hospitals & Healthcare,hospital,Airport Zone / Masalaha,False,HeartPulse,Cusbitaallada & Rugaha Caafimaadka
wda_rugta_daryeelka_hooyada_dhallaan_1752,Rugta Daryeelka Hooyada & Dhallaanka ee Qaybta 1752 (Kilalka / Sheikh Nuur East),"Maternal and child care dispensary center in Kilalka / Sheikh Nuur East residential & commercial grid, Hargeisa",9.56463,44.09254,Hospitals & Healthcare,hospital,Kilalka / Sheikh Nuur East,False,HeartPulse,Cusbitaallada & Rugaha Caafimaadka
wda_farmasiga_shacabka_caafimaadka_e_1753,Farmasiga Shacabka & Caafimaadka ee Qaybta 1753 (Goljano District),"24/7 community pharmacy and dispensary outpost in Goljano District residential & commercial grid, Hargeisa",9.55199,44.07939,Hospitals & Healthcare,hospital,Goljano District,False,HeartPulse,Cusbitaallada & Rugaha Caafimaadka
wda_dugsiga_hoose_dhexe_ee_waxbarash_1754,Dugsiga Hoose/Dhexe ee Waxbarashada Qaybta 1754 (Biyo Dhacay Area),"Public primary & intermediate school campus in Biyo Dhacay Area residential & commercial grid, Hargeisa",9.54993,44.07256,Schools & Universities,school,Biyo Dhacay Area,False,GraduationCap,Dugsiyada & Waxbarashada
wda_akadeemiyada_casriga_ah_ee_qaybt_1755,Akadeemiyada Casriga ah ee Qaybta 1755 (Xero Awr / Hero Awr),"Modern high school and STEM educational institute in Xero Awr / Hero Awr residential & commercial grid, Hargeisa",9.55969,44.04689,Schools & Universities,school,Xero Awr / Hero Awr,False,GraduationCap,Dugsiyada & Waxbarashada
wda_machadka_tababarka_xirfadaha_ee__1756,Machadka Tababarka Xirfadaha ee Qaybta 1756 (Downtown Waheen),"Vocational and technical training college center in Downtown Waheen residential & commercial grid, Hargeisa",9.56445,44.07312,Schools & Universities,university,Downtown Waheen,False,GraduationCap,Jaamacadaha & Kuliyadaha
wda_masjidka_jaamaca_ee_qaybta_1757__1757,Masjidka Jaamaca ee Qaybta 1757 (Jigjiga Yar),"Congregational Friday mosque with community prayer hall in Jigjiga Yar residential & commercial grid, Hargeisa",9.58107,44.0414,Mosques (Masaajidda),place_of_worship,Jigjiga Yar,False,Moon,Masaajidda
wda_masjidka_al_imaan_ee_qaybta_1758_1758,Masjidka Al-Imaan ee Qaybta 1758 (Ahmed Dhagax),"Neighborhood community mosque and Quranic learning hub in Ahmed Dhagax residential & commercial grid, Hargeisa",9.55868,44.05768,Mosques (Masaajidda),place_of_worship,Ahmed Dhagax,False,Moon,Masaajidda
wda_suuqa_khdaarta_iyo_ganacsiga_ee__1759,Suuqa Khdaarta iyo Ganacsiga ee Qaybta 1759 (150 Highway),"Neighborhood open-air fresh market and commercial trade zone in 150 Highway residential & commercial grid, Hargeisa",9.58579,44.06096,Markets & Malls,mall,150 Highway,False,ShoppingBag,Suuqyada & Xarumaha Ganacsiga
wda_xarunta_ganacsiga_supermarket_ee_1760,Xarunta Ganacsiga & Supermarket ee Qaybta 1760 (Shaab / Institutional District),"Modern multi-store retail grocery and provisions shopping center in Shaab / Institutional District residential & commercial grid, Hargeisa",9.56186,44.06397,Markets & Malls,mall,Shaab / Institutional District,False,ShoppingBag,Suuqyada & Xarumaha Ganacsiga
wda_kaalinta_shidaalka_hass_national_1761,Kaalinta Shidaalka Hass / National ee Qaybta 1761 (Maxamed Mooge),"Service petrol station, diesel dispenser and tire service in Maxamed Mooge residential & commercial grid, Hargeisa",9.5235,44.11139,Fuel Stations (Kaalmaha Shidaalka),fuel,Maxamed Mooge,False,Fuel,Kaalmaha Shidaalka
wda_kaalinta_shidaalka_gaaska_ee_qay_1762,Kaalinta Shidaalka & Gaaska ee Qaybta 1762 (New Hargeisa),"Fuel station and LPG domestic gas distribution depot in New Hargeisa residential & commercial grid, Hargeisa",9.55789,44.10311,Fuel Stations (Kaalmaha Shidaalka),fuel,New Hargeisa,False,Fuel,Kaalmaha Shidaalka
wda_istaanka_gaadiidka_dadweynaha_ee_1763,Istaanka Gaadiidka Dadweynaha ee Qaybta 1763 (Daami),"Minibus terminal and designated passenger pick-and-drop stop in Daami residential & commercial grid, Hargeisa",9.57827,44.08883,Transport & Terminals,transit_station,Daami,False,Navigation,Istaannada & Gaadiidka
wda_isgoyska_weyn_ee_gaadiidka_ee_qa_1764,Isgoyska Weyn ee Gaadiidka ee Qaybta 1764 (Shiraaqle),"Major road intersection and inter-district transit artery in Shiraaqle residential & commercial grid, Hargeisa",9.56668,44.10968,Transport & Terminals,transit_station,Shiraaqle,False,Navigation,Istaannada & Gaadiidka
wda_huteelka_nasashada_martida_ee_qa_1765,Huteelka Nasashada & Martida ee Qaybta 1765 (Koodbuur),"Comfortable guest lodging and family dining restaurant in Koodbuur residential & commercial grid, Hargeisa",9.57748,44.05025,Hotels & Hospitality,hotel,Koodbuur,False,Hotel,Huteellada & Martida
wda_laanta_zaad_dahabshiil_ee_qaybta_1766,Laanta ZAAD & Dahabshiil ee Qaybta 1766 (Airport Zone / Masalaha),"Banking kiosk, e-remittance and ZAAD cash-in center in Airport Zone / Masalaha residential & commercial grid, Hargeisa",9.52711,44.09867,Banks & Financial,bank,Airport Zone / Masalaha,False,Landmark,Bangiyada & Xawaaladaha
wda_laanta_taaj_edahab_express_ee_qa_1767,Laanta TAAJ & Edahab Express ee Qaybta 1767 (Kilalka / Sheikh Nuur East),"Financial services, money transfer and remittance desk in Kilalka / Sheikh Nuur East residential & commercial grid, Hargeisa",9.57548,44.10275,Banks & Financial,bank,Kilalka / Sheikh Nuur East,False,Landmark,Bangiyada & Xawaaladaha
wda_xafiiska_adeegga_somtel_telesom__1768,Xafiiska Adeegga Somtel & Telesom ee Qaybta 1768 (Goljano District),"Telecommunications branch, SIM registration and fiber service hub in Goljano District residential & commercial grid, Hargeisa",9.56157,44.0884,Corporate & Utilities,corporate,Goljano District,False,Building2,Shirkadaha & Isgaadhsiinta
wda_xarunta_korontada_sompower_ee_qa_1769,Xarunta Korontada Sompower ee Qaybta 1769 (Biyo Dhacay Area),"District electrical distribution and bill payment center in Biyo Dhacay Area residential & commercial grid, Hargeisa",9.55886,44.08097,Corporate & Utilities,utility,Biyo Dhacay Area,False,Zap,Korontada & Biyaha
wda_xafiiska_waaxda_dowladda_hoose_e_1770,Xafiiska Waaxda Dowladda Hoose ee Qaybta 1770 (Xero Awr / Hero Awr),"Municipal sub-office and local civic administration center in Xero Awr / Hero Awr residential & commercial grid, Hargeisa",9.56927,44.0559,Government & Civic,government,Xero Awr / Hero Awr,False,Landmark,Hay'adaha Dowladda
wda_maqaayadda_cuntada_hiddaha_dhaqa_1771,Maqaayadda Cuntada Hiddaha & Dhaqanka ee Qaybta 1771 (Downtown Waheen),"Traditional Somali dishes and family restaurant in Downtown Waheen residential & commercial grid, Hargeisa",9.56361,44.06253,Restaurants & Cafes,restaurant,Downtown Waheen,False,Utensils,Maqaayadaha & Kafateeriyada
wda_kafateeriyada_qahwada_casriga_ah_1772,Kafateeriyada & Qahwada Casriga ah ee Qaybta 1772 (Jigjiga Yar),"Modern coffee house and light dining lounge in Jigjiga Yar residential & commercial grid, Hargeisa",9.58001,44.02816,Restaurants & Cafes,restaurant,Jigjiga Yar,False,Utensils,Maqaayadaha & Kafateeriyada
wda_xarunta_ngo_yada_iyo_samafalka_e_1773,Xarunta NGO-yada iyo Samafalka ee Qaybta 1773 (Ahmed Dhagax),"Non-governmental development agency & aid office in Ahmed Dhagax residential & commercial grid, Hargeisa",9.55741,44.04179,NGOs & Humanitarian,ngo,Ahmed Dhagax,False,Globe,Hay'adaha Samafalka (NGOs)
wda_jidka_iyo_wadada_weyn_ee_qaybta__1774,Jidka iyo Wadada Weyn ee Qaybta 1774 (150 Highway),"Major paved road corridor and arterial avenue in 150 Highway residential & commercial grid, Hargeisa",9.58431,44.04242,Roads & Arterials,arterial_road,150 Highway,False,Navigation,Waddooyinka & Jidadka
wda_xaafada_deganaanshaha_ee_qaybta__1775,Xaafada Deganaanshaha ee Qaybta 1775 (Shaab / Institutional District),"Quiet residential enclave and community living sector in Shaab / Institutional District residential & commercial grid, Hargeisa",9.56087,44.05161,Xaafadaha (Districts),neighborhood,Shaab / Institutional District,False,Home,Xaafadaha & Degmooyinka
wda_cusbitaalka_gurmadka_caafimaadka_1776,Cusbitaalka Gurmadka Caafimaadka ee Qaybta 1776 (Maxamed Mooge),"Specialized neighborhood clinic & emergency health post in Maxamed Mooge residential & commercial grid, Hargeisa",9.52195,44.09197,Hospitals & Healthcare,hospital,Maxamed Mooge,False,HeartPulse,Cusbitaallada & Rugaha Caafimaadka
wda_rugta_daryeelka_hooyada_dhallaan_1777,Rugta Daryeelka Hooyada & Dhallaanka ee Qaybta 1777 (New Hargeisa),"Maternal and child care dispensary center in New Hargeisa residential & commercial grid, Hargeisa",9.55654,44.08633,Hospitals & Healthcare,hospital,New Hargeisa,False,HeartPulse,Cusbitaallada & Rugaha Caafimaadka
wda_farmasiga_shacabka_caafimaadka_e_1778,Farmasiga Shacabka & Caafimaadka ee Qaybta 1778 (Daami),"24/7 community pharmacy and dispensary outpost in Daami residential & commercial grid, Hargeisa",9.57714,44.0747,Hospitals & Healthcare,hospital,Daami,False,HeartPulse,Cusbitaallada & Rugaha Caafimaadka
wda_dugsiga_hoose_dhexe_ee_waxbarash_1779,Dugsiga Hoose/Dhexe ee Waxbarashada Qaybta 1779 (Shiraaqle),"Public primary & intermediate school campus in Shiraaqle residential & commercial grid, Hargeisa",9.56541,44.09379,Schools & Universities,school,Shiraaqle,False,GraduationCap,Dugsiyada & Waxbarashada
wda_akadeemiyada_casriga_ah_ee_qaybt_1780,Akadeemiyada Casriga ah ee Qaybta 1780 (Koodbuur),"Modern high school and STEM educational institute in Koodbuur residential & commercial grid, Hargeisa",9.57628,44.03525,Schools & Universities,school,Koodbuur,False,GraduationCap,Dugsiyada & Waxbarashada
wda_machadka_tababarka_xirfadaha_ee__1781,Machadka Tababarka Xirfadaha ee Qaybta 1781 (Airport Zone / Masalaha),"Vocational and technical training college center in Airport Zone / Masalaha residential & commercial grid, Hargeisa",9.52535,44.0766,Schools & Universities,university,Airport Zone / Masalaha,False,GraduationCap,Jaamacadaha & Kuliyadaha
wda_masjidka_jaamaca_ee_qaybta_1782__1782,Masjidka Jaamaca ee Qaybta 1782 (Kilalka / Sheikh Nuur East),"Congregational Friday mosque with community prayer hall in Kilalka / Sheikh Nuur East residential & commercial grid, Hargeisa",9.57428,44.08775,Mosques (Masaajidda),place_of_worship,Kilalka / Sheikh Nuur East,False,Moon,Masaajidda
wda_masjidka_al_imaan_ee_qaybta_1783_1783,Masjidka Al-Imaan ee Qaybta 1783 (Goljano District),"Neighborhood community mosque and Quranic learning hub in Goljano District residential & commercial grid, Hargeisa",9.56051,44.07516,Mosques (Masaajidda),place_of_worship,Goljano District,False,Moon,Masaajidda
wda_suuqa_khdaarta_iyo_ganacsiga_ee__1784,Suuqa Khdaarta iyo Ganacsiga ee Qaybta 1784 (Biyo Dhacay Area),"Neighborhood open-air fresh market and commercial trade zone in Biyo Dhacay Area residential & commercial grid, Hargeisa",9.55787,44.06861,Markets & Malls,mall,Biyo Dhacay Area,False,ShoppingBag,Suuqyada & Xarumaha Ganacsiga
wda_xarunta_ganacsiga_supermarket_ee_1785,Xarunta Ganacsiga & Supermarket ee Qaybta 1785 (Xero Awr / Hero Awr),"Modern multi-store retail grocery and provisions shopping center in Xero Awr / Hero Awr residential & commercial grid, Hargeisa",9.56821,44.04266,Markets & Malls,mall,Xero Awr / Hero Awr,False,ShoppingBag,Suuqyada & Xarumaha Ganacsiga
wda_kaalinta_shidaalka_hass_national_1786,Kaalinta Shidaalka Hass / National ee Qaybta 1786 (Downtown Waheen),"Service petrol station, diesel dispenser and tire service in Downtown Waheen residential & commercial grid, Hargeisa",9.55716,44.07094,Fuel Stations (Kaalmaha Shidaalka),fuel,Downtown Waheen,False,Fuel,Kaalmaha Shidaalka
wda_kaalinta_shidaalka_gaaska_ee_qay_1787,Kaalinta Shidaalka & Gaaska ee Qaybta 1787 (Jigjiga Yar),"Fuel station and LPG domestic gas distribution depot in Jigjiga Yar residential & commercial grid, Hargeisa",9.57194,44.03868,Fuel Stations (Kaalmaha Shidaalka),fuel,Jigjiga Yar,False,Fuel,Kaalmaha Shidaalka
wda_istaanka_gaadiidka_dadweynaha_ee_1788,Istaanka Gaadiidka Dadweynaha ee Qaybta 1788 (Ahmed Dhagax),"Minibus terminal and designated passenger pick-and-drop stop in Ahmed Dhagax residential & commercial grid, Hargeisa",9.54773,44.05442,Transport & Terminals,transit_station,Ahmed Dhagax,False,Navigation,Istaannada & Gaadiidka
wda_isgoyska_weyn_ee_gaadiidka_ee_qa_1789,Isgoyska Weyn ee Gaadiidka ee Qaybta 1789 (150 Highway),"Major road intersection and inter-district transit artery in 150 Highway residential & commercial grid, Hargeisa",9.57302,44.05715,Transport & Terminals,transit_station,150 Highway,False,Navigation,Istaannada & Gaadiidka
wda_huteelka_nasashada_martida_ee_qa_1790,Huteelka Nasashada & Martida ee Qaybta 1790 (Shaab / Institutional District),"Comfortable guest lodging and family dining restaurant in Shaab / Institutional District residential & commercial grid, Hargeisa",9.55335,44.06143,Hotels & Hospitality,hotel,Shaab / Institutional District,False,Hotel,Huteellada & Martida
wda_laanta_zaad_dahabshiil_ee_qaybta_1791,Laanta ZAAD & Dahabshiil ee Qaybta 1791 (Maxamed Mooge),"Banking kiosk, e-remittance and ZAAD cash-in center in Maxamed Mooge residential & commercial grid, Hargeisa",9.51012,44.1074,Banks & Financial,bank,Maxamed Mooge,False,Landmark,Bangiyada & Xawaaladaha
wda_laanta_taaj_edahab_express_ee_qa_1792,Laanta TAAJ & Edahab Express ee Qaybta 1792 (New Hargeisa),"Financial services, money transfer and remittance desk in New Hargeisa residential & commercial grid, Hargeisa",9.54633,44.09966,Banks & Financial,bank,New Hargeisa,False,Landmark,Bangiyada & Xawaaladaha
wda_xafiiska_adeegga_somtel_telesom__1793,Xafiiska Adeegga Somtel & Telesom ee Qaybta 1793 (Daami),"Telecommunications branch, SIM registration and fiber service hub in Daami residential & commercial grid, Hargeisa",9.56854,44.08593,Corporate & Utilities,corporate,Daami,False,Building2,Shirkadaha & Isgaadhsiinta
wda_xarunta_korontada_sompower_ee_qa_1794,Xarunta Korontada Sompower ee Qaybta 1794 (Shiraaqle),"District electrical distribution and bill payment center in Shiraaqle residential & commercial grid, Hargeisa",9.55573,44.10642,Corporate & Utilities,utility,Shiraaqle,False,Zap,Korontada & Biyaha
wda_xafiiska_waaxda_dowladda_hoose_e_1795,Xafiiska Waaxda Dowladda Hoose ee Qaybta 1795 (Koodbuur),"Municipal sub-office and local civic administration center in Koodbuur residential & commercial grid, Hargeisa",9.56714,44.04717,Government & Civic,government,Koodbuur,False,Landmark,Hay'adaha Dowladda
wda_maqaayadda_cuntada_hiddaha_dhaqa_1796,Maqaayadda Cuntada Hiddaha & Dhaqanka ee Qaybta 1796 (Airport Zone / Masalaha),"Traditional Somali dishes and family restaurant in Airport Zone / Masalaha residential & commercial grid, Hargeisa",9.51191,44.09413,Restaurants & Cafes,restaurant,Airport Zone / Masalaha,False,Utensils,Maqaayadaha & Kafateeriyada
wda_kafateeriyada_qahwada_casriga_ah_1797,Kafateeriyada & Qahwada Casriga ah ee Qaybta 1797 (Kilalka / Sheikh Nuur East),"Modern coffee house and light dining lounge in Kilalka / Sheikh Nuur East residential & commercial grid, Hargeisa",9.56514,44.09967,Restaurants & Cafes,restaurant,Kilalka / Sheikh Nuur East,False,Utensils,Maqaayadaha & Kafateeriyada
wda_xarunta_ngo_yada_iyo_samafalka_e_1798,Xarunta NGO-yada iyo Samafalka ee Qaybta 1798 (Goljano District),"Non-governmental development agency & aid office in Goljano District residential & commercial grid, Hargeisa",9.55244,44.08568,NGOs & Humanitarian,ngo,Goljano District,False,Globe,Hay'adaha Samafalka (NGOs)
wda_jidka_iyo_wadada_weyn_ee_qaybta__1799,Jidka iyo Wadada Weyn ee Qaybta 1799 (Biyo Dhacay Area),"Major paved road corridor and arterial avenue in Biyo Dhacay Area residential & commercial grid, Hargeisa",9.55035,44.07843,Roads & Arterials,arterial_road,Biyo Dhacay Area,False,Navigation,Waddooyinka & Jidadka
wda_xaafada_deganaanshaha_ee_qaybta__1800,Xaafada Deganaanshaha ee Qaybta 1800 (Xero Awr / Hero Awr),"Quiet residential enclave and community living sector in Xero Awr / Hero Awr residential & commercial grid, Hargeisa",9.56014,44.05318,Xaafadaha (Districts),neighborhood,Xero Awr / Hero Awr,False,Home,Xaafadaha & Degmooyinka
wda_cusbitaalka_gurmadka_caafimaadka_1801,Cusbitaalka Gurmadka Caafimaadka ee Qaybta 1801 (Downtown Waheen),"Specialized neighborhood clinic & emergency health post in Downtown Waheen residential & commercial grid, Hargeisa",9.56755,44.06915,Hospitals & Healthcare,hospital,Downtown Waheen,False,HeartPulse,Cusbitaallada & Rugaha Caafimaadka
wda_rugta_daryeelka_hooyada_dhallaan_1802,Rugta Daryeelka Hooyada & Dhallaanka ee Qaybta 1802 (Jigjiga Yar),"Maternal and child care dispensary center in Jigjiga Yar residential & commercial grid, Hargeisa",9.58494,44.03644,Hospitals & Healthcare,hospital,Jigjiga Yar,False,HeartPulse,Cusbitaallada & Rugaha Caafimaadka
wda_farmasiga_shacabka_caafimaadka_e_1803,Farmasiga Shacabka & Caafimaadka ee Qaybta 1803 (Ahmed Dhagax),"24/7 community pharmacy and dispensary outpost in Ahmed Dhagax residential & commercial grid, Hargeisa",9.56332,44.05173,Hospitals & Healthcare,hospital,Ahmed Dhagax,False,HeartPulse,Cusbitaallada & Rugaha Caafimaadka
wda_dugsiga_hoose_dhexe_ee_waxbarash_1804,Dugsiga Hoose/Dhexe ee Waxbarashada Qaybta 1804 (150 Highway),"Public primary & intermediate school campus in 150 Highway residential & commercial grid, Hargeisa",9.59121,44.05401,Schools & Universities,school,150 Highway,False,GraduationCap,Dugsiyada & Waxbarashada
wda_akadeemiyada_casriga_ah_ee_qaybt_1805,Akadeemiyada Casriga ah ee Qaybta 1805 (Shaab / Institutional District),"Modern high school and STEM educational institute in Shaab / Institutional District residential & commercial grid, Hargeisa",9.56547,44.05934,Schools & Universities,school,Shaab / Institutional District,False,GraduationCap,Dugsiyada & Waxbarashada
wda_machadka_tababarka_xirfadaha_ee__1806,Machadka Tababarka Xirfadaha ee Qaybta 1806 (Maxamed Mooge),"Vocational and technical training college center in Maxamed Mooge residential & commercial grid, Hargeisa",9.52917,44.10411,Schools & Universities,university,Maxamed Mooge,False,GraduationCap,Jaamacadaha & Kuliyadaha
wda_masjidka_jaamaca_ee_qaybta_1807__1807,Masjidka Jaamaca ee Qaybta 1807 (New Hargeisa),"Congregational Friday mosque with community prayer hall in New Hargeisa residential & commercial grid, Hargeisa",9.56279,44.09682,Mosques (Masaajidda),place_of_worship,New Hargeisa,False,Moon,Masaajidda
wda_masjidka_al_imaan_ee_qaybta_1808_1808,Masjidka Al-Imaan ee Qaybta 1808 (Daami),"Neighborhood community mosque and Quranic learning hub in Daami residential & commercial grid, Hargeisa",9.5824,44.08354,Mosques (Masaajidda),place_of_worship,Daami,False,Moon,Masaajidda
wda_suuqa_khdaarta_iyo_ganacsiga_ee__1809,Suuqa Khdaarta iyo Ganacsiga ee Qaybta 1809 (Shiraaqle),"Neighborhood open-air fresh market and commercial trade zone in Shiraaqle residential & commercial grid, Hargeisa",9.57132,44.10373,Markets & Malls,mall,Shiraaqle,False,ShoppingBag,Suuqyada & Xarumaha Ganacsiga
wda_xarunta_ganacsiga_supermarket_ee_1810,Xarunta Ganacsiga & Supermarket ee Qaybta 1810 (Koodbuur),"Modern multi-store retail grocery and provisions shopping center in Koodbuur residential & commercial grid, Hargeisa",9.58186,44.04463,Markets & Malls,mall,Koodbuur,False,ShoppingBag,Suuqyada & Xarumaha Ganacsiga
wda_kaalinta_shidaalka_hass_national_1811,Kaalinta Shidaalka Hass / National ee Qaybta 1811 (Airport Zone / Masalaha),"Service petrol station, diesel dispenser and tire service in Airport Zone / Masalaha residential & commercial grid, Hargeisa",9.53356,44.0904,Fuel Stations (Kaalmaha Shidaalka),fuel,Airport Zone / Masalaha,False,Fuel,Kaalmaha Shidaalka
wda_kaalinta_shidaalka_gaaska_ee_qay_1812,Kaalinta Shidaalka & Gaaska ee Qaybta 1812 (Kilalka / Sheikh Nuur East),"Fuel station and LPG domestic gas distribution depot in Kilalka / Sheikh Nuur East residential & commercial grid, Hargeisa",9.57986,44.09713,Fuel Stations (Kaalmaha Shidaalka),fuel,Kilalka / Sheikh Nuur East,False,Fuel,Kaalmaha Shidaalka
wda_istaanka_gaadiidka_dadweynaha_ee_1813,Istaanka Gaadiidka Dadweynaha ee Qaybta 1813 (Goljano District),"Minibus terminal and designated passenger pick-and-drop stop in Goljano District residential & commercial grid, Hargeisa",9.56544,44.08344,Transport & Terminals,transit_station,Goljano District,False,Navigation,Istaannada & Gaadiidka
wda_isgoyska_weyn_ee_gaadiidka_ee_qa_1814,Isgoyska Weyn ee Gaadiidka ee Qaybta 1814 (Biyo Dhacay Area),"Major road intersection and inter-district transit artery in Biyo Dhacay Area residential & commercial grid, Hargeisa",9.56247,44.07634,Transport & Terminals,transit_station,Biyo Dhacay Area,False,Navigation,Istaannada & Gaadiidka
wda_huteelka_nasashada_martida_ee_qa_1815,Huteelka Nasashada & Martida ee Qaybta 1815 (Xero Awr / Hero Awr),"Comfortable guest lodging and family dining restaurant in Xero Awr / Hero Awr residential & commercial grid, Hargeisa",9.57314,44.05094,Hotels & Hospitality,hotel,Xero Awr / Hero Awr,False,Hotel,Huteellada & Martida
wda_laanta_zaad_dahabshiil_ee_qaybta_1816,Laanta ZAAD & Dahabshiil ee Qaybta 1816 (Downtown Waheen),"Banking kiosk, e-remittance and ZAAD cash-in center in Downtown Waheen residential & commercial grid, Hargeisa",9.55866,44.06334,Banks & Financial,bank,Downtown Waheen,False,Landmark,Bangiyada & Xawaaladaha
wda_laanta_taaj_edahab_express_ee_qa_1817,Laanta TAAJ & Edahab Express ee Qaybta 1817 (Jigjiga Yar),"Financial services, money transfer and remittance desk in Jigjiga Yar residential & commercial grid, Hargeisa",9.57383,44.02917,Banks & Financial,bank,Jigjiga Yar,False,Landmark,Bangiyada & Xawaaladaha
wda_xafiiska_adeegga_somtel_telesom__1818,Xafiiska Adeegga Somtel & Telesom ee Qaybta 1818 (Ahmed Dhagax),"Telecommunications branch, SIM registration and fiber service hub in Ahmed Dhagax residential & commercial grid, Hargeisa",9.55,44.043,Corporate & Utilities,corporate,Ahmed Dhagax,False,Building2,Shirkadaha & Isgaadhsiinta
wda_xarunta_korontada_sompower_ee_qa_1819,Xarunta Korontada Sompower ee Qaybta 1819 (150 Highway),"District electrical distribution and bill payment center in 150 Highway residential & commercial grid, Hargeisa",9.57566,44.04384,Corporate & Utilities,utility,150 Highway,False,Zap,Korontada & Biyaha
wda_xafiiska_waaxda_dowladda_hoose_e_1820,Xafiiska Waaxda Dowladda Hoose ee Qaybta 1820 (Shaab / Institutional District),"Municipal sub-office and local civic administration center in Shaab / Institutional District residential & commercial grid, Hargeisa",9.55511,44.05256,Government & Civic,government,Shaab / Institutional District,False,Landmark,Hay'adaha Dowladda
wda_maqaayadda_cuntada_hiddaha_dhaqa_1821,Maqaayadda Cuntada Hiddaha & Dhaqanka ee Qaybta 1821 (Maxamed Mooge),"Traditional Somali dishes and family restaurant in Maxamed Mooge residential & commercial grid, Hargeisa",9.51289,44.09345,Restaurants & Cafes,restaurant,Maxamed Mooge,False,Utensils,Maqaayadaha & Kafateeriyada
wda_kafateeriyada_qahwada_casriga_ah_1822,Kafateeriyada & Qahwada Casriga ah ee Qaybta 1822 (New Hargeisa),"Modern coffee house and light dining lounge in New Hargeisa residential & commercial grid, Hargeisa",9.54872,44.08761,Restaurants & Cafes,restaurant,New Hargeisa,False,Utensils,Maqaayadaha & Kafateeriyada
wda_xarunta_ngo_yada_iyo_samafalka_e_1823,Xarunta NGO-yada iyo Samafalka ee Qaybta 1823 (Daami),"Non-governmental development agency & aid office in Daami residential & commercial grid, Hargeisa",9.57055,44.07578,NGOs & Humanitarian,ngo,Daami,False,Globe,Hay'adaha Samafalka (NGOs)
wda_jidka_iyo_wadada_weyn_ee_qaybta__1824,Jidka iyo Wadada Weyn ee Qaybta 1824 (Shiraaqle),"Major paved road corridor and arterial avenue in Shiraaqle residential & commercial grid, Hargeisa",9.558,44.095,Roads & Arterials,arterial_road,Shiraaqle,False,Navigation,Waddooyinka & Jidadka
wda_xaafada_deganaanshaha_ee_qaybta__1825,Xaafada Deganaanshaha ee Qaybta 1825 (Koodbuur),"Quiet residential enclave and community living sector in Koodbuur residential & commercial grid, Hargeisa",9.56928,44.03639,Xaafadaha (Districts),neighborhood,Koodbuur,False,Home,Xaafadaha & Degmooyinka
wda_cusbitaalka_gurmadka_caafimaadka_1826,Cusbitaalka Gurmadka Caafimaadka ee Qaybta 1826 (Airport Zone / Masalaha),"Specialized neighborhood clinic & emergency health post in Airport Zone / Masalaha residential & commercial grid, Hargeisa",9.51505,44.07828,Hospitals & Healthcare,hospital,Airport Zone / Masalaha,False,HeartPulse,Cusbitaallada & Rugaha Caafimaadka
wda_rugta_daryeelka_hooyada_dhallaan_1827,Rugta Daryeelka Hooyada & Dhallaanka ee Qaybta 1827 (Kilalka / Sheikh Nuur East),"Maternal and child care dispensary center in Kilalka / Sheikh Nuur East residential & commercial grid, Hargeisa",9.56728,44.08889,Hospitals & Healthcare,hospital,Kilalka / Sheikh Nuur East,False,HeartPulse,Cusbitaallada & Rugaha Caafimaadka
wda_farmasiga_shacabka_caafimaadka_e_1828,Farmasiga Shacabka & Caafimaadka ee Qaybta 1828 (Goljano District),"24/7 community pharmacy and dispensary outpost in Goljano District residential & commercial grid, Hargeisa",9.55433,44.07617,Hospitals & Healthcare,hospital,Goljano District,False,HeartPulse,Cusbitaallada & Rugaha Caafimaadka
wda_dugsiga_hoose_dhexe_ee_waxbarash_1829,Dugsiga Hoose/Dhexe ee Waxbarashada Qaybta 1829 (Biyo Dhacay Area),"Public primary & intermediate school campus in Biyo Dhacay Area residential & commercial grid, Hargeisa",9.55211,44.06956,Schools & Universities,school,Biyo Dhacay Area,False,GraduationCap,Dugsiyada & Waxbarashada
wda_akadeemiyada_casriga_ah_ee_qaybt_1830,Akadeemiyada Casriga ah ee Qaybta 1830 (Xero Awr / Hero Awr),"Modern high school and STEM educational institute in Xero Awr / Hero Awr residential & commercial grid, Hargeisa",9.56203,44.04367,Schools & Universities,school,Xero Awr / Hero Awr,False,GraduationCap,Dugsiyada & Waxbarashada
wda_machadka_tababarka_xirfadaha_ee__1831,Machadka Tababarka Xirfadaha ee Qaybta 1831 (Downtown Waheen),"Vocational and technical training college center in Downtown Waheen residential & commercial grid, Hargeisa",9.56135,44.07374,Schools & Universities,university,Downtown Waheen,False,GraduationCap,Jaamacadaha & Kuliyadaha
wda_masjidka_jaamaca_ee_qaybta_1832__1832,Masjidka Jaamaca ee Qaybta 1832 (Jigjiga Yar),"Congregational Friday mosque with community prayer hall in Jigjiga Yar residential & commercial grid, Hargeisa",9.57719,44.04218,Mosques (Masaajidda),place_of_worship,Jigjiga Yar,False,Moon,Masaajidda
wda_masjidka_al_imaan_ee_qaybta_1833_1833,Masjidka Al-Imaan ee Qaybta 1833 (Ahmed Dhagax),"Neighborhood community mosque and Quranic learning hub in Ahmed Dhagax residential & commercial grid, Hargeisa",9.55403,44.05861,Mosques (Masaajidda),place_of_worship,Ahmed Dhagax,False,Moon,Masaajidda
wda_suuqa_khdaarta_iyo_ganacsiga_ee__1834,Suuqa Khdaarta iyo Ganacsiga ee Qaybta 1834 (150 Highway),"Neighborhood open-air fresh market and commercial trade zone in 150 Highway residential & commercial grid, Hargeisa",9.58036,44.06205,Markets & Malls,mall,150 Highway,False,ShoppingBag,Suuqyada & Xarumaha Ganacsiga
wda_xarunta_ganacsiga_supermarket_ee_1835,Xarunta Ganacsiga & Supermarket ee Qaybta 1835 (Shaab / Institutional District),"Modern multi-store retail grocery and provisions shopping center in Shaab / Institutional District residential & commercial grid, Hargeisa",9.55824,44.0647,Markets & Malls,mall,Shaab / Institutional District,False,ShoppingBag,Suuqyada & Xarumaha Ganacsiga
wda_kaalinta_shidaalka_hass_national_1836,Kaalinta Shidaalka Hass / National ee Qaybta 1836 (Maxamed Mooge),"Service petrol station, diesel dispenser and tire service in Maxamed Mooge residential & commercial grid, Hargeisa",9.51781,44.11252,Fuel Stations (Kaalmaha Shidaalka),fuel,Maxamed Mooge,False,Fuel,Kaalmaha Shidaalka
wda_kaalinta_shidaalka_gaaska_ee_qay_1837,Kaalinta Shidaalka & Gaaska ee Qaybta 1837 (New Hargeisa),"Fuel station and LPG domestic gas distribution depot in New Hargeisa residential & commercial grid, Hargeisa",9.55297,44.10409,Fuel Stations (Kaalmaha Shidaalka),fuel,New Hargeisa,False,Fuel,Kaalmaha Shidaalka
wda_istaanka_gaadiidka_dadweynaha_ee_1838,Istaanka Gaadiidka Dadweynaha ee Qaybta 1838 (Daami),"Minibus terminal and designated passenger pick-and-drop stop in Daami residential & commercial grid, Hargeisa",9.57413,44.08965,Transport & Terminals,transit_station,Daami,False,Navigation,Istaannada & Gaadiidka
wda_isgoyska_weyn_ee_gaadiidka_ee_qa_1839,Isgoyska Weyn ee Gaadiidka ee Qaybta 1839 (Shiraaqle),"Major road intersection and inter-district transit artery in Shiraaqle residential & commercial grid, Hargeisa",9.56203,44.11061,Transport & Terminals,transit_station,Shiraaqle,False,Navigation,Istaannada & Gaadiidka
wda_huteelka_nasashada_martida_ee_qa_1840,Huteelka Nasashada & Martida ee Qaybta 1840 (Koodbuur),"Comfortable guest lodging and family dining restaurant in Koodbuur residential & commercial grid, Hargeisa",9.57308,44.05113,Hotels & Hospitality,hotel,Koodbuur,False,Hotel,Huteellada & Martida
wda_laanta_zaad_dahabshiil_ee_qaybta_1841,Laanta ZAAD & Dahabshiil ee Qaybta 1841 (Airport Zone / Masalaha),"Banking kiosk, e-remittance and ZAAD cash-in center in Airport Zone / Masalaha residential & commercial grid, Hargeisa",9.52065,44.09996,Banks & Financial,bank,Airport Zone / Masalaha,False,Landmark,Bangiyada & Xawaaladaha
wda_laanta_taaj_edahab_express_ee_qa_1842,Laanta TAAJ & Edahab Express ee Qaybta 1842 (Kilalka / Sheikh Nuur East),"Financial services, money transfer and remittance desk in Kilalka / Sheikh Nuur East residential & commercial grid, Hargeisa",9.57108,44.10363,Banks & Financial,bank,Kilalka / Sheikh Nuur East,False,Landmark,Bangiyada & Xawaaladaha
wda_xafiiska_adeegga_somtel_telesom__1843,Xafiiska Adeegga Somtel & Telesom ee Qaybta 1843 (Goljano District),"Telecommunications branch, SIM registration and fiber service hub in Goljano District residential & commercial grid, Hargeisa",9.55769,44.08918,Corporate & Utilities,corporate,Goljano District,False,Building2,Shirkadaha & Isgaadhsiinta
wda_xarunta_korontada_sompower_ee_qa_1844,Xarunta Korontada Sompower ee Qaybta 1844 (Biyo Dhacay Area),"District electrical distribution and bill payment center in Biyo Dhacay Area residential & commercial grid, Hargeisa",9.55524,44.0817,Corporate & Utilities,utility,Biyo Dhacay Area,False,Zap,Korontada & Biyaha
wda_xafiiska_waaxda_dowladda_hoose_e_1845,Xafiiska Waaxda Dowladda Hoose ee Qaybta 1845 (Xero Awr / Hero Awr),"Municipal sub-office and local civic administration center in Xero Awr / Hero Awr residential & commercial grid, Hargeisa",9.56539,44.05668,Government & Civic,government,Xero Awr / Hero Awr,False,Landmark,Hay'adaha Dowladda
wda_maqaayadda_cuntada_hiddaha_dhaqa_1846,Maqaayadda Cuntada Hiddaha & Dhaqanka ee Qaybta 1846 (Downtown Waheen),"Traditional Somali dishes and family restaurant in Downtown Waheen residential & commercial grid, Hargeisa",9.56632,44.0642,Restaurants & Cafes,restaurant,Downtown Waheen,False,Utensils,Maqaayadaha & Kafateeriyada
wda_kafateeriyada_qahwada_casriga_ah_1847,Kafateeriyada & Qahwada Casriga ah ee Qaybta 1847 (Jigjiga Yar),"Modern coffee house and light dining lounge in Jigjiga Yar residential & commercial grid, Hargeisa",9.58339,44.03025,Restaurants & Cafes,restaurant,Jigjiga Yar,False,Utensils,Maqaayadaha & Kafateeriyada
wda_xarunta_ngo_yada_iyo_samafalka_e_1848,Xarunta NGO-yada iyo Samafalka ee Qaybta 1848 (Ahmed Dhagax),"Non-governmental development agency & aid office in Ahmed Dhagax residential & commercial grid, Hargeisa",9.56147,44.0443,NGOs & Humanitarian,ngo,Ahmed Dhagax,False,Globe,Hay'adaha Samafalka (NGOs)
wda_jidka_iyo_wadada_weyn_ee_qaybta__1849,Jidka iyo Wadada Weyn ee Qaybta 1849 (150 Highway),"Major paved road corridor and arterial avenue in 150 Highway residential & commercial grid, Hargeisa",9.58905,44.04535,Roads & Arterials,arterial_road,150 Highway,False,Navigation,Waddooyinka & Jidadka
wda_xaafada_deganaanshaha_ee_qaybta__1850,Xaafada Deganaanshaha ee Qaybta 1850 (Shaab / Institutional District),"Quiet residential enclave and community living sector in Shaab / Institutional District residential & commercial grid, Hargeisa",9.56403,44.05357,Xaafadaha (Districts),neighborhood,Shaab / Institutional District,False,Home,Xaafadaha & Degmooyinka
wda_cusbitaalka_gurmadka_caafimaadka_1851,Cusbitaalka Gurmadka Caafimaadka ee Qaybta 1851 (Maxamed Mooge),"Specialized neighborhood clinic & emergency health post in Maxamed Mooge residential & commercial grid, Hargeisa",9.52691,44.09504,Hospitals & Healthcare,hospital,Maxamed Mooge,False,HeartPulse,Cusbitaallada & Rugaha Caafimaadka
wda_rugta_daryeelka_hooyada_dhallaan_1852,Rugta Daryeelka Hooyada & Dhallaanka ee Qaybta 1852 (New Hargeisa),"Maternal and child care dispensary center in New Hargeisa residential & commercial grid, Hargeisa",9.56083,44.08898,Hospitals & Healthcare,hospital,New Hargeisa,False,HeartPulse,Cusbitaallada & Rugaha Caafimaadka
wda_farmasiga_shacabka_caafimaadka_e_1853,Farmasiga Shacabka & Caafimaadka ee Qaybta 1853 (Daami),"24/7 community pharmacy and dispensary outpost in Daami residential & commercial grid, Hargeisa",9.58075,44.07693,Hospitals & Healthcare,hospital,Daami,False,HeartPulse,Cusbitaallada & Rugaha Caafimaadka
wda_dugsiga_hoose_dhexe_ee_waxbarash_1854,Dugsiga Hoose/Dhexe ee Waxbarashada Qaybta 1854 (Shiraaqle),"Public primary & intermediate school campus in Shiraaqle residential & commercial grid, Hargeisa",9.56947,44.0963,Schools & Universities,school,Shiraaqle,False,GraduationCap,Dugsiyada & Waxbarashada
wda_akadeemiyada_casriga_ah_ee_qaybt_1855,Akadeemiyada Casriga ah ee Qaybta 1855 (Koodbuur),"Modern high school and STEM educational institute in Koodbuur residential & commercial grid, Hargeisa",9.58011,44.03762,Schools & Universities,school,Koodbuur,False,GraduationCap,Dugsiyada & Waxbarashada
wda_machadka_tababarka_xirfadaha_ee__1856,Machadka Tababarka Xirfadaha ee Qaybta 1856 (Airport Zone / Masalaha),"Vocational and technical training college center in Airport Zone / Masalaha residential & commercial grid, Hargeisa",9.53099,44.08009,Schools & Universities,university,Airport Zone / Masalaha,False,GraduationCap,Jaamacadaha & Kuliyadaha
wda_masjidka_jaamaca_ee_qaybta_1857__1857,Masjidka Jaamaca ee Qaybta 1857 (Kilalka / Sheikh Nuur East),"Congregational Friday mosque with community prayer hall in Kilalka / Sheikh Nuur East residential & commercial grid, Hargeisa",9.57811,44.09012,Mosques (Masaajidda),place_of_worship,Kilalka / Sheikh Nuur East,False,Moon,Masaajidda
wda_masjidka_al_imaan_ee_qaybta_1858_1858,Masjidka Al-Imaan ee Qaybta 1858 (Goljano District),"Neighborhood community mosque and Quranic learning hub in Goljano District residential & commercial grid, Hargeisa",9.56389,44.07725,Mosques (Masaajidda),place_of_worship,Goljano District,False,Moon,Masaajidda
wda_suuqa_khdaarta_iyo_ganacsiga_ee__1859,Suuqa Khdaarta iyo Ganacsiga ee Qaybta 1859 (Biyo Dhacay Area),"Neighborhood open-air fresh market and commercial trade zone in Biyo Dhacay Area residential & commercial grid, Hargeisa",9.56103,44.07057,Markets & Malls,mall,Biyo Dhacay Area,False,ShoppingBag,Suuqyada & Xarumaha Ganacsiga
wda_xarunta_ganacsiga_supermarket_ee_1860,Xarunta Ganacsiga & Supermarket ee Qaybta 1860 (Xero Awr / Hero Awr),"Modern multi-store retail grocery and provisions shopping center in Xero Awr / Hero Awr residential & commercial grid, Hargeisa",9.57159,44.04475,Markets & Malls,mall,Xero Awr / Hero Awr,False,ShoppingBag,Suuqyada & Xarumaha Ganacsiga
wda_kaalinta_shidaalka_hass_national_1861,Kaalinta Shidaalka Hass / National ee Qaybta 1861 (Downtown Waheen),"Service petrol station, diesel dispenser and tire service in Downtown Waheen residential & commercial grid, Hargeisa",9.55627,44.06784,Fuel Stations (Kaalmaha Shidaalka),fuel,Downtown Waheen,False,Fuel,Kaalmaha Shidaalka
wda_kaalinta_shidaalka_gaaska_ee_qay_1862,Kaalinta Shidaalka & Gaaska ee Qaybta 1862 (Jigjiga Yar),"Fuel station and LPG domestic gas distribution depot in Jigjiga Yar residential & commercial grid, Hargeisa",9.57084,44.03481,Fuel Stations (Kaalmaha Shidaalka),fuel,Jigjiga Yar,False,Fuel,Kaalmaha Shidaalka
wda_istaanka_gaadiidka_dadweynaha_ee_1863,Istaanka Gaadiidka Dadweynaha ee Qaybta 1863 (Ahmed Dhagax),"Minibus terminal and designated passenger pick-and-drop stop in Ahmed Dhagax residential & commercial grid, Hargeisa",9.54641,44.04977,Transport & Terminals,transit_station,Ahmed Dhagax,False,Navigation,Istaannada & Gaadiidka
wda_isgoyska_weyn_ee_gaadiidka_ee_qa_1864,Isgoyska Weyn ee Gaadiidka ee Qaybta 1864 (150 Highway),"Major road intersection and inter-district transit artery in 150 Highway residential & commercial grid, Hargeisa",9.57147,44.05173,Transport & Terminals,transit_station,150 Highway,False,Navigation,Istaannada & Gaadiidka
wda_huteelka_nasashada_martida_ee_qa_1865,Huteelka Nasashada & Martida ee Qaybta 1865 (Shaab / Institutional District),"Comfortable guest lodging and family dining restaurant in Shaab / Institutional District residential & commercial grid, Hargeisa",9.55232,44.05782,Hotels & Hospitality,hotel,Shaab / Institutional District,False,Hotel,Huteellada & Martida
wda_laanta_zaad_dahabshiil_ee_qaybta_1866,Laanta ZAAD & Dahabshiil ee Qaybta 1866 (Maxamed Mooge),"Banking kiosk, e-remittance and ZAAD cash-in center in Maxamed Mooge residential & commercial grid, Hargeisa",9.5085,44.10172,Banks & Financial,bank,Maxamed Mooge,False,Landmark,Bangiyada & Xawaaladaha
wda_laanta_taaj_edahab_express_ee_qa_1867,Laanta TAAJ & Edahab Express ee Qaybta 1867 (New Hargeisa),"Financial services, money transfer and remittance desk in New Hargeisa residential & commercial grid, Hargeisa",9.54493,44.09475,Banks & Financial,bank,New Hargeisa,False,Landmark,Bangiyada & Xawaaladaha
wda_xafiiska_adeegga_somtel_telesom__1868,Xafiiska Adeegga Somtel & Telesom ee Qaybta 1868 (Daami),"Telecommunications branch, SIM registration and fiber service hub in Daami residential & commercial grid, Hargeisa",9.56736,44.08179,Corporate & Utilities,corporate,Daami,False,Building2,Shirkadaha & Isgaadhsiinta
wda_xarunta_korontada_sompower_ee_qa_1869,Xarunta Korontada Sompower ee Qaybta 1869 (Shiraaqle),"District electrical distribution and bill payment center in Shiraaqle residential & commercial grid, Hargeisa",9.55441,44.10177,Corporate & Utilities,utility,Shiraaqle,False,Zap,Korontada & Biyaha
wda_xafiiska_waaxda_dowladda_hoose_e_1870,Xafiiska Waaxda Dowladda Hoose ee Qaybta 1870 (Koodbuur),"Municipal sub-office and local civic administration center in Koodbuur residential & commercial grid, Hargeisa",9.56588,44.04278,Government & Civic,government,Koodbuur,False,Landmark,Hay'adaha Dowladda
wda_maqaayadda_cuntada_hiddaha_dhaqa_1871,Maqaayadda Cuntada Hiddaha & Dhaqanka ee Qaybta 1871 (Airport Zone / Masalaha),"Traditional Somali dishes and family restaurant in Airport Zone / Masalaha residential & commercial grid, Hargeisa",9.51006,44.08768,Restaurants & Cafes,restaurant,Airport Zone / Masalaha,False,Utensils,Maqaayadaha & Kafateeriyada
wda_kafateeriyada_qahwada_casriga_ah_1872,Kafateeriyada & Qahwada Casriga ah ee Qaybta 1872 (Kilalka / Sheikh Nuur East),"Modern coffee house and light dining lounge in Kilalka / Sheikh Nuur East residential & commercial grid, Hargeisa",9.56388,44.09528,Restaurants & Cafes,restaurant,Kilalka / Sheikh Nuur East,False,Utensils,Maqaayadaha & Kafateeriyada
wda_xarunta_ngo_yada_iyo_samafalka_e_1873,Xarunta NGO-yada iyo Samafalka ee Qaybta 1873 (Goljano District),"Non-governmental development agency & aid office in Goljano District residential & commercial grid, Hargeisa",9.55134,44.08181,NGOs & Humanitarian,ngo,Goljano District,False,Globe,Hay'adaha Samafalka (NGOs)
wda_jidka_iyo_wadada_weyn_ee_qaybta__1874,Jidka iyo Wadada Weyn ee Qaybta 1874 (Biyo Dhacay Area),"Major paved road corridor and arterial avenue in Biyo Dhacay Area residential & commercial grid, Hargeisa",9.54932,44.07482,Roads & Arterials,arterial_road,Biyo Dhacay Area,False,Navigation,Waddooyinka & Jidadka
wda_xaafada_deganaanshaha_ee_qaybta__1875,Xaafada Deganaanshaha ee Qaybta 1875 (Xero Awr / Hero Awr),"Quiet residential enclave and community living sector in Xero Awr / Hero Awr residential & commercial grid, Hargeisa",9.55904,44.04931,Xaafadaha (Districts),neighborhood,Xero Awr / Hero Awr,False,Home,Xaafadaha & Degmooyinka
wda_cusbitaalka_gurmadka_caafimaadka_1876,Cusbitaalka Gurmadka Caafimaadka ee Qaybta 1876 (Downtown Waheen),"Specialized neighborhood clinic & emergency health post in Downtown Waheen residential & commercial grid, Hargeisa",9.56613,44.07205,Hospitals & Healthcare,hospital,Downtown Waheen,False,HeartPulse,Cusbitaallada & Rugaha Caafimaadka
wda_rugta_daryeelka_hooyada_dhallaan_1877,Rugta Daryeelka Hooyada & Dhallaanka ee Qaybta 1877 (Jigjiga Yar),"Maternal and child care dispensary center in Jigjiga Yar residential & commercial grid, Hargeisa",9.58317,44.04006,Hospitals & Healthcare,hospital,Jigjiga Yar,False,HeartPulse,Cusbitaallada & Rugaha Caafimaadka
wda_farmasiga_shacabka_caafimaadka_e_1878,Farmasiga Shacabka & Caafimaadka ee Qaybta 1878 (Ahmed Dhagax),"24/7 community pharmacy and dispensary outpost in Ahmed Dhagax residential & commercial grid, Hargeisa",9.5612,44.05608,Hospitals & Healthcare,hospital,Ahmed Dhagax,False,HeartPulse,Cusbitaallada & Rugaha Caafimaadka
wda_dugsiga_hoose_dhexe_ee_waxbarash_1879,Dugsiga Hoose/Dhexe ee Waxbarashada Qaybta 1879 (150 Highway),"Public primary & intermediate school campus in 150 Highway residential & commercial grid, Hargeisa",9.58873,44.05909,Schools & Universities,school,150 Highway,False,GraduationCap,Dugsiyada & Waxbarashada
wda_akadeemiyada_casriga_ah_ee_qaybt_1880,Akadeemiyada Casriga ah ee Qaybta 1880 (Shaab / Institutional District),"Modern high school and STEM educational institute in Shaab / Institutional District residential & commercial grid, Hargeisa",9.56382,44.06273,Schools & Universities,school,Shaab / Institutional District,False,GraduationCap,Dugsiyada & Waxbarashada
wda_machadka_tababarka_xirfadaha_ee__1881,Machadka Tababarka Xirfadaha ee Qaybta 1881 (Maxamed Mooge),"Vocational and technical training college center in Maxamed Mooge residential & commercial grid, Hargeisa",9.52658,44.10942,Schools & Universities,university,Maxamed Mooge,False,GraduationCap,Jaamacadaha & Kuliyadaha
wda_masjidka_jaamaca_ee_qaybta_1882__1882,Masjidka Jaamaca ee Qaybta 1882 (New Hargeisa),"Congregational Friday mosque with community prayer hall in New Hargeisa residential & commercial grid, Hargeisa",9.56054,44.10141,Mosques (Masaajidda),place_of_worship,New Hargeisa,False,Moon,Masaajidda
wda_masjidka_al_imaan_ee_qaybta_1883_1883,Masjidka Al-Imaan ee Qaybta 1883 (Daami),"Neighborhood community mosque and Quranic learning hub in Daami residential & commercial grid, Hargeisa",9.58051,44.0874,Mosques (Masaajidda),place_of_worship,Daami,False,Moon,Masaajidda
wda_suuqa_khdaarta_iyo_ganacsiga_ee__1884,Suuqa Khdaarta iyo Ganacsiga ee Qaybta 1884 (Shiraaqle),"Neighborhood open-air fresh market and commercial trade zone in Shiraaqle residential & commercial grid, Hargeisa",9.5692,44.10808,Markets & Malls,mall,Shiraaqle,False,ShoppingBag,Suuqyada & Xarumaha Ganacsiga
wda_xarunta_ganacsiga_supermarket_ee_1885,Xarunta Ganacsiga & Supermarket ee Qaybta 1885 (Koodbuur),"Modern multi-store retail grocery and provisions shopping center in Koodbuur residential & commercial grid, Hargeisa",9.57985,44.04874,Markets & Malls,mall,Koodbuur,False,ShoppingBag,Suuqyada & Xarumaha Ganacsiga
wda_kaalinta_shidaalka_hass_national_1886,Kaalinta Shidaalka Hass / National ee Qaybta 1886 (Airport Zone / Masalaha),"Service petrol station, diesel dispenser and tire service in Airport Zone / Masalaha residential & commercial grid, Hargeisa",9.53061,44.09644,Fuel Stations (Kaalmaha Shidaalka),fuel,Airport Zone / Masalaha,False,Fuel,Kaalmaha Shidaalka
wda_kaalinta_shidaalka_gaaska_ee_qay_1887,Kaalinta Shidaalka & Gaaska ee Qaybta 1887 (Kilalka / Sheikh Nuur East),"Fuel station and LPG domestic gas distribution depot in Kilalka / Sheikh Nuur East residential & commercial grid, Hargeisa",9.57785,44.10124,Fuel Stations (Kaalmaha Shidaalka),fuel,Kilalka / Sheikh Nuur East,False,Fuel,Kaalmaha Shidaalka
wda_istaanka_gaadiidka_dadweynaha_ee_1888,Istaanka Gaadiidka Dadweynaha ee Qaybta 1888 (Goljano District),"Minibus terminal and designated passenger pick-and-drop stop in Goljano District residential & commercial grid, Hargeisa",9.56367,44.08706,Transport & Terminals,transit_station,Goljano District,False,Navigation,Istaannada & Gaadiidka
wda_isgoyska_weyn_ee_gaadiidka_ee_qa_1889,Isgoyska Weyn ee Gaadiidka ee Qaybta 1889 (Biyo Dhacay Area),"Major road intersection and inter-district transit artery in Biyo Dhacay Area residential & commercial grid, Hargeisa",9.56082,44.07973,Transport & Terminals,transit_station,Biyo Dhacay Area,False,Navigation,Istaannada & Gaadiidka
wda_huteelka_nasashada_martida_ee_qa_1890,Huteelka Nasashada & Martida ee Qaybta 1890 (Xero Awr / Hero Awr),"Comfortable guest lodging and family dining restaurant in Xero Awr / Hero Awr residential & commercial grid, Hargeisa",9.57137,44.05456,Hotels & Hospitality,hotel,Xero Awr / Hero Awr,False,Hotel,Huteellada & Martida
wda_laanta_zaad_dahabshiil_ee_qaybta_1891,Laanta ZAAD & Dahabshiil ee Qaybta 1891 (Downtown Waheen),"Banking kiosk, e-remittance and ZAAD cash-in center in Downtown Waheen residential & commercial grid, Hargeisa",9.56165,44.06217,Banks & Financial,bank,Downtown Waheen,False,Landmark,Bangiyada & Xawaaladaha
wda_laanta_taaj_edahab_express_ee_qa_1892,Laanta TAAJ & Edahab Express ee Qaybta 1892 (Jigjiga Yar),"Financial services, money transfer and remittance desk in Jigjiga Yar residential & commercial grid, Hargeisa",9.57756,44.02771,Banks & Financial,bank,Jigjiga Yar,False,Landmark,Bangiyada & Xawaaladaha
wda_xafiiska_adeegga_somtel_telesom__1893,Xafiiska Adeegga Somtel & Telesom ee Qaybta 1893 (Ahmed Dhagax),"Telecommunications branch, SIM registration and fiber service hub in Ahmed Dhagax residential & commercial grid, Hargeisa",9.55447,44.04125,Corporate & Utilities,corporate,Ahmed Dhagax,False,Building2,Shirkadaha & Isgaadhsiinta
wda_xarunta_korontada_sompower_ee_qa_1894,Xarunta Korontada Sompower ee Qaybta 1894 (150 Highway),"District electrical distribution and bill payment center in 150 Highway residential & commercial grid, Hargeisa",9.58089,44.04179,Corporate & Utilities,utility,150 Highway,False,Zap,Korontada & Biyaha
wda_xafiiska_waaxda_dowladda_hoose_e_1895,Xafiiska Waaxda Dowladda Hoose ee Qaybta 1895 (Shaab / Institutional District),"Municipal sub-office and local civic administration center in Shaab / Institutional District residential & commercial grid, Hargeisa",9.55859,44.05119,Government & Civic,government,Shaab / Institutional District,False,Landmark,Hay'adaha Dowladda
wda_maqaayadda_cuntada_hiddaha_dhaqa_1896,Maqaayadda Cuntada Hiddaha & Dhaqanka ee Qaybta 1896 (Maxamed Mooge),"Traditional Somali dishes and family restaurant in Maxamed Mooge residential & commercial grid, Hargeisa",9.51836,44.09131,Restaurants & Cafes,restaurant,Maxamed Mooge,False,Utensils,Maqaayadaha & Kafateeriyada
wda_kafateeriyada_qahwada_casriga_ah_1897,Kafateeriyada & Qahwada Casriga ah ee Qaybta 1897 (New Hargeisa),"Modern coffee house and light dining lounge in New Hargeisa residential & commercial grid, Hargeisa",9.55345,44.08576,Restaurants & Cafes,restaurant,New Hargeisa,False,Utensils,Maqaayadaha & Kafateeriyada
wda_xarunta_ngo_yada_iyo_samafalka_e_1898,Xarunta NGO-yada iyo Samafalka ee Qaybta 1898 (Daami),"Non-governmental development agency & aid office in Daami residential & commercial grid, Hargeisa",9.57453,44.07422,NGOs & Humanitarian,ngo,Daami,False,Globe,Hay'adaha Samafalka (NGOs)
wda_jidka_iyo_wadada_weyn_ee_qaybta__1899,Jidka iyo Wadada Weyn ee Qaybta 1899 (Shiraaqle),"Major paved road corridor and arterial avenue in Shiraaqle residential & commercial grid, Hargeisa",9.56247,44.09325,Roads & Arterials,arterial_road,Shiraaqle,False,Navigation,Waddooyinka & Jidadka
wda_xaafada_deganaanshaha_ee_qaybta__1900,Xaafada Deganaanshaha ee Qaybta 1900 (Koodbuur),"Quiet residential enclave and community living sector in Koodbuur residential & commercial grid, Hargeisa",9.5735,44.03473,Xaafadaha (Districts),neighborhood,Koodbuur,False,Home,Xaafadaha & Degmooyinka
wda_cusbitaalka_gurmadka_caafimaadka_1901,Cusbitaalka Gurmadka Caafimaadka ee Qaybta 1901 (Airport Zone / Masalaha),"Specialized neighborhood clinic & emergency health post in Airport Zone / Masalaha residential & commercial grid, Hargeisa",9.52127,44.07585,Hospitals & Healthcare,hospital,Airport Zone / Masalaha,False,HeartPulse,Cusbitaallada & Rugaha Caafimaadka
wda_rugta_daryeelka_hooyada_dhallaan_1902,Rugta Daryeelka Hooyada & Dhallaanka ee Qaybta 1902 (Kilalka / Sheikh Nuur East),"Maternal and child care dispensary center in Kilalka / Sheikh Nuur East residential & commercial grid, Hargeisa",9.5715,44.08723,Hospitals & Healthcare,hospital,Kilalka / Sheikh Nuur East,False,HeartPulse,Cusbitaallada & Rugaha Caafimaadka
wda_farmasiga_shacabka_caafimaadka_e_1903,Farmasiga Shacabka & Caafimaadka ee Qaybta 1903 (Goljano District),"24/7 community pharmacy and dispensary outpost in Goljano District residential & commercial grid, Hargeisa",9.55806,44.07471,Hospitals & Healthcare,hospital,Goljano District,False,HeartPulse,Cusbitaallada & Rugaha Caafimaadka
wda_dugsiga_hoose_dhexe_ee_waxbarash_1904,Dugsiga Hoose/Dhexe ee Waxbarashada Qaybta 1904 (Biyo Dhacay Area),"Public primary & intermediate school campus in Biyo Dhacay Area residential & commercial grid, Hargeisa",9.55559,44.06819,Schools & Universities,school,Biyo Dhacay Area,False,GraduationCap,Dugsiyada & Waxbarashada
wda_akadeemiyada_casriga_ah_ee_qaybt_1905,Akadeemiyada Casriga ah ee Qaybta 1905 (Xero Awr / Hero Awr),"Modern high school and STEM educational institute in Xero Awr / Hero Awr residential & commercial grid, Hargeisa",9.56576,44.04221,Schools & Universities,school,Xero Awr / Hero Awr,False,GraduationCap,Dugsiyada & Waxbarashada
wda_machadka_tababarka_xirfadaha_ee__1906,Machadka Tababarka Xirfadaha ee Qaybta 1906 (Downtown Waheen),"Vocational and technical training college center in Downtown Waheen residential & commercial grid, Hargeisa",9.55836,44.07255,Schools & Universities,university,Downtown Waheen,False,GraduationCap,Jaamacadaha & Kuliyadaha
wda_masjidka_jaamaca_ee_qaybta_1907__1907,Masjidka Jaamaca ee Qaybta 1907 (Jigjiga Yar),"Congregational Friday mosque with community prayer hall in Jigjiga Yar residential & commercial grid, Hargeisa",9.57345,44.04069,Mosques (Masaajidda),place_of_worship,Jigjiga Yar,False,Moon,Masaajidda
wda_masjidka_al_imaan_ee_qaybta_1908_1908,Masjidka Al-Imaan ee Qaybta 1908 (Ahmed Dhagax),"Neighborhood community mosque and Quranic learning hub in Ahmed Dhagax residential & commercial grid, Hargeisa",9.54954,44.05683,Mosques (Masaajidda),place_of_worship,Ahmed Dhagax,False,Moon,Masaajidda
wda_suuqa_khdaarta_iyo_ganacsiga_ee__1909,Suuqa Khdaarta iyo Ganacsiga ee Qaybta 1909 (150 Highway),"Neighborhood open-air fresh market and commercial trade zone in 150 Highway residential & commercial grid, Hargeisa",9.57513,44.05997,Markets & Malls,mall,150 Highway,False,ShoppingBag,Suuqyada & Xarumaha Ganacsiga
wda_xarunta_ganacsiga_supermarket_ee_1910,Xarunta Ganacsiga & Supermarket ee Qaybta 1910 (Shaab / Institutional District),"Modern multi-store retail grocery and provisions shopping center in Shaab / Institutional District residential & commercial grid, Hargeisa",9.55476,44.06331,Markets & Malls,mall,Shaab / Institutional District,False,ShoppingBag,Suuqyada & Xarumaha Ganacsiga
wda_kaalinta_shidaalka_hass_national_1911,Kaalinta Shidaalka Hass / National ee Qaybta 1911 (Maxamed Mooge),"Service petrol station, diesel dispenser and tire service in Maxamed Mooge residential & commercial grid, Hargeisa",9.51233,44.11035,Fuel Stations (Kaalmaha Shidaalka),fuel,Maxamed Mooge,False,Fuel,Kaalmaha Shidaalka
wda_kaalinta_shidaalka_gaaska_ee_qay_1912,Kaalinta Shidaalka & Gaaska ee Qaybta 1912 (New Hargeisa),"Fuel station and LPG domestic gas distribution depot in New Hargeisa residential & commercial grid, Hargeisa",9.54824,44.10221,Fuel Stations (Kaalmaha Shidaalka),fuel,New Hargeisa,False,Fuel,Kaalmaha Shidaalka
wda_istaanka_gaadiidka_dadweynaha_ee_1913,Istaanka Gaadiidka Dadweynaha ee Qaybta 1913 (Daami),"Minibus terminal and designated passenger pick-and-drop stop in Daami residential & commercial grid, Hargeisa",9.57015,44.08807,Transport & Terminals,transit_station,Daami,False,Navigation,Istaannada & Gaadiidka
wda_isgoyska_weyn_ee_gaadiidka_ee_qa_1914,Isgoyska Weyn ee Gaadiidka ee Qaybta 1914 (Shiraaqle),"Major road intersection and inter-district transit artery in Shiraaqle residential & commercial grid, Hargeisa",9.55754,44.10883,Transport & Terminals,transit_station,Shiraaqle,False,Navigation,Istaannada & Gaadiidka
wda_huteelka_nasashada_martida_ee_qa_1915,Huteelka Nasashada & Martida ee Qaybta 1915 (Koodbuur),"Comfortable guest lodging and family dining restaurant in Koodbuur residential & commercial grid, Hargeisa",9.56885,44.04945,Hotels & Hospitality,hotel,Koodbuur,False,Hotel,Huteellada & Martida
wda_laanta_zaad_dahabshiil_ee_qaybta_1916,Laanta ZAAD & Dahabshiil ee Qaybta 1916 (Airport Zone / Masalaha),"Banking kiosk, e-remittance and ZAAD cash-in center in Airport Zone / Masalaha residential & commercial grid, Hargeisa",9.51442,44.09749,Banks & Financial,bank,Airport Zone / Masalaha,False,Landmark,Bangiyada & Xawaaladaha
wda_laanta_taaj_edahab_express_ee_qa_1917,Laanta TAAJ & Edahab Express ee Qaybta 1917 (Kilalka / Sheikh Nuur East),"Financial services, money transfer and remittance desk in Kilalka / Sheikh Nuur East residential & commercial grid, Hargeisa",9.56685,44.10195,Banks & Financial,bank,Kilalka / Sheikh Nuur East,False,Landmark,Bangiyada & Xawaaladaha
wda_xafiiska_adeegga_somtel_telesom__1918,Xafiiska Adeegga Somtel & Telesom ee Qaybta 1918 (Goljano District),"Telecommunications branch, SIM registration and fiber service hub in Goljano District residential & commercial grid, Hargeisa",9.55395,44.08769,Corporate & Utilities,corporate,Goljano District,False,Building2,Shirkadaha & Isgaadhsiinta
wda_xarunta_korontada_sompower_ee_qa_1919,Xarunta Korontada Sompower ee Qaybta 1919 (Biyo Dhacay Area),"District electrical distribution and bill payment center in Biyo Dhacay Area residential & commercial grid, Hargeisa",9.55176,44.08031,Corporate & Utilities,utility,Biyo Dhacay Area,False,Zap,Korontada & Biyaha
wda_xafiiska_waaxda_dowladda_hoose_e_1920,Xafiiska Waaxda Dowladda Hoose ee Qaybta 1920 (Xero Awr / Hero Awr),"Municipal sub-office and local civic administration center in Xero Awr / Hero Awr residential & commercial grid, Hargeisa",9.56165,44.05519,Government & Civic,government,Xero Awr / Hero Awr,False,Landmark,Hay'adaha Dowladda
wda_maqaayadda_cuntada_hiddaha_dhaqa_1921,Maqaayadda Cuntada Hiddaha & Dhaqanka ee Qaybta 1921 (Downtown Waheen),"Traditional Somali dishes and family restaurant in Downtown Waheen residential & commercial grid, Hargeisa",9.56773,44.06713,Restaurants & Cafes,restaurant,Downtown Waheen,False,Utensils,Maqaayadaha & Kafateeriyada
wda_kafateeriyada_qahwada_casriga_ah_1922,Kafateeriyada & Qahwada Casriga ah ee Qaybta 1922 (Jigjiga Yar),"Modern coffee house and light dining lounge in Jigjiga Yar residential & commercial grid, Hargeisa",9.58517,44.03391,Restaurants & Cafes,restaurant,Jigjiga Yar,False,Utensils,Maqaayadaha & Kafateeriyada
wda_xarunta_ngo_yada_iyo_samafalka_e_1923,Xarunta NGO-yada iyo Samafalka ee Qaybta 1923 (Ahmed Dhagax),"Non-governmental development agency & aid office in Ahmed Dhagax residential & commercial grid, Hargeisa",9.5636,44.0487,NGOs & Humanitarian,ngo,Ahmed Dhagax,False,Globe,Hay'adaha Samafalka (NGOs)
wda_jidka_iyo_wadada_weyn_ee_qaybta__1924,Jidka iyo Wadada Weyn ee Qaybta 1924 (150 Highway),"Major paved road corridor and arterial avenue in 150 Highway residential & commercial grid, Hargeisa",9.59153,44.05048,Roads & Arterials,arterial_road,150 Highway,False,Navigation,Waddooyinka & Jidadka
wda_xaafada_deganaanshaha_ee_qaybta__1925,Xaafada Deganaanshaha ee Qaybta 1925 (Shaab / Institutional District),"Quiet residential enclave and community living sector in Shaab / Institutional District residential & commercial grid, Hargeisa",9.56569,44.05699,Xaafadaha (Districts),neighborhood,Shaab / Institutional District,False,Home,Xaafadaha & Degmooyinka
wda_cusbitaalka_gurmadka_caafimaadka_1926,Cusbitaalka Gurmadka Caafimaadka ee Qaybta 1926 (Maxamed Mooge),"Specialized neighborhood clinic & emergency health post in Maxamed Mooge residential & commercial grid, Hargeisa",9.52951,44.10041,Hospitals & Healthcare,hospital,Maxamed Mooge,False,HeartPulse,Cusbitaallada & Rugaha Caafimaadka
wda_rugta_daryeelka_hooyada_dhallaan_1927,Rugta Daryeelka Hooyada & Dhallaanka ee Qaybta 1927 (New Hargeisa),"Maternal and child care dispensary center in New Hargeisa residential & commercial grid, Hargeisa",9.56308,44.09362,Hospitals & Healthcare,hospital,New Hargeisa,False,HeartPulse,Cusbitaallada & Rugaha Caafimaadka
wda_farmasiga_shacabka_caafimaadka_e_1928,Farmasiga Shacabka & Caafimaadka ee Qaybta 1928 (Daami),"24/7 community pharmacy and dispensary outpost in Daami residential & commercial grid, Hargeisa",9.58264,44.08084,Hospitals & Healthcare,hospital,Daami,False,HeartPulse,Cusbitaallada & Rugaha Caafimaadka
wda_dugsiga_hoose_dhexe_ee_waxbarash_1929,Dugsiga Hoose/Dhexe ee Waxbarashada Qaybta 1929 (Shiraaqle),"Public primary & intermediate school campus in Shiraaqle residential & commercial grid, Hargeisa",9.5716,44.1007,Schools & Universities,school,Shiraaqle,False,GraduationCap,Dugsiyada & Waxbarashada
wda_akadeemiyada_casriga_ah_ee_qaybt_1930,Akadeemiyada Casriga ah ee Qaybta 1930 (Koodbuur),"Modern high school and STEM educational institute in Koodbuur residential & commercial grid, Hargeisa",9.58212,44.04177,Schools & Universities,school,Koodbuur,False,GraduationCap,Dugsiyada & Waxbarashada
wda_machadka_tababarka_xirfadaha_ee__1931,Machadka Tababarka Xirfadaha ee Qaybta 1931 (Airport Zone / Masalaha),"Vocational and technical training college center in Airport Zone / Masalaha residential & commercial grid, Hargeisa",9.53394,44.08619,Schools & Universities,university,Airport Zone / Masalaha,False,GraduationCap,Jaamacadaha & Kuliyadaha
wda_masjidka_jaamaca_ee_qaybta_1932__1932,Masjidka Jaamaca ee Qaybta 1932 (Kilalka / Sheikh Nuur East),"Congregational Friday mosque with community prayer hall in Kilalka / Sheikh Nuur East residential & commercial grid, Hargeisa",9.58012,44.09427,Mosques (Masaajidda),place_of_worship,Kilalka / Sheikh Nuur East,False,Moon,Masaajidda
wda_masjidka_al_imaan_ee_qaybta_1933_1933,Masjidka Al-Imaan ee Qaybta 1933 (Goljano District),"Neighborhood community mosque and Quranic learning hub in Goljano District residential & commercial grid, Hargeisa",9.56567,44.08091,Mosques (Masaajidda),place_of_worship,Goljano District,False,Moon,Masaajidda
wda_suuqa_khdaarta_iyo_ganacsiga_ee__1934,Suuqa Khdaarta iyo Ganacsiga ee Qaybta 1934 (Biyo Dhacay Area),"Neighborhood open-air fresh market and commercial trade zone in Biyo Dhacay Area residential & commercial grid, Hargeisa",9.56269,44.07399,Markets & Malls,mall,Biyo Dhacay Area,False,ShoppingBag,Suuqyada & Xarumaha Ganacsiga
wda_xarunta_ganacsiga_supermarket_ee_1935,Xarunta Ganacsiga & Supermarket ee Qaybta 1935 (Xero Awr / Hero Awr),"Modern multi-store retail grocery and provisions shopping center in Xero Awr / Hero Awr residential & commercial grid, Hargeisa",9.57337,44.04841,Markets & Malls,mall,Xero Awr / Hero Awr,False,ShoppingBag,Suuqyada & Xarumaha Ganacsiga
wda_kaalinta_shidaalka_hass_national_1936,Kaalinta Shidaalka Hass / National ee Qaybta 1936 (Downtown Waheen),"Service petrol station, diesel dispenser and tire service in Downtown Waheen residential & commercial grid, Hargeisa",9.55718,44.0647,Fuel Stations (Kaalmaha Shidaalka),fuel,Downtown Waheen,False,Fuel,Kaalmaha Shidaalka
wda_kaalinta_shidaalka_gaaska_ee_qay_1937,Kaalinta Shidaalka & Gaaska ee Qaybta 1937 (Jigjiga Yar),"Fuel station and LPG domestic gas distribution depot in Jigjiga Yar residential & commercial grid, Hargeisa",9.57198,44.03088,Fuel Stations (Kaalmaha Shidaalka),fuel,Jigjiga Yar,False,Fuel,Kaalmaha Shidaalka
wda_istaanka_gaadiidka_dadweynaha_ee_1938,Istaanka Gaadiidka Dadweynaha ee Qaybta 1938 (Ahmed Dhagax),"Minibus terminal and designated passenger pick-and-drop stop in Ahmed Dhagax residential & commercial grid, Hargeisa",9.54777,44.04506,Transport & Terminals,transit_station,Ahmed Dhagax,False,Navigation,Istaannada & Gaadiidka
wda_isgoyska_weyn_ee_gaadiidka_ee_qa_1939,Isgoyska Weyn ee Gaadiidka ee Qaybta 1939 (150 Highway),"Major road intersection and inter-district transit artery in 150 Highway residential & commercial grid, Hargeisa",9.57307,44.04623,Transport & Terminals,transit_station,150 Highway,False,Navigation,Istaannada & Gaadiidka
wda_huteelka_nasashada_martida_ee_qa_1940,Huteelka Nasashada & Martida ee Qaybta 1940 (Shaab / Institutional District),"Comfortable guest lodging and family dining restaurant in Shaab / Institutional District residential & commercial grid, Hargeisa",9.55338,44.05416,Hotels & Hospitality,hotel,Shaab / Institutional District,False,Hotel,Huteellada & Martida
wda_laanta_zaad_dahabshiil_ee_qaybta_1941,Laanta ZAAD & Dahabshiil ee Qaybta 1941 (Maxamed Mooge),"Banking kiosk, e-remittance and ZAAD cash-in center in Maxamed Mooge residential & commercial grid, Hargeisa",9.51016,44.09596,Banks & Financial,bank,Maxamed Mooge,False,Landmark,Bangiyada & Xawaaladaha
wda_laanta_taaj_edahab_express_ee_qa_1942,Laanta TAAJ & Edahab Express ee Qaybta 1942 (New Hargeisa),"Financial services, money transfer and remittance desk in New Hargeisa residential & commercial grid, Hargeisa",9.54637,44.08978,Banks & Financial,bank,New Hargeisa,False,Landmark,Bangiyada & Xawaaladaha
wda_xafiiska_adeegga_somtel_telesom__1943,Xafiiska Adeegga Somtel & Telesom ee Qaybta 1943 (Daami),"Telecommunications branch, SIM registration and fiber service hub in Daami residential & commercial grid, Hargeisa",9.56857,44.07761,Corporate & Utilities,corporate,Daami,False,Building2,Shirkadaha & Isgaadhsiinta
wda_xarunta_korontada_sompower_ee_qa_1944,Xarunta Korontada Sompower ee Qaybta 1944 (Shiraaqle),"District electrical distribution and bill payment center in Shiraaqle residential & commercial grid, Hargeisa",9.55577,44.09706,Corporate & Utilities,utility,Shiraaqle,False,Zap,Korontada & Biyaha
wda_xafiiska_waaxda_dowladda_hoose_e_1945,Xafiiska Waaxda Dowladda Hoose ee Qaybta 1945 (Koodbuur),"Municipal sub-office and local civic administration center in Koodbuur residential & commercial grid, Hargeisa",9.56717,44.03833,Government & Civic,government,Koodbuur,False,Landmark,Hay'adaha Dowladda
wda_maqaayadda_cuntada_hiddaha_dhaqa_1946,Maqaayadda Cuntada Hiddaha & Dhaqanka ee Qaybta 1946 (Airport Zone / Masalaha),"Traditional Somali dishes and family restaurant in Airport Zone / Masalaha residential & commercial grid, Hargeisa",9.51196,44.08114,Restaurants & Cafes,restaurant,Airport Zone / Masalaha,False,Utensils,Maqaayadaha & Kafateeriyada
wda_kafateeriyada_qahwada_casriga_ah_1947,Kafateeriyada & Qahwada Casriga ah ee Qaybta 1947 (Kilalka / Sheikh Nuur East),"Modern coffee house and light dining lounge in Kilalka / Sheikh Nuur East residential & commercial grid, Hargeisa",9.56517,44.09083,Restaurants & Cafes,restaurant,Kilalka / Sheikh Nuur East,False,Utensils,Maqaayadaha & Kafateeriyada
wda_xarunta_ngo_yada_iyo_samafalka_e_1948,Xarunta NGO-yada iyo Samafalka ee Qaybta 1948 (Goljano District),"Non-governmental development agency & aid office in Goljano District residential & commercial grid, Hargeisa",9.55248,44.07788,NGOs & Humanitarian,ngo,Goljano District,False,Globe,Hay'adaha Samafalka (NGOs)
wda_jidka_iyo_wadada_weyn_ee_qaybta__1949,Jidka iyo Wadada Weyn ee Qaybta 1949 (Biyo Dhacay Area),"Major paved road corridor and arterial avenue in Biyo Dhacay Area residential & commercial grid, Hargeisa",9.55038,44.07116,Roads & Arterials,arterial_road,Biyo Dhacay Area,False,Navigation,Waddooyinka & Jidadka
wda_xaafada_deganaanshaha_ee_qaybta__1950,Xaafada Deganaanshaha ee Qaybta 1950 (Xero Awr / Hero Awr),"Quiet residential enclave and community living sector in Xero Awr / Hero Awr residential & commercial grid, Hargeisa",9.56018,44.04538,Xaafadaha (Districts),neighborhood,Xero Awr / Hero Awr,False,Home,Xaafadaha & Degmooyinka
wda_cusbitaalka_gurmadka_caafimaadka_1951,Cusbitaalka Gurmadka Caafimaadka ee Qaybta 1951 (Downtown Waheen),"Specialized neighborhood clinic & emergency health post in Downtown Waheen residential & commercial grid, Hargeisa",9.56336,44.07375,Hospitals & Healthcare,hospital,Downtown Waheen,False,HeartPulse,Cusbitaallada & Rugaha Caafimaadka
wda_rugta_daryeelka_hooyada_dhallaan_1952,Rugta Daryeelka Hooyada & Dhallaanka ee Qaybta 1952 (Jigjiga Yar),"Maternal and child care dispensary center in Jigjiga Yar residential & commercial grid, Hargeisa",9.5797,44.04218,Hospitals & Healthcare,hospital,Jigjiga Yar,False,HeartPulse,Cusbitaallada & Rugaha Caafimaadka
wda_farmasiga_shacabka_caafimaadka_e_1953,Farmasiga Shacabka & Caafimaadka ee Qaybta 1953 (Ahmed Dhagax),"24/7 community pharmacy and dispensary outpost in Ahmed Dhagax residential & commercial grid, Hargeisa",9.55704,44.05862,Hospitals & Healthcare,hospital,Ahmed Dhagax,False,HeartPulse,Cusbitaallada & Rugaha Caafimaadka
wda_dugsiga_hoose_dhexe_ee_waxbarash_1954,Dugsiga Hoose/Dhexe ee Waxbarashada Qaybta 1954 (150 Highway),"Public primary & intermediate school campus in 150 Highway residential & commercial grid, Hargeisa",9.58388,44.06206,Schools & Universities,school,150 Highway,False,GraduationCap,Dugsiyada & Waxbarashada
wda_akadeemiyada_casriga_ah_ee_qaybt_1955,Akadeemiyada Casriga ah ee Qaybta 1955 (Shaab / Institutional District),"Modern high school and STEM educational institute in Shaab / Institutional District residential & commercial grid, Hargeisa",9.56059,44.0647,Schools & Universities,school,Shaab / Institutional District,False,GraduationCap,Dugsiyada & Waxbarashada
wda_machadka_tababarka_xirfadaha_ee__1956,Machadka Tababarka Xirfadaha ee Qaybta 1956 (Maxamed Mooge),"Vocational and technical training college center in Maxamed Mooge residential & commercial grid, Hargeisa",9.5215,44.11253,Schools & Universities,university,Maxamed Mooge,False,GraduationCap,Jaamacadaha & Kuliyadaha
wda_masjidka_jaamaca_ee_qaybta_1957__1957,Masjidka Jaamaca ee Qaybta 1957 (New Hargeisa),"Congregational Friday mosque with community prayer hall in New Hargeisa residential & commercial grid, Hargeisa",9.55616,44.1041,Mosques (Masaajidda),place_of_worship,New Hargeisa,False,Moon,Masaajidda
wda_masjidka_al_imaan_ee_qaybta_1958_1958,Masjidka Al-Imaan ee Qaybta 1958 (Daami),"Neighborhood community mosque and Quranic learning hub in Daami residential & commercial grid, Hargeisa",9.57682,44.08966,Mosques (Masaajidda),place_of_worship,Daami,False,Moon,Masaajidda
wda_suuqa_khdaarta_iyo_ganacsiga_ee__1959,Suuqa Khdaarta iyo Ganacsiga ee Qaybta 1959 (Shiraaqle),"Neighborhood open-air fresh market and commercial trade zone in Shiraaqle residential & commercial grid, Hargeisa",9.56504,44.11062,Markets & Malls,mall,Shiraaqle,False,ShoppingBag,Suuqyada & Xarumaha Ganacsiga
wda_xarunta_ganacsiga_supermarket_ee_1960,Xarunta Ganacsiga & Supermarket ee Qaybta 1960 (Koodbuur),"Modern multi-store retail grocery and provisions shopping center in Koodbuur residential & commercial grid, Hargeisa",9.57593,44.05114,Markets & Malls,mall,Koodbuur,False,ShoppingBag,Suuqyada & Xarumaha Ganacsiga
wda_kaalinta_shidaalka_hass_national_1961,Kaalinta Shidaalka Hass / National ee Qaybta 1961 (Airport Zone / Masalaha),"Service petrol station, diesel dispenser and tire service in Airport Zone / Masalaha residential & commercial grid, Hargeisa",9.52484,44.09997,Fuel Stations (Kaalmaha Shidaalka),fuel,Airport Zone / Masalaha,False,Fuel,Kaalmaha Shidaalka
wda_kaalinta_shidaalka_gaaska_ee_qay_1962,Kaalinta Shidaalka & Gaaska ee Qaybta 1962 (Kilalka / Sheikh Nuur East),"Fuel station and LPG domestic gas distribution depot in Kilalka / Sheikh Nuur East residential & commercial grid, Hargeisa",9.57393,44.10364,Fuel Stations (Kaalmaha Shidaalka),fuel,Kilalka / Sheikh Nuur East,False,Fuel,Kaalmaha Shidaalka
wda_istaanka_gaadiidka_dadweynaha_ee_1963,Istaanka Gaadiidka Dadweynaha ee Qaybta 1963 (Goljano District),"Minibus terminal and designated passenger pick-and-drop stop in Goljano District residential & commercial grid, Hargeisa",9.5602,44.08918,Transport & Terminals,transit_station,Goljano District,False,Navigation,Istaannada & Gaadiidka
wda_isgoyska_weyn_ee_gaadiidka_ee_qa_1964,Isgoyska Weyn ee Gaadiidka ee Qaybta 1964 (Biyo Dhacay Area),"Major road intersection and inter-district transit artery in Biyo Dhacay Area residential & commercial grid, Hargeisa",9.55759,44.0817,Transport & Terminals,transit_station,Biyo Dhacay Area,False,Navigation,Istaannada & Gaadiidka
wda_huteelka_nasashada_martida_ee_qa_1965,Huteelka Nasashada & Martida ee Qaybta 1965 (Xero Awr / Hero Awr),"Comfortable guest lodging and family dining restaurant in Xero Awr / Hero Awr residential & commercial grid, Hargeisa",9.5679,44.05668,Hotels & Hospitality,hotel,Xero Awr / Hero Awr,False,Hotel,Huteellada & Martida
wda_laanta_zaad_dahabshiil_ee_qaybta_1966,Laanta ZAAD & Dahabshiil ee Qaybta 1966 (Downtown Waheen),"Banking kiosk, e-remittance and ZAAD cash-in center in Downtown Waheen residential & commercial grid, Hargeisa",9.56483,44.06281,Banks & Financial,bank,Downtown Waheen,False,Landmark,Bangiyada & Xawaaladaha
wda_laanta_taaj_edahab_express_ee_qa_1967,Laanta TAAJ & Edahab Express ee Qaybta 1967 (Jigjiga Yar),"Financial services, money transfer and remittance desk in Jigjiga Yar residential & commercial grid, Hargeisa",9.58154,44.02852,Banks & Financial,bank,Jigjiga Yar,False,Landmark,Bangiyada & Xawaaladaha
wda_xafiiska_adeegga_somtel_telesom__1968,Xafiiska Adeegga Somtel & Telesom ee Qaybta 1968 (Ahmed Dhagax),"Telecommunications branch, SIM registration and fiber service hub in Ahmed Dhagax residential & commercial grid, Hargeisa",9.55925,44.04222,Corporate & Utilities,corporate,Ahmed Dhagax,False,Building2,Shirkadaha & Isgaadhsiinta
wda_xarunta_korontada_sompower_ee_qa_1969,Xarunta Korontada Sompower ee Qaybta 1969 (150 Highway),"District electrical distribution and bill payment center in 150 Highway residential & commercial grid, Hargeisa",9.58645,44.04293,Corporate & Utilities,utility,150 Highway,False,Zap,Korontada & Biyaha
wda_xafiiska_waaxda_dowladda_hoose_e_1970,Xafiiska Waaxda Dowladda Hoose ee Qaybta 1970 (Shaab / Institutional District),"Municipal sub-office and local civic administration center in Shaab / Institutional District residential & commercial grid, Hargeisa",9.5623,44.05195,Government & Civic,government,Shaab / Institutional District,False,Landmark,Hay'adaha Dowladda
wda_maqaayadda_cuntada_hiddaha_dhaqa_1971,Maqaayadda Cuntada Hiddaha & Dhaqanka ee Qaybta 1971 (Maxamed Mooge),"Traditional Somali dishes and family restaurant in Maxamed Mooge residential & commercial grid, Hargeisa",9.52419,44.0925,Restaurants & Cafes,restaurant,Maxamed Mooge,False,Utensils,Maqaayadaha & Kafateeriyada
wda_kafateeriyada_qahwada_casriga_ah_1972,Kafateeriyada & Qahwada Casriga ah ee Qaybta 1972 (New Hargeisa),"Modern coffee house and light dining lounge in New Hargeisa residential & commercial grid, Hargeisa",9.55848,44.08679,Restaurants & Cafes,restaurant,New Hargeisa,False,Utensils,Maqaayadaha & Kafateeriyada
wda_xarunta_ngo_yada_iyo_samafalka_e_1973,Xarunta NGO-yada iyo Samafalka ee Qaybta 1973 (Daami),"Non-governmental development agency & aid office in Daami residential & commercial grid, Hargeisa",9.57878,44.07509,NGOs & Humanitarian,ngo,Daami,False,Globe,Hay'adaha Samafalka (NGOs)
wda_jidka_iyo_wadada_weyn_ee_qaybta__1974,Jidka iyo Wadada Weyn ee Qaybta 1974 (Shiraaqle),"Major paved road corridor and arterial avenue in Shiraaqle residential & commercial grid, Hargeisa",9.56725,44.09422,Roads & Arterials,arterial_road,Shiraaqle,False,Navigation,Waddooyinka & Jidadka
wda_xaafada_deganaanshaha_ee_qaybta__1975,Xaafada Deganaanshaha ee Qaybta 1975 (Koodbuur),"Quiet residential enclave and community living sector in Koodbuur residential & commercial grid, Hargeisa",9.57801,44.03565,Xaafadaha (Districts),neighborhood,Koodbuur,False,Home,Xaafadaha & Degmooyinka
wda_cusbitaalka_gurmadka_caafimaadka_1976,Cusbitaalka Gurmadka Caafimaadka ee Qaybta 1976 (Airport Zone / Masalaha),"Specialized neighborhood clinic & emergency health post in Airport Zone / Masalaha residential & commercial grid, Hargeisa",9.5279,44.0772,Hospitals & Healthcare,hospital,Airport Zone / Masalaha,False,HeartPulse,Cusbitaallada & Rugaha Caafimaadka
wda_rugta_daryeelka_hooyada_dhallaan_1977,Rugta Daryeelka Hooyada & Dhallaanka ee Qaybta 1977 (Kilalka / Sheikh Nuur East),"Maternal and child care dispensary center in Kilalka / Sheikh Nuur East residential & commercial grid, Hargeisa",9.57601,44.08815,Hospitals & Healthcare,hospital,Kilalka / Sheikh Nuur East,False,HeartPulse,Cusbitaallada & Rugaha Caafimaadka
wda_farmasiga_shacabka_caafimaadka_e_1978,Farmasiga Shacabka & Caafimaadka ee Qaybta 1978 (Goljano District),"24/7 community pharmacy and dispensary outpost in Goljano District residential & commercial grid, Hargeisa",9.56204,44.07552,Hospitals & Healthcare,hospital,Goljano District,False,HeartPulse,Cusbitaallada & Rugaha Caafimaadka
wda_dugsiga_hoose_dhexe_ee_waxbarash_1979,Dugsiga Hoose/Dhexe ee Waxbarashada Qaybta 1979 (Biyo Dhacay Area),"Public primary & intermediate school campus in Biyo Dhacay Area residential & commercial grid, Hargeisa",9.5593,44.06895,Schools & Universities,school,Biyo Dhacay Area,False,GraduationCap,Dugsiyada & Waxbarashada
wda_akadeemiyada_casriga_ah_ee_qaybt_1980,Akadeemiyada Casriga ah ee Qaybta 1980 (Xero Awr / Hero Awr),"Modern high school and STEM educational institute in Xero Awr / Hero Awr residential & commercial grid, Hargeisa",9.56974,44.04302,Schools & Universities,school,Xero Awr / Hero Awr,False,GraduationCap,Dugsiyada & Waxbarashada
wda_machadka_tababarka_xirfadaha_ee__1981,Machadka Tababarka Xirfadaha ee Qaybta 1981 (Downtown Waheen),"Vocational and technical training college center in Downtown Waheen residential & commercial grid, Hargeisa",9.55644,44.06989,Schools & Universities,university,Downtown Waheen,False,GraduationCap,Jaamacadaha & Kuliyadaha
wda_masjidka_jaamaca_ee_qaybta_1982__1982,Masjidka Jaamaca ee Qaybta 1982 (Jigjiga Yar),"Congregational Friday mosque with community prayer hall in Jigjiga Yar residential & commercial grid, Hargeisa",9.57105,44.03736,Mosques (Masaajidda),place_of_worship,Jigjiga Yar,False,Moon,Masaajidda
wda_masjidka_al_imaan_ee_qaybta_1983_1983,Masjidka Al-Imaan ee Qaybta 1983 (Ahmed Dhagax),"Neighborhood community mosque and Quranic learning hub in Ahmed Dhagax residential & commercial grid, Hargeisa",9.54666,44.05283,Mosques (Masaajidda),place_of_worship,Ahmed Dhagax,False,Moon,Masaajidda
wda_suuqa_khdaarta_iyo_ganacsiga_ee__1984,Suuqa Khdaarta iyo Ganacsiga ee Qaybta 1984 (150 Highway),"Neighborhood open-air fresh market and commercial trade zone in 150 Highway residential & commercial grid, Hargeisa",9.57178,44.05531,Markets & Malls,mall,150 Highway,False,ShoppingBag,Suuqyada & Xarumaha Ganacsiga
wda_xarunta_ganacsiga_supermarket_ee_1985,Xarunta Ganacsiga & Supermarket ee Qaybta 1985 (Shaab / Institutional District),"Modern multi-store retail grocery and provisions shopping center in Shaab / Institutional District residential & commercial grid, Hargeisa",9.55252,44.0602,Markets & Malls,mall,Shaab / Institutional District,False,ShoppingBag,Suuqyada & Xarumaha Ganacsiga
wda_kaalinta_shidaalka_hass_national_1986,Kaalinta Shidaalka Hass / National ee Qaybta 1986 (Maxamed Mooge),"Service petrol station, diesel dispenser and tire service in Maxamed Mooge residential & commercial grid, Hargeisa",9.50881,44.10546,Fuel Stations (Kaalmaha Shidaalka),fuel,Maxamed Mooge,False,Fuel,Kaalmaha Shidaalka
wda_kaalinta_shidaalka_gaaska_ee_qay_1987,Kaalinta Shidaalka & Gaaska ee Qaybta 1987 (New Hargeisa),"Fuel station and LPG domestic gas distribution depot in New Hargeisa residential & commercial grid, Hargeisa",9.5452,44.09799,Fuel Stations (Kaalmaha Shidaalka),fuel,New Hargeisa,False,Fuel,Kaalmaha Shidaalka
wda_istaanka_gaadiidka_dadweynaha_ee_1988,Istaanka Gaadiidka Dadweynaha ee Qaybta 1988 (Daami),"Minibus terminal and designated passenger pick-and-drop stop in Daami residential & commercial grid, Hargeisa",9.56759,44.08452,Transport & Terminals,transit_station,Daami,False,Navigation,Istaannada & Gaadiidka
wda_isgoyska_weyn_ee_gaadiidka_ee_qa_1989,Isgoyska Weyn ee Gaadiidka ee Qaybta 1989 (Shiraaqle),"Major road intersection and inter-district transit artery in Shiraaqle residential & commercial grid, Hargeisa",9.55466,44.10483,Transport & Terminals,transit_station,Shiraaqle,False,Navigation,Istaannada & Gaadiidka
wda_huteelka_nasashada_martida_ee_qa_1990,Huteelka Nasashada & Martida ee Qaybta 1990 (Koodbuur),"Comfortable guest lodging and family dining restaurant in Koodbuur residential & commercial grid, Hargeisa",9.56613,44.04568,Hotels & Hospitality,hotel,Koodbuur,False,Hotel,Huteellada & Martida
wda_laanta_zaad_dahabshiil_ee_qaybta_1991,Laanta ZAAD & Dahabshiil ee Qaybta 1991 (Airport Zone / Masalaha),"Banking kiosk, e-remittance and ZAAD cash-in center in Airport Zone / Masalaha residential & commercial grid, Hargeisa",9.51042,44.09193,Banks & Financial,bank,Airport Zone / Masalaha,False,Landmark,Bangiyada & Xawaaladaha
wda_laanta_taaj_edahab_express_ee_qa_1992,Laanta TAAJ & Edahab Express ee Qaybta 1992 (Kilalka / Sheikh Nuur East),"Financial services, money transfer and remittance desk in Kilalka / Sheikh Nuur East residential & commercial grid, Hargeisa",9.56413,44.09818,Banks & Financial,bank,Kilalka / Sheikh Nuur East,False,Landmark,Bangiyada & Xawaaladaha
wda_xafiiska_adeegga_somtel_telesom__1993,Xafiiska Adeegga Somtel & Telesom ee Qaybta 1993 (Goljano District),"Telecommunications branch, SIM registration and fiber service hub in Goljano District residential & commercial grid, Hargeisa",9.55155,44.08436,Corporate & Utilities,corporate,Goljano District,False,Building2,Shirkadaha & Isgaadhsiinta
wda_xarunta_korontada_sompower_ee_qa_1994,Xarunta Korontada Sompower ee Qaybta 1994 (Biyo Dhacay Area),"District electrical distribution and bill payment center in Biyo Dhacay Area residential & commercial grid, Hargeisa",9.54952,44.0772,Corporate & Utilities,utility,Biyo Dhacay Area,False,Zap,Korontada & Biyaha
wda_xafiiska_waaxda_dowladda_hoose_e_1995,Xafiiska Waaxda Dowladda Hoose ee Qaybta 1995 (Xero Awr / Hero Awr),"Municipal sub-office and local civic administration center in Xero Awr / Hero Awr residential & commercial grid, Hargeisa",9.55925,44.05186,Government & Civic,government,Xero Awr / Hero Awr,False,Landmark,Hay'adaha Dowladda
wda_maqaayadda_cuntada_hiddaha_dhaqa_1996,Maqaayadda Cuntada Hiddaha & Dhaqanka ee Qaybta 1996 (Downtown Waheen),"Traditional Somali dishes and family restaurant in Downtown Waheen residential & commercial grid, Hargeisa",9.56737,44.07042,Restaurants & Cafes,restaurant,Downtown Waheen,False,Utensils,Maqaayadaha & Kafateeriyada
wda_kafateeriyada_qahwada_casriga_ah_1997,Kafateeriyada & Qahwada Casriga ah ee Qaybta 1997 (Jigjiga Yar),"Modern coffee house and light dining lounge in Jigjiga Yar residential & commercial grid, Hargeisa",9.58471,44.03803,Restaurants & Cafes,restaurant,Jigjiga Yar,False,Utensils,Maqaayadaha & Kafateeriyada
wda_xarunta_ngo_yada_iyo_samafalka_e_1998,Xarunta NGO-yada iyo Samafalka ee Qaybta 1998 (Ahmed Dhagax),"Non-governmental development agency & aid office in Ahmed Dhagax residential & commercial grid, Hargeisa",9.56306,44.05363,NGOs & Humanitarian,ngo,Ahmed Dhagax,False,Globe,Hay'adaha Samafalka (NGOs)
wda_jidka_iyo_wadada_weyn_ee_qaybta__1999,Jidka iyo Wadada Weyn ee Qaybta 1999 (150 Highway),"Major paved road corridor and arterial avenue in 150 Highway residential & commercial grid, Hargeisa",9.5909,44.05624,Roads & Arterials,arterial_road,150 Highway,False,Navigation,Waddooyinka & Jidadka
wda_xaafada_deganaanshaha_ee_qaybta__2000,Xaafada Deganaanshaha ee Qaybta 2000 (Shaab / Institutional District),"Quiet residential enclave and community living sector in Shaab / Institutional District residential & commercial grid, Hargeisa",9.56527,44.06082,Xaafadaha (Districts),neighborhood,Shaab / Institutional District,False,Home,Xaafadaha & Degmooyinka
wda_cusbitaalka_gurmadka_caafimaadka_2001,Cusbitaalka Gurmadka Caafimaadka ee Qaybta 2001 (Maxamed Mooge),"Specialized neighborhood clinic & emergency health post in Maxamed Mooge residential & commercial grid, Hargeisa",9.52885,44.10644,Hospitals & Healthcare,hospital,Maxamed Mooge,False,HeartPulse,Cusbitaallada & Rugaha Caafimaadka
wda_rugta_daryeelka_hooyada_dhallaan_2002,Rugta Daryeelka Hooyada & Dhallaanka ee Qaybta 2002 (New Hargeisa),"Maternal and child care dispensary center in New Hargeisa residential & commercial grid, Hargeisa",9.5625,44.09883,Hospitals & Healthcare,hospital,New Hargeisa,False,HeartPulse,Cusbitaallada & Rugaha Caafimaadka
wda_farmasiga_shacabka_caafimaadka_e_2003,Farmasiga Shacabka & Caafimaadka ee Qaybta 2003 (Daami),"24/7 community pharmacy and dispensary outpost in Daami residential & commercial grid, Hargeisa",9.58216,44.08523,Hospitals & Healthcare,hospital,Daami,False,HeartPulse,Cusbitaallada & Rugaha Caafimaadka
wda_dugsiga_hoose_dhexe_ee_waxbarash_2004,Dugsiga Hoose/Dhexe ee Waxbarashada Qaybta 2004 (Shiraaqle),"Public primary & intermediate school campus in Shiraaqle residential & commercial grid, Hargeisa",9.57106,44.10563,Schools & Universities,school,Shiraaqle,False,GraduationCap,Dugsiyada & Waxbarashada
wda_akadeemiyada_casriga_ah_ee_qaybt_2005,Akadeemiyada Casriga ah ee Qaybta 2005 (Koodbuur),"Modern high school and STEM educational institute in Koodbuur residential & commercial grid, Hargeisa",9.58161,44.04643,Schools & Universities,school,Koodbuur,False,GraduationCap,Dugsiyada & Waxbarashada
wda_machadka_tababarka_xirfadaha_ee__2006,Machadka Tababarka Xirfadaha ee Qaybta 2006 (Airport Zone / Masalaha),"Vocational and technical training college center in Airport Zone / Masalaha residential & commercial grid, Hargeisa",9.53319,44.09304,Schools & Universities,university,Airport Zone / Masalaha,False,GraduationCap,Jaamacadaha & Kuliyadaha
wda_masjidka_jaamaca_ee_qaybta_2007__2007,Masjidka Jaamaca ee Qaybta 2007 (Kilalka / Sheikh Nuur East),"Congregational Friday mosque with community prayer hall in Kilalka / Sheikh Nuur East residential & commercial grid, Hargeisa",9.57961,44.09893,Mosques (Masaajidda),place_of_worship,Kilalka / Sheikh Nuur East,False,Moon,Masaajidda
wda_masjidka_al_imaan_ee_qaybta_2008_2008,Masjidka Al-Imaan ee Qaybta 2008 (Goljano District),"Neighborhood community mosque and Quranic learning hub in Goljano District residential & commercial grid, Hargeisa",9.56521,44.08503,Mosques (Masaajidda),place_of_worship,Goljano District,False,Moon,Masaajidda
wda_suuqa_khdaarta_iyo_ganacsiga_ee__2009,Suuqa Khdaarta iyo Ganacsiga ee Qaybta 2009 (Biyo Dhacay Area),"Neighborhood open-air fresh market and commercial trade zone in Biyo Dhacay Area residential & commercial grid, Hargeisa",9.56227,44.07782,Markets & Malls,mall,Biyo Dhacay Area,False,ShoppingBag,Suuqyada & Xarumaha Ganacsiga
wda_xarunta_ganacsiga_supermarket_ee_2010,Xarunta Ganacsiga & Supermarket ee Qaybta 2010 (Xero Awr / Hero Awr),"Modern multi-store retail grocery and provisions shopping center in Xero Awr / Hero Awr residential & commercial grid, Hargeisa",9.57291,44.05253,Markets & Malls,mall,Xero Awr / Hero Awr,False,ShoppingBag,Suuqyada & Xarumaha Ganacsiga
wda_kaalinta_shidaalka_hass_national_2011,Kaalinta Shidaalka Hass / National ee Qaybta 2011 (Downtown Waheen),"Service petrol station, diesel dispenser and tire service in Downtown Waheen residential & commercial grid, Hargeisa",9.55965,44.06252,Fuel Stations (Kaalmaha Shidaalka),fuel,Downtown Waheen,False,Fuel,Kaalmaha Shidaalka
wda_kaalinta_shidaalka_gaaska_ee_qay_2012,Kaalinta Shidaalka & Gaaska ee Qaybta 2012 (Jigjiga Yar),"Fuel station and LPG domestic gas distribution depot in Jigjiga Yar residential & commercial grid, Hargeisa",9.57506,44.02815,Fuel Stations (Kaalmaha Shidaalka),fuel,Jigjiga Yar,False,Fuel,Kaalmaha Shidaalka
wda_istaanka_gaadiidka_dadweynaha_ee_2013,Istaanka Gaadiidka Dadweynaha ee Qaybta 2013 (Ahmed Dhagax),"Minibus terminal and designated passenger pick-and-drop stop in Ahmed Dhagax residential & commercial grid, Hargeisa",9.55147,44.04178,Transport & Terminals,transit_station,Ahmed Dhagax,False,Navigation,Istaannada & Gaadiidka
wda_isgoyska_weyn_ee_gaadiidka_ee_qa_2014,Isgoyska Weyn ee Gaadiidka ee Qaybta 2014 (150 Highway),"Major road intersection and inter-district transit artery in 150 Highway residential & commercial grid, Hargeisa",9.57738,44.04241,Transport & Terminals,transit_station,150 Highway,False,Navigation,Istaannada & Gaadiidka
wda_huteelka_nasashada_martida_ee_qa_2015,Huteelka Nasashada & Martida ee Qaybta 2015 (Shaab / Institutional District),"Comfortable guest lodging and family dining restaurant in Shaab / Institutional District residential & commercial grid, Hargeisa",9.55625,44.05161,Hotels & Hospitality,hotel,Shaab / Institutional District,False,Hotel,Huteellada & Martida
wda_laanta_zaad_dahabshiil_ee_qaybta_2016,Laanta ZAAD & Dahabshiil ee Qaybta 2016 (Maxamed Mooge),"Banking kiosk, e-remittance and ZAAD cash-in center in Maxamed Mooge residential & commercial grid, Hargeisa",9.51468,44.09196,Banks & Financial,bank,Maxamed Mooge,False,Landmark,Bangiyada & Xawaaladaha
wda_laanta_taaj_edahab_express_ee_qa_2017,Laanta TAAJ & Edahab Express ee Qaybta 2017 (New Hargeisa),"Financial services, money transfer and remittance desk in New Hargeisa residential & commercial grid, Hargeisa",9.55027,44.08633,Banks & Financial,bank,New Hargeisa,False,Landmark,Bangiyada & Xawaaladaha
wda_xafiiska_adeegga_somtel_telesom__2018,Xafiiska Adeegga Somtel & Telesom ee Qaybta 2018 (Daami),"Telecommunications branch, SIM registration and fiber service hub in Daami residential & commercial grid, Hargeisa",9.57186,44.0747,Corporate & Utilities,corporate,Daami,False,Building2,Shirkadaha & Isgaadhsiinta
wda_xarunta_korontada_sompower_ee_qa_2019,Xarunta Korontada Sompower ee Qaybta 2019 (Shiraaqle),"District electrical distribution and bill payment center in Shiraaqle residential & commercial grid, Hargeisa",9.55947,44.09378,Corporate & Utilities,utility,Shiraaqle,False,Zap,Korontada & Biyaha
wda_xafiiska_waaxda_dowladda_hoose_e_2020,Xafiiska Waaxda Dowladda Hoose ee Qaybta 2020 (Koodbuur),"Municipal sub-office and local civic administration center in Koodbuur residential & commercial grid, Hargeisa",9.57067,44.03524,Government & Civic,government,Koodbuur,False,Landmark,Hay'adaha Dowladda
wda_maqaayadda_cuntada_hiddaha_dhaqa_2021,Maqaayadda Cuntada Hiddaha & Dhaqanka ee Qaybta 2021 (Airport Zone / Masalaha),"Traditional Somali dishes and family restaurant in Airport Zone / Masalaha residential & commercial grid, Hargeisa",9.5171,44.07659,Restaurants & Cafes,restaurant,Airport Zone / Masalaha,False,Utensils,Maqaayadaha & Kafateeriyada
wda_kafateeriyada_qahwada_casriga_ah_2022,Kafateeriyada & Qahwada Casriga ah ee Qaybta 2022 (Kilalka / Sheikh Nuur East),"Modern coffee house and light dining lounge in Kilalka / Sheikh Nuur East residential & commercial grid, Hargeisa",9.56867,44.08774,Restaurants & Cafes,restaurant,Kilalka / Sheikh Nuur East,False,Utensils,Maqaayadaha & Kafateeriyada
wda_xarunta_ngo_yada_iyo_samafalka_e_2023,Xarunta NGO-yada iyo Samafalka ee Qaybta 2023 (Goljano District),"Non-governmental development agency & aid office in Goljano District residential & commercial grid, Hargeisa",9.55556,44.07515,NGOs & Humanitarian,ngo,Goljano District,False,Globe,Hay'adaha Samafalka (NGOs)
wda_jidka_iyo_wadada_weyn_ee_qaybta__2024,Jidka iyo Wadada Weyn ee Qaybta 2024 (Biyo Dhacay Area),"Major paved road corridor and arterial avenue in Biyo Dhacay Area residential & commercial grid, Hargeisa",9.55325,44.06861,Roads & Arterials,arterial_road,Biyo Dhacay Area,False,Navigation,Waddooyinka & Jidadka
wda_xaafada_deganaanshaha_ee_qaybta__2025,Xaafada Deganaanshaha ee Qaybta 2025 (Xero Awr / Hero Awr),"Quiet residential enclave and community living sector in Xero Awr / Hero Awr residential & commercial grid, Hargeisa",9.56326,44.04265,Xaafadaha (Districts),neighborhood,Xero Awr / Hero Awr,False,Home,Xaafadaha & Degmooyinka
wda_cusbitaalka_gurmadka_caafimaadka_2026,Cusbitaalka Gurmadka Caafimaadka ee Qaybta 2026 (Downtown Waheen),"Specialized neighborhood clinic & emergency health post in Downtown Waheen residential & commercial grid, Hargeisa",9.56008,44.07367,Hospitals & Healthcare,hospital,Downtown Waheen,False,HeartPulse,Cusbitaallada & Rugaha Caafimaadka
wda_rugta_daryeelka_hooyada_dhallaan_2027,Rugta Daryeelka Hooyada & Dhallaanka ee Qaybta 2027 (Jigjiga Yar),"Maternal and child care dispensary center in Jigjiga Yar residential & commercial grid, Hargeisa",9.5756,44.04208,Hospitals & Healthcare,hospital,Jigjiga Yar,False,HeartPulse,Cusbitaallada & Rugaha Caafimaadka
wda_farmasiga_shacabka_caafimaadka_e_2028,Farmasiga Shacabka & Caafimaadka ee Qaybta 2028 (Ahmed Dhagax),"24/7 community pharmacy and dispensary outpost in Ahmed Dhagax residential & commercial grid, Hargeisa",9.55212,44.0585,Hospitals & Healthcare,hospital,Ahmed Dhagax,False,HeartPulse,Cusbitaallada & Rugaha Caafimaadka
wda_dugsiga_hoose_dhexe_ee_waxbarash_2029,Dugsiga Hoose/Dhexe ee Waxbarashada Qaybta 2029 (150 Highway),"Public primary & intermediate school campus in 150 Highway residential & commercial grid, Hargeisa",9.57814,44.06192,Schools & Universities,school,150 Highway,False,GraduationCap,Dugsiyada & Waxbarashada
wda_akadeemiyada_casriga_ah_ee_qaybt_2030,Akadeemiyada Casriga ah ee Qaybta 2030 (Shaab / Institutional District),"Modern high school and STEM educational institute in Shaab / Institutional District residential & commercial grid, Hargeisa",9.55676,44.06461,Schools & Universities,school,Shaab / Institutional District,False,GraduationCap,Dugsiyada & Waxbarashada
wda_machadka_tababarka_xirfadaha_ee__2031,Machadka Tababarka Xirfadaha ee Qaybta 2031 (Maxamed Mooge),"Vocational and technical training college center in Maxamed Mooge residential & commercial grid, Hargeisa",9.51548,44.11239,Schools & Universities,university,Maxamed Mooge,False,GraduationCap,Jaamacadaha & Kuliyadaha
wda_masjidka_jaamaca_ee_qaybta_2032__2032,Masjidka Jaamaca ee Qaybta 2032 (New Hargeisa),"Congregational Friday mosque with community prayer hall in New Hargeisa residential & commercial grid, Hargeisa",9.55096,44.10397,Mosques (Masaajidda),place_of_worship,New Hargeisa,False,Moon,Masaajidda
wda_masjidka_al_imaan_ee_qaybta_2033_2033,Masjidka Al-Imaan ee Qaybta 2033 (Daami),"Neighborhood community mosque and Quranic learning hub in Daami residential & commercial grid, Hargeisa",9.57244,44.08956,Mosques (Masaajidda),place_of_worship,Daami,False,Moon,Masaajidda
wda_suuqa_khdaarta_iyo_ganacsiga_ee__2034,Suuqa Khdaarta iyo Ganacsiga ee Qaybta 2034 (Shiraaqle),"Neighborhood open-air fresh market and commercial trade zone in Shiraaqle residential & commercial grid, Hargeisa",9.56012,44.1105,Markets & Malls,mall,Shiraaqle,False,ShoppingBag,Suuqyada & Xarumaha Ganacsiga
wda_xarunta_ganacsiga_supermarket_ee_2035,Xarunta Ganacsiga & Supermarket ee Qaybta 2035 (Koodbuur),"Modern multi-store retail grocery and provisions shopping center in Koodbuur residential & commercial grid, Hargeisa",9.57128,44.05103,Markets & Malls,mall,Koodbuur,False,ShoppingBag,Suuqyada & Xarumaha Ganacsiga
wda_kaalinta_shidaalka_hass_national_2036,Kaalinta Shidaalka Hass / National ee Qaybta 2036 (Airport Zone / Masalaha),"Service petrol station, diesel dispenser and tire service in Airport Zone / Masalaha residential & commercial grid, Hargeisa",9.518,44.0998,Fuel Stations (Kaalmaha Shidaalka),fuel,Airport Zone / Masalaha,False,Fuel,Kaalmaha Shidaalka
wda_kaalinta_shidaalka_gaaska_ee_qay_2037,Kaalinta Shidaalka & Gaaska ee Qaybta 2037 (Kilalka / Sheikh Nuur East),"Fuel station and LPG domestic gas distribution depot in Kilalka / Sheikh Nuur East residential & commercial grid, Hargeisa",9.56928,44.10353,Fuel Stations (Kaalmaha Shidaalka),fuel,Kilalka / Sheikh Nuur East,False,Fuel,Kaalmaha Shidaalka
wda_istaanka_gaadiidka_dadweynaha_ee_2038,Istaanka Gaadiidka Dadweynaha ee Qaybta 2038 (Goljano District),"Minibus terminal and designated passenger pick-and-drop stop in Goljano District residential & commercial grid, Hargeisa",9.5561,44.08908,Transport & Terminals,transit_station,Goljano District,False,Navigation,Istaannada & Gaadiidka
wda_isgoyska_weyn_ee_gaadiidka_ee_qa_2039,Isgoyska Weyn ee Gaadiidka ee Qaybta 2039 (Biyo Dhacay Area),"Major road intersection and inter-district transit artery in Biyo Dhacay Area residential & commercial grid, Hargeisa",9.55376,44.08161,Transport & Terminals,transit_station,Biyo Dhacay Area,False,Navigation,Istaannada & Gaadiidka
wda_huteelka_nasashada_martida_ee_qa_2040,Huteelka Nasashada & Martida ee Qaybta 2040 (Xero Awr / Hero Awr),"Comfortable guest lodging and family dining restaurant in Xero Awr / Hero Awr residential & commercial grid, Hargeisa",9.5638,44.05658,Hotels & Hospitality,hotel,Xero Awr / Hero Awr,False,Hotel,Huteellada & Martida
wda_laanta_zaad_dahabshiil_ee_qaybta_2041,Laanta ZAAD & Dahabshiil ee Qaybta 2041 (Downtown Waheen),"Banking kiosk, e-remittance and ZAAD cash-in center in Downtown Waheen residential & commercial grid, Hargeisa",9.5672,44.06513,Banks & Financial,bank,Downtown Waheen,False,Landmark,Bangiyada & Xawaaladaha
wda_laanta_taaj_edahab_express_ee_qa_2042,Laanta TAAJ & Edahab Express ee Qaybta 2042 (Jigjiga Yar),"Financial services, money transfer and remittance desk in Jigjiga Yar residential & commercial grid, Hargeisa",9.5845,44.03141,Banks & Financial,bank,Jigjiga Yar,False,Landmark,Bangiyada & Xawaaladaha
wda_xafiiska_adeegga_somtel_telesom__2043,Xafiiska Adeegga Somtel & Telesom ee Qaybta 2043 (Ahmed Dhagax),"Telecommunications branch, SIM registration and fiber service hub in Ahmed Dhagax residential & commercial grid, Hargeisa",9.5628,44.04569,Corporate & Utilities,corporate,Ahmed Dhagax,False,Building2,Shirkadaha & Isgaadhsiinta
wda_xarunta_korontada_sompower_ee_qa_2044,Xarunta Korontada Sompower ee Qaybta 2044 (150 Highway),"District electrical distribution and bill payment center in 150 Highway residential & commercial grid, Hargeisa",9.59061,44.04697,Corporate & Utilities,utility,150 Highway,False,Zap,Korontada & Biyaha
wda_xafiiska_waaxda_dowladda_hoose_e_2045,Xafiiska Waaxda Dowladda Hoose ee Qaybta 2045 (Shaab / Institutional District),"Municipal sub-office and local civic administration center in Shaab / Institutional District residential & commercial grid, Hargeisa",9.56507,44.05465,Government & Civic,government,Shaab / Institutional District,False,Landmark,Hay'adaha Dowladda
wda_maqaayadda_cuntada_hiddaha_dhaqa_2046,Maqaayadda Cuntada Hiddaha & Dhaqanka ee Qaybta 2046 (Maxamed Mooge),"Traditional Somali dishes and family restaurant in Maxamed Mooge residential & commercial grid, Hargeisa",9.52854,44.09673,Restaurants & Cafes,restaurant,Maxamed Mooge,False,Utensils,Maqaayadaha & Kafateeriyada
wda_kafateeriyada_qahwada_casriga_ah_2047,Kafateeriyada & Qahwada Casriga ah ee Qaybta 2047 (New Hargeisa),"Modern coffee house and light dining lounge in New Hargeisa residential & commercial grid, Hargeisa",9.56224,44.09045,Restaurants & Cafes,restaurant,New Hargeisa,False,Utensils,Maqaayadaha & Kafateeriyada
wda_xarunta_ngo_yada_iyo_samafalka_e_2048,Xarunta NGO-yada iyo Samafalka ee Qaybta 2048 (Daami),"Non-governmental development agency & aid office in Daami residential & commercial grid, Hargeisa",9.58194,44.07817,NGOs & Humanitarian,ngo,Daami,False,Globe,Hay'adaha Samafalka (NGOs)
wda_jidka_iyo_wadada_weyn_ee_qaybta__2049,Jidka iyo Wadada Weyn ee Qaybta 2049 (Shiraaqle),"Major paved road corridor and arterial avenue in Shiraaqle residential & commercial grid, Hargeisa",9.5708,44.09769,Roads & Arterials,arterial_road,Shiraaqle,False,Navigation,Waddooyinka & Jidadka
wda_xaafada_deganaanshaha_ee_qaybta__2050,Xaafada Deganaanshaha ee Qaybta 2050 (Koodbuur),"Quiet residential enclave and community living sector in Koodbuur residential & commercial grid, Hargeisa",9.58137,44.03893,Xaafadaha (Districts),neighborhood,Koodbuur,False,Home,Xaafadaha & Degmooyinka
wda_cusbitaalka_gurmadka_caafimaadka_2051,Cusbitaalka Gurmadka Caafimaadka ee Qaybta 2051 (Airport Zone / Masalaha),"Specialized neighborhood clinic & emergency health post in Airport Zone / Masalaha residential & commercial grid, Hargeisa",9.53284,44.08202,Hospitals & Healthcare,hospital,Airport Zone / Masalaha,False,HeartPulse,Cusbitaallada & Rugaha Caafimaadka
wda_rugta_daryeelka_hooyada_dhallaan_2052,Rugta Daryeelka Hooyada & Dhallaanka ee Qaybta 2052 (Kilalka / Sheikh Nuur East),"Maternal and child care dispensary center in Kilalka / Sheikh Nuur East residential & commercial grid, Hargeisa",9.57937,44.09143,Hospitals & Healthcare,hospital,Kilalka / Sheikh Nuur East,False,HeartPulse,Cusbitaallada & Rugaha Caafimaadka
wda_farmasiga_shacabka_caafimaadka_e_2053,Farmasiga Shacabka & Caafimaadka ee Qaybta 2053 (Goljano District),"24/7 community pharmacy and dispensary outpost in Goljano District residential & commercial grid, Hargeisa",9.565,44.07841,Hospitals & Healthcare,hospital,Goljano District,False,HeartPulse,Cusbitaallada & Rugaha Caafimaadka
wda_dugsiga_hoose_dhexe_ee_waxbarash_2054,Dugsiga Hoose/Dhexe ee Waxbarashada Qaybta 2054 (Biyo Dhacay Area),"Public primary & intermediate school campus in Biyo Dhacay Area residential & commercial grid, Hargeisa",9.56207,44.07165,Schools & Universities,school,Biyo Dhacay Area,False,GraduationCap,Dugsiyada & Waxbarashada
wda_akadeemiyada_casriga_ah_ee_qaybt_2055,Akadeemiyada Casriga ah ee Qaybta 2055 (Xero Awr / Hero Awr),"Modern high school and STEM educational institute in Xero Awr / Hero Awr residential & commercial grid, Hargeisa",9.5727,44.04591,Schools & Universities,school,Xero Awr / Hero Awr,False,GraduationCap,Dugsiyada & Waxbarashada
wda_machadka_tababarka_xirfadaha_ee__2056,Machadka Tababarka Xirfadaha ee Qaybta 2056 (Downtown Waheen),"Vocational and technical training college center in Downtown Waheen residential & commercial grid, Hargeisa",9.55624,44.06655,Schools & Universities,university,Downtown Waheen,False,GraduationCap,Jaamacadaha & Kuliyadaha
wda_masjidka_jaamaca_ee_qaybta_2057__2057,Masjidka Jaamaca ee Qaybta 2057 (Jigjiga Yar),"Congregational Friday mosque with community prayer hall in Jigjiga Yar residential & commercial grid, Hargeisa",9.57079,44.03319,Mosques (Masaajidda),place_of_worship,Jigjiga Yar,False,Moon,Masaajidda
wda_masjidka_al_imaan_ee_qaybta_2058_2058,Masjidka Al-Imaan ee Qaybta 2058 (Ahmed Dhagax),"Neighborhood community mosque and Quranic learning hub in Ahmed Dhagax residential & commercial grid, Hargeisa",9.54635,44.04783,Mosques (Masaajidda),place_of_worship,Ahmed Dhagax,False,Moon,Masaajidda
wda_suuqa_khdaarta_iyo_ganacsiga_ee__2059,Suuqa Khdaarta iyo Ganacsiga ee Qaybta 2059 (150 Highway),"Neighborhood open-air fresh market and commercial trade zone in 150 Highway residential & commercial grid, Hargeisa",9.57141,44.04946,Markets & Malls,mall,150 Highway,False,ShoppingBag,Suuqyada & Xarumaha Ganacsiga
wda_xarunta_ganacsiga_supermarket_ee_2060,Xarunta Ganacsiga & Supermarket ee Qaybta 2060 (Shaab / Institutional District),"Modern multi-store retail grocery and provisions shopping center in Shaab / Institutional District residential & commercial grid, Hargeisa",9.55227,44.05631,Markets & Malls,mall,Shaab / Institutional District,False,ShoppingBag,Suuqyada & Xarumaha Ganacsiga
wda_kaalinta_shidaalka_hass_national_2061,Kaalinta Shidaalka Hass / National ee Qaybta 2061 (Maxamed Mooge),"Service petrol station, diesel dispenser and tire service in Maxamed Mooge residential & commercial grid, Hargeisa",9.50843,44.09934,Fuel Stations (Kaalmaha Shidaalka),fuel,Maxamed Mooge,False,Fuel,Kaalmaha Shidaalka
wda_kaalinta_shidaalka_gaaska_ee_qay_2062,Kaalinta Shidaalka & Gaaska ee Qaybta 2062 (New Hargeisa),"Fuel station and LPG domestic gas distribution depot in New Hargeisa residential & commercial grid, Hargeisa",9.54487,44.0927,Fuel Stations (Kaalmaha Shidaalka),fuel,New Hargeisa,False,Fuel,Kaalmaha Shidaalka
wda_istaanka_gaadiidka_dadweynaha_ee_2063,Istaanka Gaadiidka Dadweynaha ee Qaybta 2063 (Daami),"Minibus terminal and designated passenger pick-and-drop stop in Daami residential & commercial grid, Hargeisa",9.56731,44.08007,Transport & Terminals,transit_station,Daami,False,Navigation,Istaannada & Gaadiidka
wda_isgoyska_weyn_ee_gaadiidka_ee_qa_2064,Isgoyska Weyn ee Gaadiidka ee Qaybta 2064 (Shiraaqle),"Major road intersection and inter-district transit artery in Shiraaqle residential & commercial grid, Hargeisa",9.55435,44.09983,Transport & Terminals,transit_station,Shiraaqle,False,Navigation,Istaannada & Gaadiidka
wda_huteelka_nasashada_martida_ee_qa_2065,Huteelka Nasashada & Martida ee Qaybta 2065 (Koodbuur),"Comfortable guest lodging and family dining restaurant in Koodbuur residential & commercial grid, Hargeisa",9.56583,44.04095,Hotels & Hospitality,hotel,Koodbuur,False,Hotel,Huteellada & Martida
wda_laanta_zaad_dahabshiil_ee_qaybta_2066,Laanta ZAAD & Dahabshiil ee Qaybta 2066 (Airport Zone / Masalaha),"Banking kiosk, e-remittance and ZAAD cash-in center in Airport Zone / Masalaha residential & commercial grid, Hargeisa",9.50999,44.08498,Banks & Financial,bank,Airport Zone / Masalaha,False,Landmark,Bangiyada & Xawaaladaha
wda_laanta_taaj_edahab_express_ee_qa_2067,Laanta TAAJ & Edahab Express ee Qaybta 2067 (Kilalka / Sheikh Nuur East),"Financial services, money transfer and remittance desk in Kilalka / Sheikh Nuur East residential & commercial grid, Hargeisa",9.56383,44.09345,Banks & Financial,bank,Kilalka / Sheikh Nuur East,False,Landmark,Bangiyada & Xawaaladaha
wda_xafiiska_adeegga_somtel_telesom__2068,Xafiiska Adeegga Somtel & Telesom ee Qaybta 2068 (Goljano District),"Telecommunications branch, SIM registration and fiber service hub in Goljano District residential & commercial grid, Hargeisa",9.55129,44.08019,Corporate & Utilities,corporate,Goljano District,False,Building2,Shirkadaha & Isgaadhsiinta
wda_xarunta_korontada_sompower_ee_qa_2069,Xarunta Korontada Sompower ee Qaybta 2069 (Biyo Dhacay Area),"District electrical distribution and bill payment center in Biyo Dhacay Area residential & commercial grid, Hargeisa",9.54927,44.07331,Corporate & Utilities,utility,Biyo Dhacay Area,False,Zap,Korontada & Biyaha
wda_xafiiska_waaxda_dowladda_hoose_e_2070,Xafiiska Waaxda Dowladda Hoose ee Qaybta 2070 (Xero Awr / Hero Awr),"Municipal sub-office and local civic administration center in Xero Awr / Hero Awr residential & commercial grid, Hargeisa",9.55899,44.04769,Government & Civic,government,Xero Awr / Hero Awr,False,Landmark,Hay'adaha Dowladda
wda_maqaayadda_cuntada_hiddaha_dhaqa_2071,Maqaayadda Cuntada Hiddaha & Dhaqanka ee Qaybta 2071 (Downtown Waheen),"Traditional Somali dishes and family restaurant in Downtown Waheen residential & commercial grid, Hargeisa",9.56529,44.07303,Restaurants & Cafes,restaurant,Downtown Waheen,False,Utensils,Maqaayadaha & Kafateeriyada
wda_kafateeriyada_qahwada_casriga_ah_2072,Kafateeriyada & Qahwada Casriga ah ee Qaybta 2072 (Jigjiga Yar),"Modern coffee house and light dining lounge in Jigjiga Yar residential & commercial grid, Hargeisa",9.58212,44.04129,Restaurants & Cafes,restaurant,Jigjiga Yar,False,Utensils,Maqaayadaha & Kafateeriyada
wda_xarunta_ngo_yada_iyo_samafalka_e_2073,Xarunta NGO-yada iyo Samafalka ee Qaybta 2073 (Ahmed Dhagax),"Non-governmental development agency & aid office in Ahmed Dhagax residential & commercial grid, Hargeisa",9.55994,44.05755,NGOs & Humanitarian,ngo,Ahmed Dhagax,False,Globe,Hay'adaha Samafalka (NGOs)
wda_jidka_iyo_wadada_weyn_ee_qaybta__2074,Jidka iyo Wadada Weyn ee Qaybta 2074 (150 Highway),"Major paved road corridor and arterial avenue in 150 Highway residential & commercial grid, Hargeisa",9.58726,44.06081,Roads & Arterials,arterial_road,150 Highway,False,Navigation,Waddooyinka & Jidadka
wda_xaafada_deganaanshaha_ee_qaybta__2075,Xaafada Deganaanshaha ee Qaybta 2075 (Shaab / Institutional District),"Quiet residential enclave and community living sector in Shaab / Institutional District residential & commercial grid, Hargeisa",9.56284,44.06387,Xaafadaha (Districts),neighborhood,Shaab / Institutional District,False,Home,Xaafadaha & Degmooyinka
wda_cusbitaalka_gurmadka_caafimaadka_2076,Cusbitaalka Gurmadka Caafimaadka ee Qaybta 2076 (Maxamed Mooge),"Specialized neighborhood clinic & emergency health post in Maxamed Mooge residential & commercial grid, Hargeisa",9.52504,44.11122,Hospitals & Healthcare,hospital,Maxamed Mooge,False,HeartPulse,Cusbitaallada & Rugaha Caafimaadka
wda_rugta_daryeelka_hooyada_dhallaan_2077,Rugta Daryeelka Hooyada & Dhallaanka ee Qaybta 2077 (New Hargeisa),"Maternal and child care dispensary center in New Hargeisa residential & commercial grid, Hargeisa",9.55922,44.10297,Hospitals & Healthcare,hospital,New Hargeisa,False,HeartPulse,Cusbitaallada & Rugaha Caafimaadka
wda_farmasiga_shacabka_caafimaadka_e_2078,Farmasiga Shacabka & Caafimaadka ee Qaybta 2078 (Daami),"24/7 community pharmacy and dispensary outpost in Daami residential & commercial grid, Hargeisa",9.57939,44.08871,Hospitals & Healthcare,hospital,Daami,False,HeartPulse,Cusbitaallada & Rugaha Caafimaadka
wda_dugsiga_hoose_dhexe_ee_waxbarash_2079,Dugsiga Hoose/Dhexe ee Waxbarashada Qaybta 2079 (Shiraaqle),"Public primary & intermediate school campus in Shiraaqle residential & commercial grid, Hargeisa",9.56794,44.10955,Schools & Universities,school,Shiraaqle,False,GraduationCap,Dugsiyada & Waxbarashada
wda_akadeemiyada_casriga_ah_ee_qaybt_2080,Akadeemiyada Casriga ah ee Qaybta 2080 (Koodbuur),"Modern high school and STEM educational institute in Koodbuur residential & commercial grid, Hargeisa",9.57867,44.05013,Schools & Universities,school,Koodbuur,False,GraduationCap,Dugsiyada & Waxbarashada
wda_machadka_tababarka_xirfadaha_ee__2081,Machadka Tababarka Xirfadaha ee Qaybta 2081 (Airport Zone / Masalaha),"Vocational and technical training college center in Airport Zone / Masalaha residential & commercial grid, Hargeisa",9.52886,44.09848,Schools & Universities,university,Airport Zone / Masalaha,False,GraduationCap,Jaamacadaha & Kuliyadaha
wda_masjidka_jaamaca_ee_qaybta_2082__2082,Masjidka Jaamaca ee Qaybta 2082 (Kilalka / Sheikh Nuur East),"Congregational Friday mosque with community prayer hall in Kilalka / Sheikh Nuur East residential & commercial grid, Hargeisa",9.57667,44.10263,Mosques (Masaajidda),place_of_worship,Kilalka / Sheikh Nuur East,False,Moon,Masaajidda
wda_masjidka_al_imaan_ee_qaybta_2083_2083,Masjidka Al-Imaan ee Qaybta 2083 (Goljano District),"Neighborhood community mosque and Quranic learning hub in Goljano District residential & commercial grid, Hargeisa",9.56262,44.08829,Mosques (Masaajidda),place_of_worship,Goljano District,False,Moon,Masaajidda
wda_suuqa_khdaarta_iyo_ganacsiga_ee__2084,Suuqa Khdaarta iyo Ganacsiga ee Qaybta 2084 (Biyo Dhacay Area),"Neighborhood open-air fresh market and commercial trade zone in Biyo Dhacay Area residential & commercial grid, Hargeisa",9.55984,44.08087,Markets & Malls,mall,Biyo Dhacay Area,False,ShoppingBag,Suuqyada & Xarumaha Ganacsiga
wda_xarunta_ganacsiga_supermarket_ee_2085,Xarunta Ganacsiga & Supermarket ee Qaybta 2085 (Xero Awr / Hero Awr),"Modern multi-store retail grocery and provisions shopping center in Xero Awr / Hero Awr residential & commercial grid, Hargeisa",9.57032,44.05579,Markets & Malls,mall,Xero Awr / Hero Awr,False,ShoppingBag,Suuqyada & Xarumaha Ganacsiga
wda_kaalinta_shidaalka_hass_national_2086,Kaalinta Shidaalka Hass / National ee Qaybta 2086 (Downtown Waheen),"Service petrol station, diesel dispenser and tire service in Downtown Waheen residential & commercial grid, Hargeisa",9.56293,44.06202,Fuel Stations (Kaalmaha Shidaalka),fuel,Downtown Waheen,False,Fuel,Kaalmaha Shidaalka
wda_kaalinta_shidaalka_gaaska_ee_qay_2087,Kaalinta Shidaalka & Gaaska ee Qaybta 2087 (Jigjiga Yar),"Fuel station and LPG domestic gas distribution depot in Jigjiga Yar residential & commercial grid, Hargeisa",9.57916,44.02752,Fuel Stations (Kaalmaha Shidaalka),fuel,Jigjiga Yar,False,Fuel,Kaalmaha Shidaalka
wda_istaanka_gaadiidka_dadweynaha_ee_2088,Istaanka Gaadiidka Dadweynaha ee Qaybta 2088 (Ahmed Dhagax),"Minibus terminal and designated passenger pick-and-drop stop in Ahmed Dhagax residential & commercial grid, Hargeisa",9.55639,44.04103,Transport & Terminals,transit_station,Ahmed Dhagax,False,Navigation,Istaannada & Gaadiidka
wda_isgoyska_weyn_ee_gaadiidka_ee_qa_2089,Isgoyska Weyn ee Gaadiidka ee Qaybta 2089 (150 Highway),"Major road intersection and inter-district transit artery in 150 Highway residential & commercial grid, Hargeisa",9.58312,44.04153,Transport & Terminals,transit_station,150 Highway,False,Navigation,Istaannada & Gaadiidka
wda_huteelka_nasashada_martida_ee_qa_2090,Huteelka Nasashada & Martida ee Qaybta 2090 (Shaab / Institutional District),"Comfortable guest lodging and family dining restaurant in Shaab / Institutional District residential & commercial grid, Hargeisa",9.56008,44.05102,Hotels & Hospitality,hotel,Shaab / Institutional District,False,Hotel,Huteellada & Martida
wda_laanta_zaad_dahabshiil_ee_qaybta_2091,Laanta ZAAD & Dahabshiil ee Qaybta 2091 (Maxamed Mooge),"Banking kiosk, e-remittance and ZAAD cash-in center in Maxamed Mooge residential & commercial grid, Hargeisa",9.5207,44.09103,Banks & Financial,bank,Maxamed Mooge,False,Landmark,Bangiyada & Xawaaladaha
wda_laanta_taaj_edahab_express_ee_qa_2092,Laanta TAAJ & Edahab Express ee Qaybta 2092 (New Hargeisa),"Financial services, money transfer and remittance desk in New Hargeisa residential & commercial grid, Hargeisa",9.55546,44.08553,Banks & Financial,bank,New Hargeisa,False,Landmark,Bangiyada & Xawaaladaha
wda_xafiiska_adeegga_somtel_telesom__2093,Xafiiska Adeegga Somtel & Telesom ee Qaybta 2093 (Daami),"Telecommunications branch, SIM registration and fiber service hub in Daami residential & commercial grid, Hargeisa",9.57623,44.07402,Corporate & Utilities,corporate,Daami,False,Building2,Shirkadaha & Isgaadhsiinta
wda_xarunta_korontada_sompower_ee_qa_2094,Xarunta Korontada Sompower ee Qaybta 2094 (Shiraaqle),"District electrical distribution and bill payment center in Shiraaqle residential & commercial grid, Hargeisa",9.56439,44.09303,Corporate & Utilities,utility,Shiraaqle,False,Zap,Korontada & Biyaha
wda_xafiiska_waaxda_dowladda_hoose_e_2095,Xafiiska Waaxda Dowladda Hoose ee Qaybta 2095 (Koodbuur),"Municipal sub-office and local civic administration center in Koodbuur residential & commercial grid, Hargeisa",9.57531,44.03453,Government & Civic,government,Koodbuur,False,Landmark,Hay'adaha Dowladda
wda_maqaayadda_cuntada_hiddaha_dhaqa_2096,Maqaayadda Cuntada Hiddaha & Dhaqanka ee Qaybta 2096 (Airport Zone / Masalaha),"Traditional Somali dishes and family restaurant in Airport Zone / Masalaha residential & commercial grid, Hargeisa",9.52393,44.07554,Restaurants & Cafes,restaurant,Airport Zone / Masalaha,False,Utensils,Maqaayadaha & Kafateeriyada
wda_kafateeriyada_qahwada_casriga_ah_2097,Kafateeriyada & Qahwada Casriga ah ee Qaybta 2097 (Kilalka / Sheikh Nuur East),"Modern coffee house and light dining lounge in Kilalka / Sheikh Nuur East residential & commercial grid, Hargeisa",9.57331,44.08703,Restaurants & Cafes,restaurant,Kilalka / Sheikh Nuur East,False,Utensils,Maqaayadaha & Kafateeriyada
wda_xarunta_ngo_yada_iyo_samafalka_e_2098,Xarunta NGO-yada iyo Samafalka ee Qaybta 2098 (Goljano District),"Non-governmental development agency & aid office in Goljano District residential & commercial grid, Hargeisa",9.55966,44.07452,NGOs & Humanitarian,ngo,Goljano District,False,Globe,Hay'adaha Samafalka (NGOs)
wda_jidka_iyo_wadada_weyn_ee_qaybta__2099,Jidka iyo Wadada Weyn ee Qaybta 2099 (Biyo Dhacay Area),"Major paved road corridor and arterial avenue in Biyo Dhacay Area residential & commercial grid, Hargeisa",9.55708,44.06802,Roads & Arterials,arterial_road,Biyo Dhacay Area,False,Navigation,Waddooyinka & Jidadka
wda_xaafada_deganaanshaha_ee_qaybta__2100,Xaafada Deganaanshaha ee Qaybta 2100 (Xero Awr / Hero Awr),"Quiet residential enclave and community living sector in Xero Awr / Hero Awr residential & commercial grid, Hargeisa",9.56736,44.04202,Xaafadaha (Districts),neighborhood,Xero Awr / Hero Awr,False,Home,Xaafadaha & Degmooyinka
wda_cusbitaalka_gurmadka_caafimaadka_2101,Cusbitaalka Gurmadka Caafimaadka ee Qaybta 2101 (Downtown Waheen),"Specialized neighborhood clinic & emergency health post in Downtown Waheen residential & commercial grid, Hargeisa",9.55732,44.07179,Hospitals & Healthcare,hospital,Downtown Waheen,False,HeartPulse,Cusbitaallada & Rugaha Caafimaadka
wda_rugta_daryeelka_hooyada_dhallaan_2102,Rugta Daryeelka Hooyada & Dhallaanka ee Qaybta 2102 (Jigjiga Yar),"Maternal and child care dispensary center in Jigjiga Yar residential & commercial grid, Hargeisa",9.57215,44.03973,Hospitals & Healthcare,hospital,Jigjiga Yar,False,HeartPulse,Cusbitaallada & Rugaha Caafimaadka
wda_farmasiga_shacabka_caafimaadka_e_2103,Farmasiga Shacabka & Caafimaadka ee Qaybta 2103 (Ahmed Dhagax),"24/7 community pharmacy and dispensary outpost in Ahmed Dhagax residential & commercial grid, Hargeisa",9.54798,44.05568,Hospitals & Healthcare,hospital,Ahmed Dhagax,False,HeartPulse,Cusbitaallada & Rugaha Caafimaadka
wda_dugsiga_hoose_dhexe_ee_waxbarash_2104,Dugsiga Hoose/Dhexe ee Waxbarashada Qaybta 2104 (150 Highway),"Public primary & intermediate school campus in 150 Highway residential & commercial grid, Hargeisa",9.57331,44.05863,Schools & Universities,school,150 Highway,False,GraduationCap,Dugsiyada & Waxbarashada
wda_akadeemiyada_casriga_ah_ee_qaybt_2105,Akadeemiyada Casriga ah ee Qaybta 2105 (Shaab / Institutional District),"Modern high school and STEM educational institute in Shaab / Institutional District residential & commercial grid, Hargeisa",9.55354,44.06242,Schools & Universities,school,Shaab / Institutional District,False,GraduationCap,Dugsiyada & Waxbarashada
wda_machadka_tababarka_xirfadaha_ee__2106,Machadka Tababarka Xirfadaha ee Qaybta 2106 (Maxamed Mooge),"Vocational and technical training college center in Maxamed Mooge residential & commercial grid, Hargeisa",9.51042,44.10894,Schools & Universities,university,Maxamed Mooge,False,GraduationCap,Jaamacadaha & Kuliyadaha
wda_masjidka_jaamaca_ee_qaybta_2107__2107,Masjidka Jaamaca ee Qaybta 2107 (New Hargeisa),"Congregational Friday mosque with community prayer hall in New Hargeisa residential & commercial grid, Hargeisa",9.54659,44.101,Mosques (Masaajidda),place_of_worship,New Hargeisa,False,Moon,Masaajidda
wda_masjidka_al_imaan_ee_qaybta_2108_2108,Masjidka Al-Imaan ee Qaybta 2108 (Daami),"Neighborhood community mosque and Quranic learning hub in Daami residential & commercial grid, Hargeisa",9.56876,44.08705,Mosques (Masaajidda),place_of_worship,Daami,False,Moon,Masaajidda
wda_suuqa_khdaarta_iyo_ganacsiga_ee__2109,Suuqa Khdaarta iyo Ganacsiga ee Qaybta 2109 (Shiraaqle),"Neighborhood open-air fresh market and commercial trade zone in Shiraaqle residential & commercial grid, Hargeisa",9.55598,44.10768,Markets & Malls,mall,Shiraaqle,False,ShoppingBag,Suuqyada & Xarumaha Ganacsiga
wda_xarunta_ganacsiga_supermarket_ee_2110,Xarunta Ganacsiga & Supermarket ee Qaybta 2110 (Koodbuur),"Modern multi-store retail grocery and provisions shopping center in Koodbuur residential & commercial grid, Hargeisa",9.56737,44.04836,Markets & Malls,mall,Koodbuur,False,ShoppingBag,Suuqyada & Xarumaha Ganacsiga
wda_kaalinta_shidaalka_hass_national_2111,Kaalinta Shidaalka Hass / National ee Qaybta 2111 (Airport Zone / Masalaha),"Service petrol station, diesel dispenser and tire service in Airport Zone / Masalaha residential & commercial grid, Hargeisa",9.51225,44.09589,Fuel Stations (Kaalmaha Shidaalka),fuel,Airport Zone / Masalaha,False,Fuel,Kaalmaha Shidaalka
wda_kaalinta_shidaalka_gaaska_ee_qay_2112,Kaalinta Shidaalka & Gaaska ee Qaybta 2112 (Kilalka / Sheikh Nuur East),"Fuel station and LPG domestic gas distribution depot in Kilalka / Sheikh Nuur East residential & commercial grid, Hargeisa",9.56537,44.10086,Fuel Stations (Kaalmaha Shidaalka),fuel,Kilalka / Sheikh Nuur East,False,Fuel,Kaalmaha Shidaalka
wda_istaanka_gaadiidka_dadweynaha_ee_2113,Istaanka Gaadiidka Dadweynaha ee Qaybta 2113 (Goljano District),"Minibus terminal and designated passenger pick-and-drop stop in Goljano District residential & commercial grid, Hargeisa",9.55265,44.08673,Transport & Terminals,transit_station,Goljano District,False,Navigation,Istaannada & Gaadiidka
wda_isgoyska_weyn_ee_gaadiidka_ee_qa_2114,Isgoyska Weyn ee Gaadiidka ee Qaybta 2114 (Biyo Dhacay Area),"Major road intersection and inter-district transit artery in Biyo Dhacay Area residential & commercial grid, Hargeisa",9.55054,44.07942,Transport & Terminals,transit_station,Biyo Dhacay Area,False,Navigation,Istaannada & Gaadiidka
wda_huteelka_nasashada_martida_ee_qa_2115,Huteelka Nasashada & Martida ee Qaybta 2115 (Xero Awr / Hero Awr),"Comfortable guest lodging and family dining restaurant in Xero Awr / Hero Awr residential & commercial grid, Hargeisa",9.56035,44.05423,Hotels & Hospitality,hotel,Xero Awr / Hero Awr,False,Hotel,Huteellada & Martida
wda_laanta_zaad_dahabshiil_ee_qaybta_2116,Laanta ZAAD & Dahabshiil ee Qaybta 2116 (Downtown Waheen),"Banking kiosk, e-remittance and ZAAD cash-in center in Downtown Waheen residential & commercial grid, Hargeisa",9.56799,44.06841,Banks & Financial,bank,Downtown Waheen,False,Landmark,Bangiyada & Xawaaladaha
wda_laanta_taaj_edahab_express_ee_qa_2117,Laanta TAAJ & Edahab Express ee Qaybta 2117 (Jigjiga Yar),"Financial services, money transfer and remittance desk in Jigjiga Yar residential & commercial grid, Hargeisa",9.58548,44.03552,Banks & Financial,bank,Jigjiga Yar,False,Landmark,Bangiyada & Xawaaladaha
wda_xafiiska_adeegga_somtel_telesom__2118,Xafiiska Adeegga Somtel & Telesom ee Qaybta 2118 (Ahmed Dhagax),"Telecommunications branch, SIM registration and fiber service hub in Ahmed Dhagax residential & commercial grid, Hargeisa",9.56398,44.05062,Corporate & Utilities,corporate,Ahmed Dhagax,False,Building2,Shirkadaha & Isgaadhsiinta
wda_xarunta_korontada_sompower_ee_qa_2119,Xarunta Korontada Sompower ee Qaybta 2119 (150 Highway),"District electrical distribution and bill payment center in 150 Highway residential & commercial grid, Hargeisa",9.59198,44.05272,Corporate & Utilities,utility,150 Highway,False,Zap,Korontada & Biyaha
wda_xafiiska_waaxda_dowladda_hoose_e_2120,Xafiiska Waaxda Dowladda Hoose ee Qaybta 2120 (Shaab / Institutional District),"Municipal sub-office and local civic administration center in Shaab / Institutional District residential & commercial grid, Hargeisa",9.56599,44.05848,Government & Civic,government,Shaab / Institutional District,False,Landmark,Hay'adaha Dowladda
wda_maqaayadda_cuntada_hiddaha_dhaqa_2121,Maqaayadda Cuntada Hiddaha & Dhaqanka ee Qaybta 2121 (Maxamed Mooge),"Traditional Somali dishes and family restaurant in Maxamed Mooge residential & commercial grid, Hargeisa",9.52998,44.10276,Restaurants & Cafes,restaurant,Maxamed Mooge,False,Utensils,Maqaayadaha & Kafateeriyada
wda_kafateeriyada_qahwada_casriga_ah_2122,Kafateeriyada & Qahwada Casriga ah ee Qaybta 2122 (New Hargeisa),"Modern coffee house and light dining lounge in New Hargeisa residential & commercial grid, Hargeisa",9.56348,44.09566,Restaurants & Cafes,restaurant,New Hargeisa,False,Utensils,Maqaayadaha & Kafateeriyada
wda_xarunta_ngo_yada_iyo_samafalka_e_2123,Xarunta NGO-yada iyo Samafalka ee Qaybta 2123 (Daami),"Non-governmental development agency & aid office in Daami residential & commercial grid, Hargeisa",9.58298,44.08255,NGOs & Humanitarian,ngo,Daami,False,Globe,Hay'adaha Samafalka (NGOs)
wda_jidka_iyo_wadada_weyn_ee_qaybta__2124,Jidka iyo Wadada Weyn ee Qaybta 2124 (Shiraaqle),"Major paved road corridor and arterial avenue in Shiraaqle residential & commercial grid, Hargeisa",9.57198,44.10262,Roads & Arterials,arterial_road,Shiraaqle,False,Navigation,Waddooyinka & Jidadka
wda_xaafada_deganaanshaha_ee_qaybta__2125,Xaafada Deganaanshaha ee Qaybta 2125 (Koodbuur),"Quiet residential enclave and community living sector in Koodbuur residential & commercial grid, Hargeisa",9.58248,44.04359,Xaafadaha (Districts),neighborhood,Koodbuur,False,Home,Xaafadaha & Degmooyinka
wda_cusbitaalka_gurmadka_caafimaadka_2126,Cusbitaalka Gurmadka Caafimaadka ee Qaybta 2126 (Airport Zone / Masalaha),"Specialized neighborhood clinic & emergency health post in Airport Zone / Masalaha residential & commercial grid, Hargeisa",9.53447,44.08886,Hospitals & Healthcare,hospital,Airport Zone / Masalaha,False,HeartPulse,Cusbitaallada & Rugaha Caafimaadka
wda_rugta_daryeelka_hooyada_dhallaan_2127,Rugta Daryeelka Hooyada & Dhallaanka ee Qaybta 2127 (Kilalka / Sheikh Nuur East),"Maternal and child care dispensary center in Kilalka / Sheikh Nuur East residential & commercial grid, Hargeisa",9.58048,44.09609,Hospitals & Healthcare,hospital,Kilalka / Sheikh Nuur East,False,HeartPulse,Cusbitaallada & Rugaha Caafimaadka
wda_farmasiga_shacabka_caafimaadka_e_2128,Farmasiga Shacabka & Caafimaadka ee Qaybta 2128 (Goljano District),"24/7 community pharmacy and dispensary outpost in Goljano District residential & commercial grid, Hargeisa",9.56598,44.08252,Hospitals & Healthcare,hospital,Goljano District,False,HeartPulse,Cusbitaallada & Rugaha Caafimaadka
wda_dugsiga_hoose_dhexe_ee_waxbarash_2129,Dugsiga Hoose/Dhexe ee Waxbarashada Qaybta 2129 (Biyo Dhacay Area),"Public primary & intermediate school campus in Biyo Dhacay Area residential & commercial grid, Hargeisa",9.56299,44.07548,Schools & Universities,school,Biyo Dhacay Area,False,GraduationCap,Dugsiyada & Waxbarashada
wda_akadeemiyada_casriga_ah_ee_qaybt_2130,Akadeemiyada Casriga ah ee Qaybta 2130 (Xero Awr / Hero Awr),"Modern high school and STEM educational institute in Xero Awr / Hero Awr residential & commercial grid, Hargeisa",9.57368,44.05002,Schools & Universities,school,Xero Awr / Hero Awr,False,GraduationCap,Dugsiyada & Waxbarashada
wda_machadka_tababarka_xirfadaha_ee__2131,Machadka Tababarka Xirfadaha ee Qaybta 2131 (Downtown Waheen),"Vocational and technical training college center in Downtown Waheen residential & commercial grid, Hargeisa",9.55785,44.06358,Schools & Universities,university,Downtown Waheen,False,GraduationCap,Jaamacadaha & Kuliyadaha
wda_masjidka_jaamaca_ee_qaybta_2132__2132,Masjidka Jaamaca ee Qaybta 2132 (Jigjiga Yar),"Congregational Friday mosque with community prayer hall in Jigjiga Yar residential & commercial grid, Hargeisa",9.57281,44.02948,Mosques (Masaajidda),place_of_worship,Jigjiga Yar,False,Moon,Masaajidda
wda_masjidka_al_imaan_ee_qaybta_2133_2133,Masjidka Al-Imaan ee Qaybta 2133 (Ahmed Dhagax),"Neighborhood community mosque and Quranic learning hub in Ahmed Dhagax residential & commercial grid, Hargeisa",9.54877,44.04337,Mosques (Masaajidda),place_of_worship,Ahmed Dhagax,False,Moon,Masaajidda
wda_suuqa_khdaarta_iyo_ganacsiga_ee__2134,Suuqa Khdaarta iyo Ganacsiga ee Qaybta 2134 (150 Highway),"Neighborhood open-air fresh market and commercial trade zone in 150 Highway residential & commercial grid, Hargeisa",9.57424,44.04427,Markets & Malls,mall,150 Highway,False,ShoppingBag,Suuqyada & Xarumaha Ganacsiga
wda_xarunta_ganacsiga_supermarket_ee_2135,Xarunta Ganacsiga & Supermarket ee Qaybta 2135 (Shaab / Institutional District),"Modern multi-store retail grocery and provisions shopping center in Shaab / Institutional District residential & commercial grid, Hargeisa",9.55416,44.05285,Markets & Malls,mall,Shaab / Institutional District,False,ShoppingBag,Suuqyada & Xarumaha Ganacsiga
wda_kaalinta_shidaalka_hass_national_2136,Kaalinta Shidaalka Hass / National ee Qaybta 2136 (Maxamed Mooge),"Service petrol station, diesel dispenser and tire service in Maxamed Mooge residential & commercial grid, Hargeisa",9.51139,44.0939,Fuel Stations (Kaalmaha Shidaalka),fuel,Maxamed Mooge,False,Fuel,Kaalmaha Shidaalka
wda_kaalinta_shidaalka_gaaska_ee_qay_2137,Kaalinta Shidaalka & Gaaska ee Qaybta 2137 (New Hargeisa),"Fuel station and LPG domestic gas distribution depot in New Hargeisa residential & commercial grid, Hargeisa",9.54743,44.088,Fuel Stations (Kaalmaha Shidaalka),fuel,New Hargeisa,False,Fuel,Kaalmaha Shidaalka
wda_istaanka_gaadiidka_dadweynaha_ee_2138,Istaanka Gaadiidka Dadweynaha ee Qaybta 2138 (Daami),"Minibus terminal and designated passenger pick-and-drop stop in Daami residential & commercial grid, Hargeisa",9.56947,44.07611,Transport & Terminals,transit_station,Daami,False,Navigation,Istaannada & Gaadiidka
wda_isgoyska_weyn_ee_gaadiidka_ee_qa_2139,Isgoyska Weyn ee Gaadiidka ee Qaybta 2139 (Shiraaqle),"Major road intersection and inter-district transit artery in Shiraaqle residential & commercial grid, Hargeisa",9.55677,44.09537,Transport & Terminals,transit_station,Shiraaqle,False,Navigation,Istaannada & Gaadiidka
wda_huteelka_nasashada_martida_ee_qa_2140,Huteelka Nasashada & Martida ee Qaybta 2140 (Koodbuur),"Comfortable guest lodging and family dining restaurant in Koodbuur residential & commercial grid, Hargeisa",9.56812,44.03674,Hotels & Hospitality,hotel,Koodbuur,False,Hotel,Huteellada & Martida
wda_laanta_zaad_dahabshiil_ee_qaybta_2141,Laanta ZAAD & Dahabshiil ee Qaybta 2141 (Airport Zone / Masalaha),"Banking kiosk, e-remittance and ZAAD cash-in center in Airport Zone / Masalaha residential & commercial grid, Hargeisa",9.51335,44.0788,Banks & Financial,bank,Airport Zone / Masalaha,False,Landmark,Bangiyada & Xawaaladaha
wda_laanta_taaj_edahab_express_ee_qa_2142,Laanta TAAJ & Edahab Express ee Qaybta 2142 (Kilalka / Sheikh Nuur East),"Financial services, money transfer and remittance desk in Kilalka / Sheikh Nuur East residential & commercial grid, Hargeisa",9.56612,44.08924,Banks & Financial,bank,Kilalka / Sheikh Nuur East,False,Landmark,Bangiyada & Xawaaladaha
wda_xafiiska_adeegga_somtel_telesom__2143,Xafiiska Adeegga Somtel & Telesom ee Qaybta 2143 (Goljano District),"Telecommunications branch, SIM registration and fiber service hub in Goljano District residential & commercial grid, Hargeisa",9.55331,44.07648,Corporate & Utilities,corporate,Goljano District,False,Building2,Shirkadaha & Isgaadhsiinta
wda_xarunta_korontada_sompower_ee_qa_2144,Xarunta Korontada Sompower ee Qaybta 2144 (Biyo Dhacay Area),"District electrical distribution and bill payment center in Biyo Dhacay Area residential & commercial grid, Hargeisa",9.55116,44.06985,Corporate & Utilities,utility,Biyo Dhacay Area,False,Zap,Korontada & Biyaha
wda_xafiiska_waaxda_dowladda_hoose_e_2145,Xafiiska Waaxda Dowladda Hoose ee Qaybta 2145 (Xero Awr / Hero Awr),"Municipal sub-office and local civic administration center in Xero Awr / Hero Awr residential & commercial grid, Hargeisa",9.56101,44.04398,Government & Civic,government,Xero Awr / Hero Awr,False,Landmark,Hay'adaha Dowladda
wda_maqaayadda_cuntada_hiddaha_dhaqa_2146,Maqaayadda Cuntada Hiddaha & Dhaqanka ee Qaybta 2146 (Downtown Waheen),"Traditional Somali dishes and family restaurant in Downtown Waheen residential & commercial grid, Hargeisa",9.56212,44.07412,Restaurants & Cafes,restaurant,Downtown Waheen,False,Utensils,Maqaayadaha & Kafateeriyada
wda_kafateeriyada_qahwada_casriga_ah_2147,Kafateeriyada & Qahwada Casriga ah ee Qaybta 2147 (Jigjiga Yar),"Modern coffee house and light dining lounge in Jigjiga Yar residential & commercial grid, Hargeisa",9.57815,44.04265,Restaurants & Cafes,restaurant,Jigjiga Yar,False,Utensils,Maqaayadaha & Kafateeriyada
wda_xarunta_ngo_yada_iyo_samafalka_e_2148,Xarunta NGO-yada iyo Samafalka ee Qaybta 2148 (Ahmed Dhagax),"Non-governmental development agency & aid office in Ahmed Dhagax residential & commercial grid, Hargeisa",9.55518,44.05917,NGOs & Humanitarian,ngo,Ahmed Dhagax,False,Globe,Hay'adaha Samafalka (NGOs)
wda_jidka_iyo_wadada_weyn_ee_qaybta__2149,Jidka iyo Wadada Weyn ee Qaybta 2149 (150 Highway),"Major paved road corridor and arterial avenue in 150 Highway residential & commercial grid, Hargeisa",9.58171,44.0627,Roads & Arterials,arterial_road,150 Highway,False,Navigation,Waddooyinka & Jidadka
wda_xaafada_deganaanshaha_ee_qaybta__2150,Xaafada Deganaanshaha ee Qaybta 2150 (Shaab / Institutional District),"Quiet residential enclave and community living sector in Shaab / Institutional District residential & commercial grid, Hargeisa",9.55914,44.06514,Xaafadaha (Districts),neighborhood,Shaab / Institutional District,False,Home,Xaafadaha & Degmooyinka
wda_cusbitaalka_gurmadka_caafimaadka_2151,Cusbitaalka Gurmadka Caafimaadka ee Qaybta 2151 (Maxamed Mooge),"Specialized neighborhood clinic & emergency health post in Maxamed Mooge residential & commercial grid, Hargeisa",9.51922,44.11321,Hospitals & Healthcare,hospital,Maxamed Mooge,False,HeartPulse,Cusbitaallada & Rugaha Caafimaadka
wda_rugta_daryeelka_hooyada_dhallaan_2152,Rugta Daryeelka Hooyada & Dhallaanka ee Qaybta 2152 (New Hargeisa),"Maternal and child care dispensary center in New Hargeisa residential & commercial grid, Hargeisa",9.55419,44.10468,Hospitals & Healthcare,hospital,New Hargeisa,False,HeartPulse,Cusbitaallada & Rugaha Caafimaadka
wda_farmasiga_shacabka_caafimaadka_e_2153,Farmasiga Shacabka & Caafimaadka ee Qaybta 2153 (Daami),"24/7 community pharmacy and dispensary outpost in Daami residential & commercial grid, Hargeisa",9.57516,44.09016,Hospitals & Healthcare,hospital,Daami,False,HeartPulse,Cusbitaallada & Rugaha Caafimaadka
wda_dugsiga_hoose_dhexe_ee_waxbarash_2154,Dugsiga Hoose/Dhexe ee Waxbarashada Qaybta 2154 (Shiraaqle),"Public primary & intermediate school campus in Shiraaqle residential & commercial grid, Hargeisa",9.56318,44.11117,Schools & Universities,school,Shiraaqle,False,GraduationCap,Dugsiyada & Waxbarashada
wda_akadeemiyada_casriga_ah_ee_qaybt_2155,Akadeemiyada Casriga ah ee Qaybta 2155 (Koodbuur),"Modern high school and STEM educational institute in Koodbuur residential & commercial grid, Hargeisa",9.57417,44.05167,Schools & Universities,school,Koodbuur,False,GraduationCap,Dugsiyada & Waxbarashada
wda_machadka_tababarka_xirfadaha_ee__2156,Machadka Tababarka Xirfadaha ee Qaybta 2156 (Airport Zone / Masalaha),"Vocational and technical training college center in Airport Zone / Masalaha residential & commercial grid, Hargeisa",9.52225,44.10074,Schools & Universities,university,Airport Zone / Masalaha,False,GraduationCap,Jaamacadaha & Kuliyadaha
wda_masjidka_jaamaca_ee_qaybta_2157__2157,Masjidka Jaamaca ee Qaybta 2157 (Kilalka / Sheikh Nuur East),"Congregational Friday mosque with community prayer hall in Kilalka / Sheikh Nuur East residential & commercial grid, Hargeisa",9.57217,44.10416,Mosques (Masaajidda),place_of_worship,Kilalka / Sheikh Nuur East,False,Moon,Masaajidda
wda_masjidka_al_imaan_ee_qaybta_2158_2158,Masjidka Al-Imaan ee Qaybta 2158 (Goljano District),"Neighborhood community mosque and Quranic learning hub in Goljano District residential & commercial grid, Hargeisa",9.55865,44.08965,Mosques (Masaajidda),place_of_worship,Goljano District,False,Moon,Masaajidda
wda_suuqa_khdaarta_iyo_ganacsiga_ee__2159,Suuqa Khdaarta iyo Ganacsiga ee Qaybta 2159 (Biyo Dhacay Area),"Neighborhood open-air fresh market and commercial trade zone in Biyo Dhacay Area residential & commercial grid, Hargeisa",9.55614,44.08214,Markets & Malls,mall,Biyo Dhacay Area,False,ShoppingBag,Suuqyada & Xarumaha Ganacsiga
wda_xarunta_ganacsiga_supermarket_ee_2160,Xarunta Ganacsiga & Supermarket ee Qaybta 2160 (Xero Awr / Hero Awr),"Modern multi-store retail grocery and provisions shopping center in Xero Awr / Hero Awr residential & commercial grid, Hargeisa",9.56635,44.05715,Markets & Malls,mall,Xero Awr / Hero Awr,False,ShoppingBag,Suuqyada & Xarumaha Ganacsiga
wda_kaalinta_shidaalka_hass_national_2161,Kaalinta Shidaalka Hass / National ee Qaybta 2161 (Downtown Waheen),"Service petrol station, diesel dispenser and tire service in Downtown Waheen residential & commercial grid, Hargeisa",9.566,44.0634,Fuel Stations (Kaalmaha Shidaalka),fuel,Downtown Waheen,False,Fuel,Kaalmaha Shidaalka
wda_kaalinta_shidaalka_gaaska_ee_qay_2162,Kaalinta Shidaalka & Gaaska ee Qaybta 2162 (Jigjiga Yar),"Fuel station and LPG domestic gas distribution depot in Jigjiga Yar residential & commercial grid, Hargeisa",9.583,44.02925,Fuel Stations (Kaalmaha Shidaalka),fuel,Jigjiga Yar,False,Fuel,Kaalmaha Shidaalka
wda_istaanka_gaadiidka_dadweynaha_ee_2163,Istaanka Gaadiidka Dadweynaha ee Qaybta 2163 (Ahmed Dhagax),"Minibus terminal and designated passenger pick-and-drop stop in Ahmed Dhagax residential & commercial grid, Hargeisa",9.561,44.0431,Transport & Terminals,transit_station,Ahmed Dhagax,False,Navigation,Istaannada & Gaadiidka
wda_isgoyska_weyn_ee_gaadiidka_ee_qa_2164,Isgoyska Weyn ee Gaadiidka ee Qaybta 2164 (150 Highway),"Major road intersection and inter-district transit artery in 150 Highway residential & commercial grid, Hargeisa",9.5885,44.04395,Transport & Terminals,transit_station,150 Highway,False,Navigation,Istaannada & Gaadiidka
wda_huteelka_nasashada_martida_ee_qa_2165,Huteelka Nasashada & Martida ee Qaybta 2165 (Shaab / Institutional District),"Comfortable guest lodging and family dining restaurant in Shaab / Institutional District residential & commercial grid, Hargeisa",9.56366,44.05263,Hotels & Hospitality,hotel,Shaab / Institutional District,False,Hotel,Huteellada & Martida
wda_laanta_zaad_dahabshiil_ee_qaybta_2166,Laanta ZAAD & Dahabshiil ee Qaybta 2166 (Maxamed Mooge),"Banking kiosk, e-remittance and ZAAD cash-in center in Maxamed Mooge residential & commercial grid, Hargeisa",9.52633,44.09356,Banks & Financial,bank,Maxamed Mooge,False,Landmark,Bangiyada & Xawaaladaha
wda_laanta_taaj_edahab_express_ee_qa_2167,Laanta TAAJ & Edahab Express ee Qaybta 2167 (New Hargeisa),"Financial services, money transfer and remittance desk in New Hargeisa residential & commercial grid, Hargeisa",9.56033,44.08771,Banks & Financial,bank,New Hargeisa,False,Landmark,Bangiyada & Xawaaladaha
wda_xafiiska_adeegga_somtel_telesom__2168,Xafiiska Adeegga Somtel & Telesom ee Qaybta 2168 (Daami),"Telecommunications branch, SIM registration and fiber service hub in Daami residential & commercial grid, Hargeisa",9.58033,44.07586,Corporate & Utilities,corporate,Daami,False,Building2,Shirkadaha & Isgaadhsiinta
wda_xarunta_korontada_sompower_ee_qa_2169,Xarunta Korontada Sompower ee Qaybta 2169 (Shiraaqle),"District electrical distribution and bill payment center in Shiraaqle residential & commercial grid, Hargeisa",9.569,44.0951,Corporate & Utilities,utility,Shiraaqle,False,Zap,Korontada & Biyaha
wda_xafiiska_waaxda_dowladda_hoose_e_2170,Xafiiska Waaxda Dowladda Hoose ee Qaybta 2170 (Koodbuur),"Municipal sub-office and local civic administration center in Koodbuur residential & commercial grid, Hargeisa",9.57966,44.03648,Government & Civic,government,Koodbuur,False,Landmark,Hay'adaha Dowladda
wda_maqaayadda_cuntada_hiddaha_dhaqa_2171,Maqaayadda Cuntada Hiddaha & Dhaqanka ee Qaybta 2171 (Airport Zone / Masalaha),"Traditional Somali dishes and family restaurant in Airport Zone / Masalaha residential & commercial grid, Hargeisa",9.53033,44.07841,Restaurants & Cafes,restaurant,Airport Zone / Masalaha,False,Utensils,Maqaayadaha & Kafateeriyada
wda_kafateeriyada_qahwada_casriga_ah_2172,Kafateeriyada & Qahwada Casriga ah ee Qaybta 2172 (Kilalka / Sheikh Nuur East),"Modern coffee house and light dining lounge in Kilalka / Sheikh Nuur East residential & commercial grid, Hargeisa",9.57766,44.08898,Restaurants & Cafes,restaurant,Kilalka / Sheikh Nuur East,False,Utensils,Maqaayadaha & Kafateeriyada
wda_xarunta_ngo_yada_iyo_samafalka_e_2173,Xarunta NGO-yada iyo Samafalka ee Qaybta 2173 (Goljano District),"Non-governmental development agency & aid office in Goljano District residential & commercial grid, Hargeisa",9.5635,44.07625,NGOs & Humanitarian,ngo,Goljano District,False,Globe,Hay'adaha Samafalka (NGOs)
wda_jidka_iyo_wadada_weyn_ee_qaybta__2174,Jidka iyo Wadada Weyn ee Qaybta 2174 (Biyo Dhacay Area),"Major paved road corridor and arterial avenue in Biyo Dhacay Area residential & commercial grid, Hargeisa",9.56066,44.06963,Roads & Arterials,arterial_road,Biyo Dhacay Area,False,Navigation,Waddooyinka & Jidadka
wda_xaafada_deganaanshaha_ee_qaybta__2175,Xaafada Deganaanshaha ee Qaybta 2175 (Xero Awr / Hero Awr),"Quiet residential enclave and community living sector in Xero Awr / Hero Awr residential & commercial grid, Hargeisa",9.5712,44.04375,Xaafadaha (Districts),neighborhood,Xero Awr / Hero Awr,False,Home,Xaafadaha & Degmooyinka
wda_cusbitaalka_gurmadka_caafimaadka_2176,Cusbitaalka Gurmadka Caafimaadka ee Qaybta 2176 (Downtown Waheen),"Specialized neighborhood clinic & emergency health post in Downtown Waheen residential & commercial grid, Hargeisa",9.55597,44.06866,Hospitals & Healthcare,hospital,Downtown Waheen,False,HeartPulse,Cusbitaallada & Rugaha Caafimaadka
wda_rugta_daryeelka_hooyada_dhallaan_2177,Rugta Daryeelka Hooyada & Dhallaanka ee Qaybta 2177 (Jigjiga Yar),"Maternal and child care dispensary center in Jigjiga Yar residential & commercial grid, Hargeisa",9.57046,44.03582,Hospitals & Healthcare,hospital,Jigjiga Yar,False,HeartPulse,Cusbitaallada & Rugaha Caafimaadka
wda_farmasiga_shacabka_caafimaadka_e_2178,Farmasiga Shacabka & Caafimaadka ee Qaybta 2178 (Ahmed Dhagax),"24/7 community pharmacy and dispensary outpost in Ahmed Dhagax residential & commercial grid, Hargeisa",9.54596,44.05099,Hospitals & Healthcare,hospital,Ahmed Dhagax,False,HeartPulse,Cusbitaallada & Rugaha Caafimaadka
wda_dugsiga_hoose_dhexe_ee_waxbarash_2179,Dugsiga Hoose/Dhexe ee Waxbarashada Qaybta 2179 (150 Highway),"Public primary & intermediate school campus in 150 Highway residential & commercial grid, Hargeisa",9.57095,44.05315,Schools & Universities,school,150 Highway,False,GraduationCap,Dugsiyada & Waxbarashada
wda_akadeemiyada_casriga_ah_ee_qaybt_2180,Akadeemiyada Casriga ah ee Qaybta 2180 (Shaab / Institutional District),"Modern high school and STEM educational institute in Shaab / Institutional District residential & commercial grid, Hargeisa",9.55197,44.05877,Schools & Universities,school,Shaab / Institutional District,False,GraduationCap,Dugsiyada & Waxbarashada
wda_machadka_tababarka_xirfadaha_ee__2181,Machadka Tababarka Xirfadaha ee Qaybta 2181 (Maxamed Mooge),"Vocational and technical training college center in Maxamed Mooge residential & commercial grid, Hargeisa",9.50795,44.1032,Schools & Universities,university,Maxamed Mooge,False,GraduationCap,Jaamacadaha & Kuliyadaha
wda_masjidka_jaamaca_ee_qaybta_2182__2182,Masjidka Jaamaca ee Qaybta 2182 (New Hargeisa),"Congregational Friday mosque with community prayer hall in New Hargeisa residential & commercial grid, Hargeisa",9.54446,44.09604,Mosques (Masaajidda),place_of_worship,New Hargeisa,False,Moon,Masaajidda
wda_masjidka_al_imaan_ee_qaybta_2183_2183,Masjidka Al-Imaan ee Qaybta 2183 (Daami),"Neighborhood community mosque and Quranic learning hub in Daami residential & commercial grid, Hargeisa",9.56696,44.08288,Mosques (Masaajidda),place_of_worship,Daami,False,Moon,Masaajidda
wda_suuqa_khdaarta_iyo_ganacsiga_ee__2184,Suuqa Khdaarta iyo Ganacsiga ee Qaybta 2184 (Shiraaqle),"Neighborhood open-air fresh market and commercial trade zone in Shiraaqle residential & commercial grid, Hargeisa",9.55396,44.10299,Markets & Malls,mall,Shiraaqle,False,ShoppingBag,Suuqyada & Xarumaha Ganacsiga
wda_xarunta_ganacsiga_supermarket_ee_2185,Xarunta Ganacsiga & Supermarket ee Qaybta 2185 (Koodbuur),"Modern multi-store retail grocery and provisions shopping center in Koodbuur residential & commercial grid, Hargeisa",9.56546,44.04393,Markets & Malls,mall,Koodbuur,False,ShoppingBag,Suuqyada & Xarumaha Ganacsiga
wda_kaalinta_shidaalka_hass_national_2186,Kaalinta Shidaalka Hass / National ee Qaybta 2186 (Airport Zone / Masalaha),"Service petrol station, diesel dispenser and tire service in Airport Zone / Masalaha residential & commercial grid, Hargeisa",9.50944,44.08937,Fuel Stations (Kaalmaha Shidaalka),fuel,Airport Zone / Masalaha,False,Fuel,Kaalmaha Shidaalka
wda_kaalinta_shidaalka_gaaska_ee_qay_2187,Kaalinta Shidaalka & Gaaska ee Qaybta 2187 (Kilalka / Sheikh Nuur East),"Fuel station and LPG domestic gas distribution depot in Kilalka / Sheikh Nuur East residential & commercial grid, Hargeisa",9.56346,44.09643,Fuel Stations (Kaalmaha Shidaalka),fuel,Kilalka / Sheikh Nuur East,False,Fuel,Kaalmaha Shidaalka
wda_istaanka_gaadiidka_dadweynaha_ee_2188,Istaanka Gaadiidka Dadweynaha ee Qaybta 2188 (Goljano District),"Minibus terminal and designated passenger pick-and-drop stop in Goljano District residential & commercial grid, Hargeisa",9.55096,44.08282,Transport & Terminals,transit_station,Goljano District,False,Navigation,Istaannada & Gaadiidka
wda_isgoyska_weyn_ee_gaadiidka_ee_qa_2189,Isgoyska Weyn ee Gaadiidka ee Qaybta 2189 (Biyo Dhacay Area),"Major road intersection and inter-district transit artery in Biyo Dhacay Area residential & commercial grid, Hargeisa",9.54897,44.07577,Transport & Terminals,transit_station,Biyo Dhacay Area,False,Navigation,Istaannada & Gaadiidka
wda_huteelka_nasashada_martida_ee_qa_2190,Huteelka Nasashada & Martida ee Qaybta 2190 (Xero Awr / Hero Awr),"Comfortable guest lodging and family dining restaurant in Xero Awr / Hero Awr residential & commercial grid, Hargeisa",9.55866,44.05032,Hotels & Hospitality,hotel,Xero Awr / Hero Awr,False,Hotel,Huteellada & Martida
wda_laanta_zaad_dahabshiil_ee_qaybta_2191,Laanta ZAAD & Dahabshiil ee Qaybta 2191 (Downtown Waheen),"Banking kiosk, e-remittance and ZAAD cash-in center in Downtown Waheen residential & commercial grid, Hargeisa",9.56689,44.07165,Banks & Financial,bank,Downtown Waheen,False,Landmark,Bangiyada & Xawaaladaha
wda_laanta_taaj_edahab_express_ee_qa_2192,Laanta TAAJ & Edahab Express ee Qaybta 2192 (Jigjiga Yar),"Financial services, money transfer and remittance desk in Jigjiga Yar residential & commercial grid, Hargeisa",9.58412,44.03957,Banks & Financial,bank,Jigjiga Yar,False,Landmark,Bangiyada & Xawaaladaha
wda_xafiiska_adeegga_somtel_telesom__2193,Xafiiska Adeegga Somtel & Telesom ee Qaybta 2193 (Ahmed Dhagax),"Telecommunications branch, SIM registration and fiber service hub in Ahmed Dhagax residential & commercial grid, Hargeisa",9.56234,44.05548,Corporate & Utilities,corporate,Ahmed Dhagax,False,Building2,Shirkadaha & Isgaadhsiinta
wda_xarunta_korontada_sompower_ee_qa_2194,Xarunta Korontada Sompower ee Qaybta 2194 (150 Highway),"District electrical distribution and bill payment center in 150 Highway residential & commercial grid, Hargeisa",9.59007,44.0584,Corporate & Utilities,utility,150 Highway,False,Zap,Korontada & Biyaha
wda_xafiiska_waaxda_dowladda_hoose_e_2195,Xafiiska Waaxda Dowladda Hoose ee Qaybta 2195 (Shaab / Institutional District),"Municipal sub-office and local civic administration center in Shaab / Institutional District residential & commercial grid, Hargeisa",9.56471,44.06226,Government & Civic,government,Shaab / Institutional District,False,Landmark,Hay'adaha Dowladda
wda_maqaayadda_cuntada_hiddaha_dhaqa_2196,Maqaayadda Cuntada Hiddaha & Dhaqanka ee Qaybta 2196 (Maxamed Mooge),"Traditional Somali dishes and family restaurant in Maxamed Mooge residential & commercial grid, Hargeisa",9.52797,44.1087,Restaurants & Cafes,restaurant,Maxamed Mooge,False,Utensils,Maqaayadaha & Kafateeriyada
wda_kafateeriyada_qahwada_casriga_ah_2197,Kafateeriyada & Qahwada Casriga ah ee Qaybta 2197 (New Hargeisa),"Modern coffee house and light dining lounge in New Hargeisa residential & commercial grid, Hargeisa",9.56175,44.10079,Restaurants & Cafes,restaurant,New Hargeisa,False,Utensils,Maqaayadaha & Kafateeriyada
wda_xarunta_ngo_yada_iyo_samafalka_e_2198,Xarunta NGO-yada iyo Samafalka ee Qaybta 2198 (Daami),"Non-governmental development agency & aid office in Daami residential & commercial grid, Hargeisa",9.58153,44.08687,NGOs & Humanitarian,ngo,Daami,False,Globe,Hay'adaha Samafalka (NGOs)
wda_jidka_iyo_wadada_weyn_ee_qaybta__2199,Jidka iyo Wadada Weyn ee Qaybta 2199 (Shiraaqle),"Major paved road corridor and arterial avenue in Shiraaqle residential & commercial grid, Hargeisa",9.57034,44.10748,Roads & Arterials,arterial_road,Shiraaqle,False,Navigation,Waddooyinka & Jidadka
wda_xaafada_deganaanshaha_ee_qaybta__2200,Xaafada Deganaanshaha ee Qaybta 2200 (Koodbuur),"Quiet residential enclave and community living sector in Koodbuur residential & commercial grid, Hargeisa",9.58093,44.04818,Xaafadaha (Districts),neighborhood,Koodbuur,False,Home,Xaafadaha & Degmooyinka
wda_cusbitaalka_gurmadka_caafimaadka_2201,Cusbitaalka Gurmadka Caafimaadka ee Qaybta 2201 (Airport Zone / Masalaha),"Specialized neighborhood clinic & emergency health post in Airport Zone / Masalaha residential & commercial grid, Hargeisa",9.5322,44.09561,Hospitals & Healthcare,hospital,Airport Zone / Masalaha,False,HeartPulse,Cusbitaallada & Rugaha Caafimaadka
wda_rugta_daryeelka_hooyada_dhallaan_2202,Rugta Daryeelka Hooyada & Dhallaanka ee Qaybta 2202 (Kilalka / Sheikh Nuur East),"Maternal and child care dispensary center in Kilalka / Sheikh Nuur East residential & commercial grid, Hargeisa",9.57893,44.10068,Hospitals & Healthcare,hospital,Kilalka / Sheikh Nuur East,False,HeartPulse,Cusbitaallada & Rugaha Caafimaadka
wda_farmasiga_shacabka_caafimaadka_e_2203,Farmasiga Shacabka & Caafimaadka ee Qaybta 2203 (Goljano District),"24/7 community pharmacy and dispensary outpost in Goljano District residential & commercial grid, Hargeisa",9.56462,44.08657,Hospitals & Healthcare,hospital,Goljano District,False,HeartPulse,Cusbitaallada & Rugaha Caafimaadka
wda_dugsiga_hoose_dhexe_ee_waxbarash_2204,Dugsiga Hoose/Dhexe ee Waxbarashada Qaybta 2204 (Biyo Dhacay Area),"Public primary & intermediate school campus in Biyo Dhacay Area residential & commercial grid, Hargeisa",9.56171,44.07926,Schools & Universities,school,Biyo Dhacay Area,False,GraduationCap,Dugsiyada & Waxbarashada
wda_akadeemiyada_casriga_ah_ee_qaybt_2205,Akadeemiyada Casriga ah ee Qaybta 2205 (Xero Awr / Hero Awr),"Modern high school and STEM educational institute in Xero Awr / Hero Awr residential & commercial grid, Hargeisa",9.57232,44.05407,Schools & Universities,school,Xero Awr / Hero Awr,False,GraduationCap,Dugsiyada & Waxbarashada
wda_machadka_tababarka_xirfadaha_ee__2206,Machadka Tababarka Xirfadaha ee Qaybta 2206 (Downtown Waheen),"Vocational and technical training college center in Downtown Waheen residential & commercial grid, Hargeisa",9.56082,44.06194,Schools & Universities,university,Downtown Waheen,False,GraduationCap,Jaamacadaha & Kuliyadaha
wda_masjidka_jaamaca_ee_qaybta_2207__2207,Masjidka Jaamaca ee Qaybta 2207 (Jigjiga Yar),"Congregational Friday mosque with community prayer hall in Jigjiga Yar residential & commercial grid, Hargeisa",9.57653,44.02742,Mosques (Masaajidda),place_of_worship,Jigjiga Yar,False,Moon,Masaajidda
wda_masjidka_al_imaan_ee_qaybta_2208_2208,Masjidka Al-Imaan ee Qaybta 2208 (Ahmed Dhagax),"Neighborhood community mosque and Quranic learning hub in Ahmed Dhagax residential & commercial grid, Hargeisa",9.55323,44.04091,Mosques (Masaajidda),place_of_worship,Ahmed Dhagax,False,Moon,Masaajidda
wda_suuqa_khdaarta_iyo_ganacsiga_ee__2209,Suuqa Khdaarta iyo Ganacsiga ee Qaybta 2209 (150 Highway),"Neighborhood open-air fresh market and commercial trade zone in 150 Highway residential & commercial grid, Hargeisa",9.57944,44.04139,Markets & Malls,mall,150 Highway,False,ShoppingBag,Suuqyada & Xarumaha Ganacsiga
wda_xarunta_ganacsiga_supermarket_ee_2210,Xarunta Ganacsiga & Supermarket ee Qaybta 2210 (Shaab / Institutional District),"Modern multi-store retail grocery and provisions shopping center in Shaab / Institutional District residential & commercial grid, Hargeisa",9.55763,44.05093,Markets & Malls,mall,Shaab / Institutional District,False,ShoppingBag,Suuqyada & Xarumaha Ganacsiga
wda_kaalinta_shidaalka_hass_national_2211,Kaalinta Shidaalka Hass / National ee Qaybta 2211 (Maxamed Mooge),"Service petrol station, diesel dispenser and tire service in Maxamed Mooge residential & commercial grid, Hargeisa",9.51684,44.09089,Fuel Stations (Kaalmaha Shidaalka),fuel,Maxamed Mooge,False,Fuel,Kaalmaha Shidaalka
wda_kaalinta_shidaalka_gaaska_ee_qay_2212,Kaalinta Shidaalka & Gaaska ee Qaybta 2212 (New Hargeisa),"Fuel station and LPG domestic gas distribution depot in New Hargeisa residential & commercial grid, Hargeisa",9.55213,44.0854,Fuel Stations (Kaalmaha Shidaalka),fuel,New Hargeisa,False,Fuel,Kaalmaha Shidaalka
wda_istaanka_gaadiidka_dadweynaha_ee_2213,Istaanka Gaadiidka Dadweynaha ee Qaybta 2213 (Daami),"Minibus terminal and designated passenger pick-and-drop stop in Daami residential & commercial grid, Hargeisa",9.57343,44.07392,Transport & Terminals,transit_station,Daami,False,Navigation,Istaannada & Gaadiidka
wda_isgoyska_weyn_ee_gaadiidka_ee_qa_2214,Isgoyska Weyn ee Gaadiidka ee Qaybta 2214 (Shiraaqle),"Major road intersection and inter-district transit artery in Shiraaqle residential & commercial grid, Hargeisa",9.56123,44.09291,Transport & Terminals,transit_station,Shiraaqle,False,Navigation,Istaannada & Gaadiidka
wda_huteelka_nasashada_martida_ee_qa_2215,Huteelka Nasashada & Martida ee Qaybta 2215 (Koodbuur),"Comfortable guest lodging and family dining restaurant in Koodbuur residential & commercial grid, Hargeisa",9.57233,44.03441,Hotels & Hospitality,hotel,Koodbuur,False,Hotel,Huteellada & Martida
wda_laanta_zaad_dahabshiil_ee_qaybta_2216,Laanta ZAAD & Dahabshiil ee Qaybta 2216 (Airport Zone / Masalaha),"Banking kiosk, e-remittance and ZAAD cash-in center in Airport Zone / Masalaha residential & commercial grid, Hargeisa",9.51955,44.07537,Banks & Financial,bank,Airport Zone / Masalaha,False,Landmark,Bangiyada & Xawaaladaha
wda_laanta_taaj_edahab_express_ee_qa_2217,Laanta TAAJ & Edahab Express ee Qaybta 2217 (Kilalka / Sheikh Nuur East),"Financial services, money transfer and remittance desk in Kilalka / Sheikh Nuur East residential & commercial grid, Hargeisa",9.57033,44.08691,Banks & Financial,bank,Kilalka / Sheikh Nuur East,False,Landmark,Bangiyada & Xawaaladaha
wda_xafiiska_adeegga_somtel_telesom__2218,Xafiiska Adeegga Somtel & Telesom ee Qaybta 2218 (Goljano District),"Telecommunications branch, SIM registration and fiber service hub in Goljano District residential & commercial grid, Hargeisa",9.55703,44.07442,Corporate & Utilities,corporate,Goljano District,False,Building2,Shirkadaha & Isgaadhsiinta
wda_xarunta_korontada_sompower_ee_qa_2219,Xarunta Korontada Sompower ee Qaybta 2219 (Biyo Dhacay Area),"District electrical distribution and bill payment center in Biyo Dhacay Area residential & commercial grid, Hargeisa",9.55463,44.06793,Corporate & Utilities,utility,Biyo Dhacay Area,False,Zap,Korontada & Biyaha
wda_xafiiska_waaxda_dowladda_hoose_e_2220,Xafiiska Waaxda Dowladda Hoose ee Qaybta 2220 (Xero Awr / Hero Awr),"Municipal sub-office and local civic administration center in Xero Awr / Hero Awr residential & commercial grid, Hargeisa",9.56473,44.04192,Government & Civic,government,Xero Awr / Hero Awr,False,Landmark,Hay'adaha Dowladda
wda_maqaayadda_cuntada_hiddaha_dhaqa_2221,Maqaayadda Cuntada Hiddaha & Dhaqanka ee Qaybta 2221 (Downtown Waheen),"Traditional Somali dishes and family restaurant in Downtown Waheen residential & commercial grid, Hargeisa",9.55882,44.07329,Restaurants & Cafes,restaurant,Downtown Waheen,False,Utensils,Maqaayadaha & Kafateeriyada
wda_kafateeriyada_qahwada_casriga_ah_2222,Kafateeriyada & Qahwada Casriga ah ee Qaybta 2222 (Jigjiga Yar),"Modern coffee house and light dining lounge in Jigjiga Yar residential & commercial grid, Hargeisa",9.57403,44.04161,Restaurants & Cafes,restaurant,Jigjiga Yar,False,Utensils,Maqaayadaha & Kafateeriyada
wda_xarunta_ngo_yada_iyo_samafalka_e_2223,Xarunta NGO-yada iyo Samafalka ee Qaybta 2223 (Ahmed Dhagax),"Non-governmental development agency & aid office in Ahmed Dhagax residential & commercial grid, Hargeisa",9.55023,44.05794,NGOs & Humanitarian,ngo,Ahmed Dhagax,False,Globe,Hay'adaha Samafalka (NGOs)
wda_jidka_iyo_wadada_weyn_ee_qaybta__2224,Jidka iyo Wadada Weyn ee Qaybta 2224 (150 Highway),"Major paved road corridor and arterial avenue in 150 Highway residential & commercial grid, Hargeisa",9.57594,44.06126,Roads & Arterials,arterial_road,150 Highway,False,Navigation,Waddooyinka & Jidadka
wda_xaafada_deganaanshaha_ee_qaybta__2225,Xaafada Deganaanshaha ee Qaybta 2225 (Shaab / Institutional District),"Quiet residential enclave and community living sector in Shaab / Institutional District residential & commercial grid, Hargeisa",9.55529,44.06417,Xaafadaha (Districts),neighborhood,Shaab / Institutional District,False,Home,Xaafadaha & Degmooyinka
wda_cusbitaalka_gurmadka_caafimaadka_2226,Cusbitaalka Gurmadka Caafimaadka ee Qaybta 2226 (Maxamed Mooge),"Specialized neighborhood clinic & emergency health post in Maxamed Mooge residential & commercial grid, Hargeisa",9.51317,44.1117,Hospitals & Healthcare,hospital,Maxamed Mooge,False,HeartPulse,Cusbitaallada & Rugaha Caafimaadka
wda_rugta_daryeelka_hooyada_dhallaan_2227,Rugta Daryeelka Hooyada & Dhallaanka ee Qaybta 2227 (New Hargeisa),"Maternal and child care dispensary center in New Hargeisa residential & commercial grid, Hargeisa",9.54897,44.10338,Hospitals & Healthcare,hospital,New Hargeisa,False,HeartPulse,Cusbitaallada & Rugaha Caafimaadka
wda_farmasiga_shacabka_caafimaadka_e_2228,Farmasiga Shacabka & Caafimaadka ee Qaybta 2228 (Daami),"24/7 community pharmacy and dispensary outpost in Daami residential & commercial grid, Hargeisa",9.57076,44.08905,Hospitals & Healthcare,hospital,Daami,False,HeartPulse,Cusbitaallada & Rugaha Caafimaadka
wda_dugsiga_hoose_dhexe_ee_waxbarash_2229,Dugsiga Hoose/Dhexe ee Waxbarashada Qaybta 2229 (Shiraaqle),"Public primary & intermediate school campus in Shiraaqle residential & commercial grid, Hargeisa",9.55823,44.10994,Schools & Universities,school,Shiraaqle,False,GraduationCap,Dugsiyada & Waxbarashada
wda_akadeemiyada_casriga_ah_ee_qaybt_2230,Akadeemiyada Casriga ah ee Qaybta 2230 (Koodbuur),"Modern high school and STEM educational institute in Koodbuur residential & commercial grid, Hargeisa",9.5695,44.0505,Schools & Universities,school,Koodbuur,False,GraduationCap,Dugsiyada & Waxbarashada
wda_machadka_tababarka_xirfadaha_ee__2231,Machadka Tababarka Xirfadaha ee Qaybta 2231 (Airport Zone / Masalaha),"Vocational and technical training college center in Airport Zone / Masalaha residential & commercial grid, Hargeisa",9.51538,44.09902,Schools & Universities,university,Airport Zone / Masalaha,False,GraduationCap,Jaamacadaha & Kuliyadaha
wda_masjidka_jaamaca_ee_qaybta_2232__2232,Masjidka Jaamaca ee Qaybta 2232 (Kilalka / Sheikh Nuur East),"Congregational Friday mosque with community prayer hall in Kilalka / Sheikh Nuur East residential & commercial grid, Hargeisa",9.5675,44.103,Mosques (Masaajidda),place_of_worship,Kilalka / Sheikh Nuur East,False,Moon,Masaajidda
wda_masjidka_al_imaan_ee_qaybta_2233_2233,Masjidka Al-Imaan ee Qaybta 2233 (Goljano District),"Neighborhood community mosque and Quranic learning hub in Goljano District residential & commercial grid, Hargeisa",9.55453,44.08861,Mosques (Masaajidda),place_of_worship,Goljano District,False,Moon,Masaajidda
wda_suuqa_khdaarta_iyo_ganacsiga_ee__2234,Suuqa Khdaarta iyo Ganacsiga ee Qaybta 2234 (Biyo Dhacay Area),"Neighborhood open-air fresh market and commercial trade zone in Biyo Dhacay Area residential & commercial grid, Hargeisa",9.55229,44.08117,Markets & Malls,mall,Biyo Dhacay Area,False,ShoppingBag,Suuqyada & Xarumaha Ganacsiga
wda_xarunta_ganacsiga_supermarket_ee_2235,Xarunta Ganacsiga & Supermarket ee Qaybta 2235 (Xero Awr / Hero Awr),"Modern multi-store retail grocery and provisions shopping center in Xero Awr / Hero Awr residential & commercial grid, Hargeisa",9.56223,44.05611,Markets & Malls,mall,Xero Awr / Hero Awr,False,ShoppingBag,Suuqyada & Xarumaha Ganacsiga
wda_kaalinta_shidaalka_hass_national_2236,Kaalinta Shidaalka Hass / National ee Qaybta 2236 (Downtown Waheen),"Service petrol station, diesel dispenser and tire service in Downtown Waheen residential & commercial grid, Hargeisa",9.56788,44.06627,Fuel Stations (Kaalmaha Shidaalka),fuel,Downtown Waheen,False,Fuel,Kaalmaha Shidaalka
wda_kaalinta_shidaalka_gaaska_ee_qay_2237,Kaalinta Shidaalka & Gaaska ee Qaybta 2237 (Jigjiga Yar),"Fuel station and LPG domestic gas distribution depot in Jigjiga Yar residential & commercial grid, Hargeisa",9.58535,44.03284,Fuel Stations (Kaalmaha Shidaalka),fuel,Jigjiga Yar,False,Fuel,Kaalmaha Shidaalka
wda_istaanka_gaadiidka_dadweynaha_ee_2238,Istaanka Gaadiidka Dadweynaha ee Qaybta 2238 (Ahmed Dhagax),"Minibus terminal and designated passenger pick-and-drop stop in Ahmed Dhagax residential & commercial grid, Hargeisa",9.56382,44.04741,Transport & Terminals,transit_station,Ahmed Dhagax,False,Navigation,Istaannada & Gaadiidka
wda_isgoyska_weyn_ee_gaadiidka_ee_qa_2239,Isgoyska Weyn ee Gaadiidka ee Qaybta 2239 (150 Highway),"Major road intersection and inter-district transit artery in 150 Highway residential & commercial grid, Hargeisa",9.59179,44.04897,Transport & Terminals,transit_station,150 Highway,False,Navigation,Istaannada & Gaadiidka
wda_huteelka_nasashada_martida_ee_qa_2240,Huteelka Nasashada & Martida ee Qaybta 2240 (Shaab / Institutional District),"Comfortable guest lodging and family dining restaurant in Shaab / Institutional District residential & commercial grid, Hargeisa",9.56586,44.05598,Hotels & Hospitality,hotel,Shaab / Institutional District,False,Hotel,Huteellada & Martida
wda_laanta_zaad_dahabshiil_ee_qaybta_2241,Laanta ZAAD & Dahabshiil ee Qaybta 2241 (Maxamed Mooge),"Banking kiosk, e-remittance and ZAAD cash-in center in Maxamed Mooge residential & commercial grid, Hargeisa",9.52978,44.09883,Banks & Financial,bank,Maxamed Mooge,False,Landmark,Bangiyada & Xawaaladaha
wda_laanta_taaj_edahab_express_ee_qa_2242,Laanta TAAJ & Edahab Express ee Qaybta 2242 (New Hargeisa),"Financial services, money transfer and remittance desk in New Hargeisa residential & commercial grid, Hargeisa",9.56331,44.09226,Banks & Financial,bank,New Hargeisa,False,Landmark,Bangiyada & Xawaaladaha
wda_xafiiska_adeegga_somtel_telesom__2243,Xafiiska Adeegga Somtel & Telesom ee Qaybta 2243 (Daami),"Telecommunications branch, SIM registration and fiber service hub in Daami residential & commercial grid, Hargeisa",9.58284,44.07969,Corporate & Utilities,corporate,Daami,False,Building2,Shirkadaha & Isgaadhsiinta
wda_xarunta_korontada_sompower_ee_qa_2244,Xarunta Korontada Sompower ee Qaybta 2244 (Shiraaqle),"District electrical distribution and bill payment center in Shiraaqle residential & commercial grid, Hargeisa",9.57182,44.09941,Corporate & Utilities,utility,Shiraaqle,False,Zap,Korontada & Biyaha
wda_xafiiska_waaxda_dowladda_hoose_e_2245,Xafiiska Waaxda Dowladda Hoose ee Qaybta 2245 (Koodbuur),"Municipal sub-office and local civic administration center in Koodbuur residential & commercial grid, Hargeisa",9.58233,44.04055,Government & Civic,government,Koodbuur,False,Landmark,Hay'adaha Dowladda
wda_maqaayadda_cuntada_hiddaha_dhaqa_2246,Maqaayadda Cuntada Hiddaha & Dhaqanka ee Qaybta 2246 (Airport Zone / Masalaha),"Traditional Somali dishes and family restaurant in Airport Zone / Masalaha residential & commercial grid, Hargeisa",9.53425,44.0844,Restaurants & Cafes,restaurant,Airport Zone / Masalaha,False,Utensils,Maqaayadaha & Kafateeriyada
wda_kafateeriyada_qahwada_casriga_ah_2247,Kafateeriyada & Qahwada Casriga ah ee Qaybta 2247 (Kilalka / Sheikh Nuur East),"Modern coffee house and light dining lounge in Kilalka / Sheikh Nuur East residential & commercial grid, Hargeisa",9.58033,44.09305,Restaurants & Cafes,restaurant,Kilalka / Sheikh Nuur East,False,Utensils,Maqaayadaha & Kafateeriyada
wda_xarunta_ngo_yada_iyo_samafalka_e_2248,Xarunta NGO-yada iyo Samafalka ee Qaybta 2248 (Goljano District),"Non-governmental development agency & aid office in Goljano District residential & commercial grid, Hargeisa",9.56585,44.07984,NGOs & Humanitarian,ngo,Goljano District,False,Globe,Hay'adaha Samafalka (NGOs)
wda_jidka_iyo_wadada_weyn_ee_qaybta__2249,Jidka iyo Wadada Weyn ee Qaybta 2249 (Biyo Dhacay Area),"Major paved road corridor and arterial avenue in Biyo Dhacay Area residential & commercial grid, Hargeisa",9.56286,44.07298,Roads & Arterials,arterial_road,Biyo Dhacay Area,False,Navigation,Waddooyinka & Jidadka
wda_xaafada_deganaanshaha_ee_qaybta__2250,Xaafada Deganaanshaha ee Qaybta 2250 (Xero Awr / Hero Awr),"Quiet residential enclave and community living sector in Xero Awr / Hero Awr residential & commercial grid, Hargeisa",9.57355,44.04734,Xaafadaha (Districts),neighborhood,Xero Awr / Hero Awr,False,Home,Xaafadaha & Degmooyinka
wda_cusbitaalka_gurmadka_caafimaadka_2251,Cusbitaalka Gurmadka Caafimaadka ee Qaybta 2251 (Downtown Waheen),"Specialized neighborhood clinic & emergency health post in Downtown Waheen residential & commercial grid, Hargeisa",9.5565,44.06524,Hospitals & Healthcare,hospital,Downtown Waheen,False,HeartPulse,Cusbitaallada & Rugaha Caafimaadka
wda_rugta_daryeelka_hooyada_dhallaan_2252,Rugta Daryeelka Hooyada & Dhallaanka ee Qaybta 2252 (Jigjiga Yar),"Maternal and child care dispensary center in Jigjiga Yar residential & commercial grid, Hargeisa",9.57112,44.03155,Hospitals & Healthcare,hospital,Jigjiga Yar,False,HeartPulse,Cusbitaallada & Rugaha Caafimaadka
wda_farmasiga_shacabka_caafimaadka_e_2253,Farmasiga Shacabka & Caafimaadka ee Qaybta 2253 (Ahmed Dhagax),"24/7 community pharmacy and dispensary outpost in Ahmed Dhagax residential & commercial grid, Hargeisa",9.54675,44.04586,Hospitals & Healthcare,hospital,Ahmed Dhagax,False,HeartPulse,Cusbitaallada & Rugaha Caafimaadka
wda_dugsiga_hoose_dhexe_ee_waxbarash_2254,Dugsiga Hoose/Dhexe ee Waxbarashada Qaybta 2254 (150 Highway),"Public primary & intermediate school campus in 150 Highway residential & commercial grid, Hargeisa",9.57187,44.04717,Schools & Universities,school,150 Highway,False,GraduationCap,Dugsiyada & Waxbarashada
wda_akadeemiyada_casriga_ah_ee_qaybt_2255,Akadeemiyada Casriga ah ee Qaybta 2255 (Shaab / Institutional District),"Modern high school and STEM educational institute in Shaab / Institutional District residential & commercial grid, Hargeisa",9.55258,44.05478,Schools & Universities,school,Shaab / Institutional District,False,GraduationCap,Dugsiyada & Waxbarashada
wda_machadka_tababarka_xirfadaha_ee__2256,Machadka Tababarka Xirfadaha ee Qaybta 2256 (Maxamed Mooge),"Vocational and technical training college center in Maxamed Mooge residential & commercial grid, Hargeisa",9.50891,44.09694,Schools & Universities,university,Maxamed Mooge,False,GraduationCap,Jaamacadaha & Kuliyadaha
wda_masjidka_jaamaca_ee_qaybta_2257__2257,Masjidka Jaamaca ee Qaybta 2257 (New Hargeisa),"Congregational Friday mosque with community prayer hall in New Hargeisa residential & commercial grid, Hargeisa",9.54529,44.09063,Mosques (Masaajidda),place_of_worship,New Hargeisa,False,Moon,Masaajidda
wda_masjidka_al_imaan_ee_qaybta_2258_2258,Masjidka Al-Imaan ee Qaybta 2258 (Daami),"Neighborhood community mosque and Quranic learning hub in Daami residential & commercial grid, Hargeisa",9.56766,44.07832,Mosques (Masaajidda),place_of_worship,Daami,False,Moon,Masaajidda
wda_suuqa_khdaarta_iyo_ganacsiga_ee__2259,Suuqa Khdaarta iyo Ganacsiga ee Qaybta 2259 (Shiraaqle),"Neighborhood open-air fresh market and commercial trade zone in Shiraaqle residential & commercial grid, Hargeisa",9.55475,44.09786,Markets & Malls,mall,Shiraaqle,False,ShoppingBag,Suuqyada & Xarumaha Ganacsiga
wda_xarunta_ganacsiga_supermarket_ee_2260,Xarunta Ganacsiga & Supermarket ee Qaybta 2260 (Koodbuur),"Modern multi-store retail grocery and provisions shopping center in Koodbuur residential & commercial grid, Hargeisa",9.56621,44.03909,Markets & Malls,mall,Koodbuur,False,ShoppingBag,Suuqyada & Xarumaha Ganacsiga
wda_kaalinta_shidaalka_hass_national_2261,Kaalinta Shidaalka Hass / National ee Qaybta 2261 (Airport Zone / Masalaha),"Service petrol station, diesel dispenser and tire service in Airport Zone / Masalaha residential & commercial grid, Hargeisa",9.51054,44.08225,Fuel Stations (Kaalmaha Shidaalka),fuel,Airport Zone / Masalaha,False,Fuel,Kaalmaha Shidaalka
wda_kaalinta_shidaalka_gaaska_ee_qay_2262,Kaalinta Shidaalka & Gaaska ee Qaybta 2262 (Kilalka / Sheikh Nuur East),"Fuel station and LPG domestic gas distribution depot in Kilalka / Sheikh Nuur East residential & commercial grid, Hargeisa",9.56421,44.09159,Fuel Stations (Kaalmaha Shidaalka),fuel,Kilalka / Sheikh Nuur East,False,Fuel,Kaalmaha Shidaalka
wda_istaanka_gaadiidka_dadweynaha_ee_2263,Istaanka Gaadiidka Dadweynaha ee Qaybta 2263 (Goljano District),"Minibus terminal and designated passenger pick-and-drop stop in Goljano District residential & commercial grid, Hargeisa",9.55162,44.07855,Transport & Terminals,transit_station,Goljano District,False,Navigation,Istaannada & Gaadiidka
wda_isgoyska_weyn_ee_gaadiidka_ee_qa_2264,Isgoyska Weyn ee Gaadiidka ee Qaybta 2264 (Biyo Dhacay Area),"Major road intersection and inter-district transit artery in Biyo Dhacay Area residential & commercial grid, Hargeisa",9.54958,44.07178,Transport & Terminals,transit_station,Biyo Dhacay Area,False,Navigation,Istaannada & Gaadiidka
wda_huteelka_nasashada_martida_ee_qa_2265,Huteelka Nasashada & Martida ee Qaybta 2265 (Xero Awr / Hero Awr),"Comfortable guest lodging and family dining restaurant in Xero Awr / Hero Awr residential & commercial grid, Hargeisa",9.55932,44.04605,Hotels & Hospitality,hotel,Xero Awr / Hero Awr,False,Hotel,Huteellada & Martida
wda_laanta_zaad_dahabshiil_ee_qaybta_2266,Laanta ZAAD & Dahabshiil ee Qaybta 2266 (Downtown Waheen),"Banking kiosk, e-remittance and ZAAD cash-in center in Downtown Waheen residential & commercial grid, Hargeisa",9.56422,44.07382,Banks & Financial,bank,Downtown Waheen,False,Landmark,Bangiyada & Xawaaladaha
wda_laanta_taaj_edahab_express_ee_qa_2267,Laanta TAAJ & Edahab Express ee Qaybta 2267 (Jigjiga Yar),"Financial services, money transfer and remittance desk in Jigjiga Yar residential & commercial grid, Hargeisa",9.58078,44.04227,Banks & Financial,bank,Jigjiga Yar,False,Landmark,Bangiyada & Xawaaladaha
wda_xafiiska_adeegga_somtel_telesom__2268,Xafiiska Adeegga Somtel & Telesom ee Qaybta 2268 (Ahmed Dhagax),"Telecommunications branch, SIM registration and fiber service hub in Ahmed Dhagax residential & commercial grid, Hargeisa",9.55833,44.05873,Corporate & Utilities,corporate,Ahmed Dhagax,False,Building2,Shirkadaha & Isgaadhsiinta
wda_xarunta_korontada_sompower_ee_qa_2269,Xarunta Korontada Sompower ee Qaybta 2269 (150 Highway),"District electrical distribution and bill payment center in 150 Highway residential & commercial grid, Hargeisa",9.58539,44.06218,Corporate & Utilities,utility,150 Highway,False,Zap,Korontada & Biyaha
wda_xafiiska_waaxda_dowladda_hoose_e_2270,Xafiiska Waaxda Dowladda Hoose ee Qaybta 2270 (Shaab / Institutional District),"Municipal sub-office and local civic administration center in Shaab / Institutional District residential & commercial grid, Hargeisa",9.56159,44.06479,Government & Civic,government,Shaab / Institutional District,False,Landmark,Hay'adaha Dowladda
wda_maqaayadda_cuntada_hiddaha_dhaqa_2271,Maqaayadda Cuntada Hiddaha & Dhaqanka ee Qaybta 2271 (Maxamed Mooge),"Traditional Somali dishes and family restaurant in Maxamed Mooge residential & commercial grid, Hargeisa",9.52308,44.11267,Restaurants & Cafes,restaurant,Maxamed Mooge,False,Utensils,Maqaayadaha & Kafateeriyada
wda_kafateeriyada_qahwada_casriga_ah_2272,Kafateeriyada & Qahwada Casriga ah ee Qaybta 2272 (New Hargeisa),"Modern coffee house and light dining lounge in New Hargeisa residential & commercial grid, Hargeisa",9.55752,44.10421,Restaurants & Cafes,restaurant,New Hargeisa,False,Utensils,Maqaayadaha & Kafateeriyada
wda_xarunta_ngo_yada_iyo_samafalka_e_2273,Xarunta NGO-yada iyo Samafalka ee Qaybta 2273 (Daami),"Non-governmental development agency & aid office in Daami residential & commercial grid, Hargeisa",9.57796,44.08976,NGOs & Humanitarian,ngo,Daami,False,Globe,Hay'adaha Samafalka (NGOs)
wda_jidka_iyo_wadada_weyn_ee_qaybta__2274,Jidka iyo Wadada Weyn ee Qaybta 2274 (Shiraaqle),"Major paved road corridor and arterial avenue in Shiraaqle residential & commercial grid, Hargeisa",9.56633,44.11073,Roads & Arterials,arterial_road,Shiraaqle,False,Navigation,Waddooyinka & Jidadka
wda_xaafada_deganaanshaha_ee_qaybta__2275,Xaafada Deganaanshaha ee Qaybta 2275 (Koodbuur),"Quiet residential enclave and community living sector in Koodbuur residential & commercial grid, Hargeisa",9.57715,44.05124,Xaafadaha (Districts),neighborhood,Koodbuur,False,Home,Xaafadaha & Degmooyinka
wda_cusbitaalka_gurmadka_caafimaadka_2276,Cusbitaalka Gurmadka Caafimaadka ee Qaybta 2276 (Airport Zone / Masalaha),"Specialized neighborhood clinic & emergency health post in Airport Zone / Masalaha residential & commercial grid, Hargeisa",9.52663,44.10012,Hospitals & Healthcare,hospital,Airport Zone / Masalaha,False,HeartPulse,Cusbitaallada & Rugaha Caafimaadka
wda_rugta_daryeelka_hooyada_dhallaan_2277,Rugta Daryeelka Hooyada & Dhallaanka ee Qaybta 2277 (Kilalka / Sheikh Nuur East),"Maternal and child care dispensary center in Kilalka / Sheikh Nuur East residential & commercial grid, Hargeisa",9.57515,44.10374,Hospitals & Healthcare,hospital,Kilalka / Sheikh Nuur East,False,HeartPulse,Cusbitaallada & Rugaha Caafimaadka
wda_farmasiga_shacabka_caafimaadka_e_2278,Farmasiga Shacabka & Caafimaadka ee Qaybta 2278 (Goljano District),"24/7 community pharmacy and dispensary outpost in Goljano District residential & commercial grid, Hargeisa",9.56128,44.08927,Hospitals & Healthcare,hospital,Goljano District,False,HeartPulse,Cusbitaallada & Rugaha Caafimaadka
wda_dugsiga_hoose_dhexe_ee_waxbarash_2279,Dugsiga Hoose/Dhexe ee Waxbarashada Qaybta 2279 (Biyo Dhacay Area),"Public primary & intermediate school campus in Biyo Dhacay Area residential & commercial grid, Hargeisa",9.55859,44.08179,Schools & Universities,school,Biyo Dhacay Area,False,GraduationCap,Dugsiyada & Waxbarashada
wda_akadeemiyada_casriga_ah_ee_qaybt_2280,Akadeemiyada Casriga ah ee Qaybta 2280 (Xero Awr / Hero Awr),"Modern high school and STEM educational institute in Xero Awr / Hero Awr residential & commercial grid, Hargeisa",9.56898,44.05677,Schools & Universities,school,Xero Awr / Hero Awr,False,GraduationCap,Dugsiyada & Waxbarashada
wda_machadka_tababarka_xirfadaha_ee__2281,Machadka Tababarka Xirfadaha ee Qaybta 2281 (Downtown Waheen),"Vocational and technical training college center in Downtown Waheen residential & commercial grid, Hargeisa",9.56424,44.06217,Schools & Universities,university,Downtown Waheen,False,GraduationCap,Jaamacadaha & Kuliyadaha
wda_masjidka_jaamaca_ee_qaybta_2282__2282,Masjidka Jaamaca ee Qaybta 2282 (Jigjiga Yar),"Congregational Friday mosque with community prayer hall in Jigjiga Yar residential & commercial grid, Hargeisa",9.5808,44.02772,Mosques (Masaajidda),place_of_worship,Jigjiga Yar,False,Moon,Masaajidda
wda_masjidka_al_imaan_ee_qaybta_2283_2283,Masjidka Al-Imaan ee Qaybta 2283 (Ahmed Dhagax),"Neighborhood community mosque and Quranic learning hub in Ahmed Dhagax residential & commercial grid, Hargeisa",9.55836,44.04126,Mosques (Masaajidda),place_of_worship,Ahmed Dhagax,False,Moon,Masaajidda
wda_suuqa_khdaarta_iyo_ganacsiga_ee__2284,Suuqa Khdaarta iyo Ganacsiga ee Qaybta 2284 (150 Highway),"Neighborhood open-air fresh market and commercial trade zone in 150 Highway residential & commercial grid, Hargeisa",9.58542,44.0418,Markets & Malls,mall,150 Highway,False,ShoppingBag,Suuqyada & Xarumaha Ganacsiga
wda_xarunta_ganacsiga_supermarket_ee_2285,Xarunta Ganacsiga & Supermarket ee Qaybta 2285 (Shaab / Institutional District),"Modern multi-store retail grocery and provisions shopping center in Shaab / Institutional District residential & commercial grid, Hargeisa",9.56162,44.0512,Markets & Malls,mall,Shaab / Institutional District,False,ShoppingBag,Suuqyada & Xarumaha Ganacsiga
wda_kaalinta_shidaalka_hass_national_2286,Kaalinta Shidaalka Hass / National ee Qaybta 2286 (Maxamed Mooge),"Service petrol station, diesel dispenser and tire service in Maxamed Mooge residential & commercial grid, Hargeisa",9.52311,44.09132,Fuel Stations (Kaalmaha Shidaalka),fuel,Maxamed Mooge,False,Fuel,Kaalmaha Shidaalka
wda_kaalinta_shidaalka_gaaska_ee_qay_2287,Kaalinta Shidaalka & Gaaska ee Qaybta 2287 (New Hargeisa),"Fuel station and LPG domestic gas distribution depot in New Hargeisa residential & commercial grid, Hargeisa",9.55755,44.08577,Fuel Stations (Kaalmaha Shidaalka),fuel,New Hargeisa,False,Fuel,Kaalmaha Shidaalka
wda_istaanka_gaadiidka_dadweynaha_ee_2288,Istaanka Gaadiidka Dadweynaha ee Qaybta 2288 (Daami),"Minibus terminal and designated passenger pick-and-drop stop in Daami residential & commercial grid, Hargeisa",9.57799,44.07423,Transport & Terminals,transit_station,Daami,False,Navigation,Istaannada & Gaadiidka
wda_isgoyska_weyn_ee_gaadiidka_ee_qa_2289,Isgoyska Weyn ee Gaadiidka ee Qaybta 2289 (Shiraaqle),"Major road intersection and inter-district transit artery in Shiraaqle residential & commercial grid, Hargeisa",9.56636,44.09326,Transport & Terminals,transit_station,Shiraaqle,False,Navigation,Istaannada & Gaadiidka
wda_huteelka_nasashada_martida_ee_qa_2290,Huteelka Nasashada & Martida ee Qaybta 2290 (Koodbuur),"Comfortable guest lodging and family dining restaurant in Koodbuur residential & commercial grid, Hargeisa",9.57718,44.03474,Hotels & Hospitality,hotel,Koodbuur,False,Hotel,Huteellada & Martida
wda_laanta_zaad_dahabshiil_ee_qaybta_2291,Laanta ZAAD & Dahabshiil ee Qaybta 2291 (Airport Zone / Masalaha),"Banking kiosk, e-remittance and ZAAD cash-in center in Airport Zone / Masalaha residential & commercial grid, Hargeisa",9.52667,44.07586,Banks & Financial,bank,Airport Zone / Masalaha,False,Landmark,Bangiyada & Xawaaladaha
wda_laanta_taaj_edahab_express_ee_qa_2292,Laanta TAAJ & Edahab Express ee Qaybta 2292 (Kilalka / Sheikh Nuur East),"Financial services, money transfer and remittance desk in Kilalka / Sheikh Nuur East residential & commercial grid, Hargeisa",9.57518,44.08724,Banks & Financial,bank,Kilalka / Sheikh Nuur East,False,Landmark,Bangiyada & Xawaaladaha
wda_xafiiska_adeegga_somtel_telesom__2293,Xafiiska Adeegga Somtel & Telesom ee Qaybta 2293 (Goljano District),"Telecommunications branch, SIM registration and fiber service hub in Goljano District residential & commercial grid, Hargeisa",9.5613,44.07472,Corporate & Utilities,corporate,Goljano District,False,Building2,Shirkadaha & Isgaadhsiinta
wda_xarunta_korontada_sompower_ee_qa_2294,Xarunta Korontada Sompower ee Qaybta 2294 (Biyo Dhacay Area),"District electrical distribution and bill payment center in Biyo Dhacay Area residential & commercial grid, Hargeisa",9.55862,44.0682,Corporate & Utilities,utility,Biyo Dhacay Area,False,Zap,Korontada & Biyaha
wda_xafiiska_waaxda_dowladda_hoose_e_2295,Xafiiska Waaxda Dowladda Hoose ee Qaybta 2295 (Xero Awr / Hero Awr),"Municipal sub-office and local civic administration center in Xero Awr / Hero Awr residential & commercial grid, Hargeisa",9.569,44.04222,Government & Civic,government,Xero Awr / Hero Awr,False,Landmark,Hay'adaha Dowladda
wda_maqaayadda_cuntada_hiddaha_dhaqa_2296,Maqaayadda Cuntada Hiddaha & Dhaqanka ee Qaybta 2296 (Downtown Waheen),"Traditional Somali dishes and family restaurant in Downtown Waheen residential & commercial grid, Hargeisa",9.55645,44.07077,Restaurants & Cafes,restaurant,Downtown Waheen,False,Utensils,Maqaayadaha & Kafateeriyada
wda_kafateeriyada_qahwada_casriga_ah_2297,Kafateeriyada & Qahwada Casriga ah ee Qaybta 2297 (Jigjiga Yar),"Modern coffee house and light dining lounge in Jigjiga Yar residential & commercial grid, Hargeisa",9.57107,44.03846,Restaurants & Cafes,restaurant,Jigjiga Yar,False,Utensils,Maqaayadaha & Kafateeriyada
wda_xarunta_ngo_yada_iyo_samafalka_e_2298,Xarunta NGO-yada iyo Samafalka ee Qaybta 2298 (Ahmed Dhagax),"Non-governmental development agency & aid office in Ahmed Dhagax residential & commercial grid, Hargeisa",9.54668,44.05415,NGOs & Humanitarian,ngo,Ahmed Dhagax,False,Globe,Hay'adaha Samafalka (NGOs)
wda_jidka_iyo_wadada_weyn_ee_qaybta__2299,Jidka iyo Wadada Weyn ee Qaybta 2299 (150 Highway),"Major paved road corridor and arterial avenue in 150 Highway residential & commercial grid, Hargeisa",9.57179,44.05684,Roads & Arterials,arterial_road,150 Highway,False,Navigation,Waddooyinka & Jidadka
wda_xaafada_deganaanshaha_ee_qaybta__2300,Xaafada Deganaanshaha ee Qaybta 2300 (Shaab / Institutional District),"Quiet residential enclave and community living sector in Shaab / Institutional District residential & commercial grid, Hargeisa",9.55253,44.06123,Xaafadaha (Districts),neighborhood,Shaab / Institutional District,False,Home,Xaafadaha & Degmooyinka
wda_cusbitaalka_gurmadka_caafimaadka_2301,Cusbitaalka Gurmadka Caafimaadka ee Qaybta 2301 (Maxamed Mooge),"Specialized neighborhood clinic & emergency health post in Maxamed Mooge residential & commercial grid, Hargeisa",9.50883,44.10707,Hospitals & Healthcare,hospital,Maxamed Mooge,False,HeartPulse,Cusbitaallada & Rugaha Caafimaadka
wda_rugta_daryeelka_hooyada_dhallaan_2302,Rugta Daryeelka Hooyada & Dhallaanka ee Qaybta 2302 (New Hargeisa),"Maternal and child care dispensary center in New Hargeisa residential & commercial grid, Hargeisa",9.54522,44.09938,Hospitals & Healthcare,hospital,New Hargeisa,False,HeartPulse,Cusbitaallada & Rugaha Caafimaadka
wda_farmasiga_shacabka_caafimaadka_e_2303,Farmasiga Shacabka & Caafimaadka ee Qaybta 2303 (Daami),"24/7 community pharmacy and dispensary outpost in Daami residential & commercial grid, Hargeisa",9.5676,44.08569,Hospitals & Healthcare,hospital,Daami,False,HeartPulse,Cusbitaallada & Rugaha Caafimaadka
wda_dugsiga_hoose_dhexe_ee_waxbarash_2304,Dugsiga Hoose/Dhexe ee Waxbarashada Qaybta 2304 (Shiraaqle),"Public primary & intermediate school campus in Shiraaqle residential & commercial grid, Hargeisa",9.55468,44.10615,Schools & Universities,school,Shiraaqle,False,GraduationCap,Dugsiyada & Waxbarashada
wda_akadeemiyada_casriga_ah_ee_qaybt_2305,Akadeemiyada Casriga ah ee Qaybta 2305 (Koodbuur),"Modern high school and STEM educational institute in Koodbuur residential & commercial grid, Hargeisa",9.56614,44.04692,Schools & Universities,school,Koodbuur,False,GraduationCap,Dugsiyada & Waxbarashada
wda_machadka_tababarka_xirfadaha_ee__2306,Machadka Tababarka Xirfadaha ee Qaybta 2306 (Airport Zone / Masalaha),"Vocational and technical training college center in Airport Zone / Masalaha residential & commercial grid, Hargeisa",9.51044,44.09377,Schools & Universities,university,Airport Zone / Masalaha,False,GraduationCap,Jaamacadaha & Kuliyadaha
wda_masjidka_jaamaca_ee_qaybta_2307__2307,Masjidka Jaamaca ee Qaybta 2307 (Kilalka / Sheikh Nuur East),"Congregational Friday mosque with community prayer hall in Kilalka / Sheikh Nuur East residential & commercial grid, Hargeisa",9.56414,44.09942,Mosques (Masaajidda),place_of_worship,Kilalka / Sheikh Nuur East,False,Moon,Masaajidda
wda_masjidka_al_imaan_ee_qaybta_2308_2308,Masjidka Al-Imaan ee Qaybta 2308 (Goljano District),"Neighborhood community mosque and Quranic learning hub in Goljano District residential & commercial grid, Hargeisa",9.55157,44.08546,Mosques (Masaajidda),place_of_worship,Goljano District,False,Moon,Masaajidda
wda_suuqa_khdaarta_iyo_ganacsiga_ee__2309,Suuqa Khdaarta iyo Ganacsiga ee Qaybta 2309 (Biyo Dhacay Area),"Neighborhood open-air fresh market and commercial trade zone in Biyo Dhacay Area residential & commercial grid, Hargeisa",9.54953,44.07823,Markets & Malls,mall,Biyo Dhacay Area,False,ShoppingBag,Suuqyada & Xarumaha Ganacsiga
wda_xarunta_ganacsiga_supermarket_ee_2310,Xarunta Ganacsiga & Supermarket ee Qaybta 2310 (Xero Awr / Hero Awr),"Modern multi-store retail grocery and provisions shopping center in Xero Awr / Hero Awr residential & commercial grid, Hargeisa",9.55927,44.05296,Markets & Malls,mall,Xero Awr / Hero Awr,False,ShoppingBag,Suuqyada & Xarumaha Ganacsiga
wda_kaalinta_shidaalka_hass_national_2311,Kaalinta Shidaalka Hass / National ee Qaybta 2311 (Downtown Waheen),"Service petrol station, diesel dispenser and tire service in Downtown Waheen residential & commercial grid, Hargeisa",9.56795,44.06976,Fuel Stations (Kaalmaha Shidaalka),fuel,Downtown Waheen,False,Fuel,Kaalmaha Shidaalka
wda_kaalinta_shidaalka_gaaska_ee_qay_2312,Kaalinta Shidaalka & Gaaska ee Qaybta 2312 (Jigjiga Yar),"Fuel station and LPG domestic gas distribution depot in Jigjiga Yar residential & commercial grid, Hargeisa",9.58544,44.0372,Fuel Stations (Kaalmaha Shidaalka),fuel,Jigjiga Yar,False,Fuel,Kaalmaha Shidaalka
wda_istaanka_gaadiidka_dadweynaha_ee_2313,Istaanka Gaadiidka Dadweynaha ee Qaybta 2313 (Ahmed Dhagax),"Minibus terminal and designated passenger pick-and-drop stop in Ahmed Dhagax residential & commercial grid, Hargeisa",9.56392,44.05265,Transport & Terminals,transit_station,Ahmed Dhagax,False,Navigation,Istaannada & Gaadiidka
wda_isgoyska_weyn_ee_gaadiidka_ee_qa_2314,Isgoyska Weyn ee Gaadiidka ee Qaybta 2314 (150 Highway),"Major road intersection and inter-district transit artery in 150 Highway residential & commercial grid, Hargeisa",9.59191,44.05509,Transport & Terminals,transit_station,150 Highway,False,Navigation,Istaannada & Gaadiidka
wda_huteelka_nasashada_martida_ee_qa_2315,Huteelka Nasashada & Martida ee Qaybta 2315 (Shaab / Institutional District),"Comfortable guest lodging and family dining restaurant in Shaab / Institutional District residential & commercial grid, Hargeisa",9.56594,44.06006,Hotels & Hospitality,hotel,Shaab / Institutional District,False,Hotel,Huteellada & Martida
wda_laanta_zaad_dahabshiil_ee_qaybta_2316,Laanta ZAAD & Dahabshiil ee Qaybta 2316 (Maxamed Mooge),"Banking kiosk, e-remittance and ZAAD cash-in center in Maxamed Mooge residential & commercial grid, Hargeisa",9.52991,44.10523,Banks & Financial,bank,Maxamed Mooge,False,Landmark,Bangiyada & Xawaaladaha
wda_laanta_taaj_edahab_express_ee_qa_2317,Laanta TAAJ & Edahab Express ee Qaybta 2317 (New Hargeisa),"Financial services, money transfer and remittance desk in New Hargeisa residential & commercial grid, Hargeisa",9.56342,44.09779,Banks & Financial,bank,New Hargeisa,False,Landmark,Bangiyada & Xawaaladaha
wda_xafiiska_adeegga_somtel_telesom__2318,Xafiiska Adeegga Somtel & Telesom ee Qaybta 2318 (Daami),"Telecommunications branch, SIM registration and fiber service hub in Daami residential & commercial grid, Hargeisa",9.58293,44.08435,Corporate & Utilities,corporate,Daami,False,Building2,Shirkadaha & Isgaadhsiinta
wda_xarunta_korontada_sompower_ee_qa_2319,Xarunta Korontada Sompower ee Qaybta 2319 (Shiraaqle),"District electrical distribution and bill payment center in Shiraaqle residential & commercial grid, Hargeisa",9.57192,44.10465,Corporate & Utilities,utility,Shiraaqle,False,Zap,Korontada & Biyaha
wda_xafiiska_waaxda_dowladda_hoose_e_2320,Xafiiska Waaxda Dowladda Hoose ee Qaybta 2320 (Koodbuur),"Municipal sub-office and local civic administration center in Koodbuur residential & commercial grid, Hargeisa",9.58243,44.0455,Government & Civic,government,Koodbuur,False,Landmark,Hay'adaha Dowladda
wda_maqaayadda_cuntada_hiddaha_dhaqa_2321,Maqaayadda Cuntada Hiddaha & Dhaqanka ee Qaybta 2321 (Airport Zone / Masalaha),"Traditional Somali dishes and family restaurant in Airport Zone / Masalaha residential & commercial grid, Hargeisa",9.53439,44.09167,Restaurants & Cafes,restaurant,Airport Zone / Masalaha,False,Utensils,Maqaayadaha & Kafateeriyada
wda_kafateeriyada_qahwada_casriga_ah_2322,Kafateeriyada & Qahwada Casriga ah ee Qaybta 2322 (Kilalka / Sheikh Nuur East),"Modern coffee house and light dining lounge in Kilalka / Sheikh Nuur East residential & commercial grid, Hargeisa",9.58043,44.098,Restaurants & Cafes,restaurant,Kilalka / Sheikh Nuur East,False,Utensils,Maqaayadaha & Kafateeriyada
wda_xarunta_ngo_yada_iyo_samafalka_e_2323,Xarunta NGO-yada iyo Samafalka ee Qaybta 2323 (Goljano District),"Non-governmental development agency & aid office in Goljano District residential & commercial grid, Hargeisa",9.56594,44.0842,NGOs & Humanitarian,ngo,Goljano District,False,Globe,Hay'adaha Samafalka (NGOs)
wda_jidka_iyo_wadada_weyn_ee_qaybta__2324,Jidka iyo Wadada Weyn ee Qaybta 2324 (Biyo Dhacay Area),"Major paved road corridor and arterial avenue in Biyo Dhacay Area residential & commercial grid, Hargeisa",9.56294,44.07706,Roads & Arterials,arterial_road,Biyo Dhacay Area,False,Navigation,Waddooyinka & Jidadka
wda_xaafada_deganaanshaha_ee_qaybta__2325,Xaafada Deganaanshaha ee Qaybta 2325 (Xero Awr / Hero Awr),"Quiet residential enclave and community living sector in Xero Awr / Hero Awr residential & commercial grid, Hargeisa",9.57364,44.0517,Xaafadaha (Districts),neighborhood,Xero Awr / Hero Awr,False,Home,Xaafadaha & Degmooyinka
wda_cusbitaalka_gurmadka_caafimaadka_2326,Cusbitaalka Gurmadka Caafimaadka ee Qaybta 2326 (Downtown Waheen),"Specialized neighborhood clinic & emergency health post in Downtown Waheen residential & commercial grid, Hargeisa",9.55878,44.06261,Hospitals & Healthcare,hospital,Downtown Waheen,False,HeartPulse,Cusbitaallada & Rugaha Caafimaadka
wda_rugta_daryeelka_hooyada_dhallaan_2327,Rugta Daryeelka Hooyada & Dhallaanka ee Qaybta 2327 (Jigjiga Yar),"Maternal and child care dispensary center in Jigjiga Yar residential & commercial grid, Hargeisa",9.57398,44.02826,Hospitals & Healthcare,hospital,Jigjiga Yar,False,HeartPulse,Cusbitaallada & Rugaha Caafimaadka
wda_farmasiga_shacabka_caafimaadka_e_2328,Farmasiga Shacabka & Caafimaadka ee Qaybta 2328 (Ahmed Dhagax),"24/7 community pharmacy and dispensary outpost in Ahmed Dhagax residential & commercial grid, Hargeisa",9.55017,44.04192,Hospitals & Healthcare,hospital,Ahmed Dhagax,False,HeartPulse,Cusbitaallada & Rugaha Caafimaadka
wda_dugsiga_hoose_dhexe_ee_waxbarash_2329,Dugsiga Hoose/Dhexe ee Waxbarashada Qaybta 2329 (150 Highway),"Public primary & intermediate school campus in 150 Highway residential & commercial grid, Hargeisa",9.57587,44.04257,Schools & Universities,school,150 Highway,False,GraduationCap,Dugsiyada & Waxbarashada
wda_akadeemiyada_casriga_ah_ee_qaybt_2330,Akadeemiyada Casriga ah ee Qaybta 2330 (Shaab / Institutional District),"Modern high school and STEM educational institute in Shaab / Institutional District residential & commercial grid, Hargeisa",9.55524,44.05171,Schools & Universities,school,Shaab / Institutional District,False,GraduationCap,Dugsiyada & Waxbarashada
wda_machadka_tababarka_xirfadaha_ee__2331,Machadka Tababarka Xirfadaha ee Qaybta 2331 (Maxamed Mooge),"Vocational and technical training college center in Maxamed Mooge residential & commercial grid, Hargeisa",9.5131,44.09212,Schools & Universities,university,Maxamed Mooge,False,GraduationCap,Jaamacadaha & Kuliyadaha
wda_masjidka_jaamaca_ee_qaybta_2332__2332,Masjidka Jaamaca ee Qaybta 2332 (New Hargeisa),"Congregational Friday mosque with community prayer hall in New Hargeisa residential & commercial grid, Hargeisa",9.5489,44.08647,Mosques (Masaajidda),place_of_worship,New Hargeisa,False,Moon,Masaajidda
wda_masjidka_al_imaan_ee_qaybta_2333_2333,Masjidka Al-Imaan ee Qaybta 2333 (Daami),"Neighborhood community mosque and Quranic learning hub in Daami residential & commercial grid, Hargeisa",9.57071,44.07482,Mosques (Masaajidda),place_of_worship,Daami,False,Moon,Masaajidda
wda_suuqa_khdaarta_iyo_ganacsiga_ee__2334,Suuqa Khdaarta iyo Ganacsiga ee Qaybta 2334 (Shiraaqle),"Neighborhood open-air fresh market and commercial trade zone in Shiraaqle residential & commercial grid, Hargeisa",9.55817,44.09392,Markets & Malls,mall,Shiraaqle,False,ShoppingBag,Suuqyada & Xarumaha Ganacsiga
wda_xarunta_ganacsiga_supermarket_ee_2335,Xarunta Ganacsiga & Supermarket ee Qaybta 2335 (Koodbuur),"Modern multi-store retail grocery and provisions shopping center in Koodbuur residential & commercial grid, Hargeisa",9.56944,44.03537,Markets & Malls,mall,Koodbuur,False,ShoppingBag,Suuqyada & Xarumaha Ganacsiga
wda_kaalinta_shidaalka_hass_national_2336,Kaalinta Shidaalka Hass / National ee Qaybta 2336 (Airport Zone / Masalaha),"Service petrol station, diesel dispenser and tire service in Airport Zone / Masalaha residential & commercial grid, Hargeisa",9.51529,44.07678,Fuel Stations (Kaalmaha Shidaalka),fuel,Airport Zone / Masalaha,False,Fuel,Kaalmaha Shidaalka
wda_kaalinta_shidaalka_gaaska_ee_qay_2337,Kaalinta Shidaalka & Gaaska ee Qaybta 2337 (Kilalka / Sheikh Nuur East),"Fuel station and LPG domestic gas distribution depot in Kilalka / Sheikh Nuur East residential & commercial grid, Hargeisa",9.56744,44.08787,Fuel Stations (Kaalmaha Shidaalka),fuel,Kilalka / Sheikh Nuur East,False,Fuel,Kaalmaha Shidaalka
wda_istaanka_gaadiidka_dadweynaha_ee_2338,Istaanka Gaadiidka Dadweynaha ee Qaybta 2338 (Goljano District),"Minibus terminal and designated passenger pick-and-drop stop in Goljano District residential & commercial grid, Hargeisa",9.55448,44.07526,Transport & Terminals,transit_station,Goljano District,False,Navigation,Istaannada & Gaadiidka
wda_isgoyska_weyn_ee_gaadiidka_ee_qa_2339,Isgoyska Weyn ee Gaadiidka ee Qaybta 2339 (Biyo Dhacay Area),"Major road intersection and inter-district transit artery in Biyo Dhacay Area residential & commercial grid, Hargeisa",9.55224,44.06871,Transport & Terminals,transit_station,Biyo Dhacay Area,False,Navigation,Istaannada & Gaadiidka
wda_huteelka_nasashada_martida_ee_qa_2340,Huteelka Nasashada & Martida ee Qaybta 2340 (Xero Awr / Hero Awr),"Comfortable guest lodging and family dining restaurant in Xero Awr / Hero Awr residential & commercial grid, Hargeisa",9.56218,44.04276,Hotels & Hospitality,hotel,Xero Awr / Hero Awr,False,Hotel,Huteellada & Martida
wda_laanta_zaad_dahabshiil_ee_qaybta_2341,Laanta ZAAD & Dahabshiil ee Qaybta 2341 (Downtown Waheen),"Banking kiosk, e-remittance and ZAAD cash-in center in Downtown Waheen residential & commercial grid, Hargeisa",9.56078,44.07419,Banks & Financial,bank,Downtown Waheen,False,Landmark,Bangiyada & Xawaaladaha
wda_laanta_taaj_edahab_express_ee_qa_2342,Laanta TAAJ & Edahab Express ee Qaybta 2342 (Jigjiga Yar),"Financial services, money transfer and remittance desk in Jigjiga Yar residential & commercial grid, Hargeisa",9.57648,44.04274,Banks & Financial,bank,Jigjiga Yar,False,Landmark,Bangiyada & Xawaaladaha
wda_xafiiska_adeegga_somtel_telesom__2343,Xafiiska Adeegga Somtel & Telesom ee Qaybta 2343 (Ahmed Dhagax),"Telecommunications branch, SIM registration and fiber service hub in Ahmed Dhagax residential & commercial grid, Hargeisa",9.55317,44.05929,Corporate & Utilities,corporate,Ahmed Dhagax,False,Building2,Shirkadaha & Isgaadhsiinta
wda_xarunta_korontada_sompower_ee_qa_2344,Xarunta Korontada Sompower ee Qaybta 2344 (150 Highway),"District electrical distribution and bill payment center in 150 Highway residential & commercial grid, Hargeisa",9.57937,44.06284,Corporate & Utilities,utility,150 Highway,False,Zap,Korontada & Biyaha
wda_xafiiska_waaxda_dowladda_hoose_e_2345,Xafiiska Waaxda Dowladda Hoose ee Qaybta 2345 (Shaab / Institutional District),"Municipal sub-office and local civic administration center in Shaab / Institutional District residential & commercial grid, Hargeisa",9.55758,44.06523,Government & Civic,government,Shaab / Institutional District,False,Landmark,Hay'adaha Dowladda
wda_maqaayadda_cuntada_hiddaha_dhaqa_2346,Maqaayadda Cuntada Hiddaha & Dhaqanka ee Qaybta 2346 (Maxamed Mooge),"Traditional Somali dishes and family restaurant in Maxamed Mooge residential & commercial grid, Hargeisa",9.51677,44.11335,Restaurants & Cafes,restaurant,Maxamed Mooge,False,Utensils,Maqaayadaha & Kafateeriyada
wda_kafateeriyada_qahwada_casriga_ah_2347,Kafateeriyada & Qahwada Casriga ah ee Qaybta 2347 (New Hargeisa),"Modern coffee house and light dining lounge in New Hargeisa residential & commercial grid, Hargeisa",9.55207,44.10481,Restaurants & Cafes,restaurant,New Hargeisa,False,Utensils,Maqaayadaha & Kafateeriyada
wda_xarunta_ngo_yada_iyo_samafalka_e_2348,Xarunta NGO-yada iyo Samafalka ee Qaybta 2348 (Daami),"Non-governmental development agency & aid office in Daami residential & commercial grid, Hargeisa",9.57338,44.09026,NGOs & Humanitarian,ngo,Daami,False,Globe,Hay'adaha Samafalka (NGOs)
wda_jidka_iyo_wadada_weyn_ee_qaybta__2349,Jidka iyo Wadada Weyn ee Qaybta 2349 (Shiraaqle),"Major paved road corridor and arterial avenue in Shiraaqle residential & commercial grid, Hargeisa",9.56117,44.11129,Roads & Arterials,arterial_road,Shiraaqle,False,Navigation,Waddooyinka & Jidadka
